candidate_id,player,archive_date,archive_game,stat,side,line,classification,candidate_count,top_candidate_date,top_candidate_game,top_candidate_game_id,top_evidence_score,top_evidence
2026-07-15|sabrina ionescu|new york liberty @ dallas wings|ast|under|5.5||-167.67,Sabrina Ionescu,2026-07-15,New York Liberty @ Dallas Wings,AST,UNDER,5.5,low_confidence,5,2026-07-20,Liberty @ Wings,401892393,40,"matchup tokens: liberty, wings"
2026-07-15|kamilla cardoso|seattle storm @ chicago sky|reb|under|8.5||-103.67,Kamilla Cardoso,2026-07-15,Seattle Storm @ Chicago Sky,REB,UNDER,8.5,ambiguous_tie,5,2026-07-17,Sparks @ Sky,401857075,30,matchup tokens: sky | +2 day date drift
2026-07-15|azzi fudd|new york liberty @ dallas wings|pa|under|16.5||-116.5,Azzi Fudd,2026-07-15,New York Liberty @ Dallas Wings,PA,UNDER,16.5,low_confidence,5,2026-07-20,Liberty @ Wings,401892393,40,"matchup tokens: liberty, wings"
2026-07-15|kamilla cardoso|seattle storm @ chicago sky|ra|under|11.5||-119.5,Kamilla Cardoso,2026-07-15,Seattle Storm @ Chicago Sky,RA,UNDER,11.5,ambiguous_tie,5,2026-07-17,Sparks @ Sky,401857075,30,matchup tokens: sky | +2 day date drift
2026-07-15|paige bueckers|new york liberty @ dallas wings|ast|under|6.5||-142.0,Paige Bueckers,2026-07-15,New York Liberty @ Dallas Wings,AST,UNDER,6.5,low_confidence,4,2026-07-12,Wings @ Sky,401857062,30,matchup tokens: wings | -3 day date drift
2026-07-15|kamilla cardoso|seattle storm @ chicago sky|pra|under|26.5||-121.5,Kamilla Cardoso,2026-07-15,Seattle Storm @ Chicago Sky,PRA,UNDER,26.5,ambiguous_tie,5,2026-07-17,Sparks @ Sky,401857075,30,matchup tokens: sky | +2 day date drift
2026-07-15|kamilla cardoso|seattle storm @ chicago sky|pr|under|23.5||-113.5,Kamilla Cardoso,2026-07-15,Seattle Storm @ Chicago Sky,PR,UNDER,23.5,ambiguous_tie,5,2026-07-17,Sparks @ Sky,401857075,30,matchup tokens: sky | +2 day date drift
2026-07-16|sabrina ionescu|new york liberty @ dallas wings|ast|under|5.5||-165.67,Sabrina Ionescu,2026-07-16,New York Liberty @ Dallas Wings,AST,UNDER,5.5,low_confidence,5,2026-07-20,Liberty @ Wings,401892393,40,"matchup tokens: liberty, wings"
2026-07-16|azzi fudd|new york liberty @ dallas wings|pts|under|14.5||-116.0,Azzi Fudd,2026-07-16,New York Liberty @ Dallas Wings,PTS,UNDER,14.5,low_confidence,5,2026-07-20,Liberty @ Wings,401892393,40,"matchup tokens: liberty, wings"
2026-07-16|azzi fudd|new york liberty @ dallas wings|pa|under|16.5||-105.5,Azzi Fudd,2026-07-16,New York Liberty @ Dallas Wings,PA,UNDER,16.5,low_confidence,5,2026-07-20,Liberty @ Wings,401892393,40,"matchup tokens: liberty, wings"
2026-07-16|paige bueckers|new york liberty @ dallas wings|ast|under|6.5||-131.33,Paige Bueckers,2026-07-16,New York Liberty @ Dallas Wings,AST,UNDER,6.5,low_confidence,4,2026-07-19,Sparks @ Wings,401857080,30,matchup tokens: wings | +3 day date drift
2026-07-19|janelle salaun|washington mystics @ golden state valkyries|3pm|over|1.5||-184.0,Janelle Salaun,2026-07-19,Washington Mystics @ Golden State Valkyries,3PM,OVER,1.5,ambiguous_tie,3,2026-07-20,Mystics @ Valkyries,401857084,60,"matchup tokens: mystics, valkyries | adjacent date"
2026-07-19|shakira austin|washington mystics @ golden state valkyries|pra|over|25.5||-122.0,Shakira Austin,2026-07-19,Washington Mystics @ Golden State Valkyries,PRA,OVER,25.5,ambiguous_tie,6,2026-07-20,Mystics @ Valkyries,401857084,60,"matchup tokens: mystics, valkyries | adjacent date"
2026-07-19|shakira austin|washington mystics @ golden state valkyries|pr|over|22.5||-130.0,Shakira Austin,2026-07-19,Washington Mystics @ Golden State Valkyries,PR,OVER,22.5,ambiguous_tie,6,2026-07-20,Mystics @ Valkyries,401857084,60,"matchup tokens: mystics, valkyries | adjacent date"
2026-07-19|janelle salaun|washington mystics @ golden state valkyries|3pm|over|1.5||-177.0,Janelle Salaun,2026-07-19,Washington Mystics @ Golden State Valkyries,3PM,OVER,1.5,ambiguous_tie,3,2026-07-20,Mystics @ Valkyries,401857084,60,"matchup tokens: mystics, valkyries | adjacent date"
2026-07-19|shakira austin|washington mystics @ golden state valkyries|pra|over|25.5||-128.0,Shakira Austin,2026-07-19,Washington Mystics @ Golden State Valkyries,PRA,OVER,25.5,ambiguous_tie,6,2026-07-20,Mystics @ Valkyries,401857084,60,"matchup tokens: mystics, valkyries | adjacent date"
2026-07-21|kayla mcbride|minnesota lynx @ seattle storm|ast|under|2.5||-186.0,Kayla McBride,2026-07-21,Minnesota Lynx @ Seattle Storm,AST,UNDER,2.5,ambiguous_tie,5,2026-07-22,Lynx @ Storm,401857087,60,"matchup tokens: lynx, storm | adjacent date"
2026-07-21|natisha hiedeman|minnesota lynx @ seattle storm|3pm|under|2.5||-197.0,Natisha Hiedeman,2026-07-21,Minnesota Lynx @ Seattle Storm,3PM,UNDER,2.5,ambiguous_tie,5,2026-07-22,Lynx @ Storm,401857087,60,"matchup tokens: lynx, storm | adjacent date"
2026-07-21|natasha howard|minnesota lynx @ seattle storm|ast|over|2.5||-168.75,Natasha Howard,2026-07-21,Minnesota Lynx @ Seattle Storm,AST,OVER,2.5,ambiguous_tie,6,2026-07-22,Lynx @ Storm,401857087,60,"matchup tokens: lynx, storm | adjacent date"
2026-07-21|courtney williams|minnesota lynx @ seattle storm|3pm|under|1.5||-201.5,Courtney Williams,2026-07-21,Minnesota Lynx @ Seattle Storm,3PM,UNDER,1.5,ambiguous_tie,6,2026-07-22,Lynx @ Storm,401857087,60,"matchup tokens: lynx, storm | adjacent date"
2026-07-21|natasha howard|minnesota lynx @ seattle storm|pr|under|23.5||-121.5,Natasha Howard,2026-07-21,Minnesota Lynx @ Seattle Storm,PR,UNDER,23.5,ambiguous_tie,6,2026-07-22,Lynx @ Storm,401857087,60,"matchup tokens: lynx, storm | adjacent date"
2026-07-21|kayla mcbride|minnesota lynx @ seattle storm|reb|under|3.5||-179.5,Kayla McBride,2026-07-21,Minnesota Lynx @ Seattle Storm,REB,UNDER,3.5,ambiguous_tie,5,2026-07-22,Lynx @ Storm,401857087,60,"matchup tokens: lynx, storm | adjacent date"
2026-07-21|natasha howard|minnesota lynx @ seattle storm|pra|under|26.5||-118.33,Natasha Howard,2026-07-21,Minnesota Lynx @ Seattle Storm,PRA,UNDER,26.5,ambiguous_tie,6,2026-07-22,Lynx @ Storm,401857087,60,"matchup tokens: lynx, storm | adjacent date"
2026-07-21|natisha hiedeman|minnesota lynx @ seattle storm|3pm|under|1.5||144.0,Natisha Hiedeman,2026-07-21,Minnesota Lynx @ Seattle Storm,3PM,UNDER,1.5,ambiguous_tie,5,2026-07-22,Lynx @ Storm,401857087,60,"matchup tokens: lynx, storm | adjacent date"
2026-07-21|natisha hiedeman|minnesota lynx @ seattle storm|pr|under|17.5||-127.5,Natisha Hiedeman,2026-07-21,Minnesota Lynx @ Seattle Storm,PR,UNDER,17.5,ambiguous_tie,5,2026-07-22,Lynx @ Storm,401857087,60,"matchup tokens: lynx, storm | adjacent date"
2026-07-21|courtney williams|minnesota lynx @ seattle storm|reb|under|4.5||-107.0,Courtney Williams,2026-07-21,Minnesota Lynx @ Seattle Storm,REB,UNDER,4.5,ambiguous_tie,6,2026-07-22,Lynx @ Storm,401857087,60,"matchup tokens: lynx, storm | adjacent date"
2026-07-22|megan gustafson|dallas wings @ portland fire|reb|under|4.5||-151.5,Megan Gustafson,2026-07-22,Dallas Wings @ Portland Fire,REB,UNDER,4.5,no_nearby_actual,0,,,,,
2026-07-26|nalyssa smith|portland fire @ las vegas aces|reb|under|5.5||-125.0,NaLyssa Smith,2026-07-26,Portland Fire @ Las Vegas Aces,REB,UNDER,5.5,ambiguous_tie,3,2026-07-30,Liberty @ Aces,401857101,20,matchup tokens: aces
2026-07-27|nalyssa smith|portland fire @ las vegas aces|reb|under|5.5||-127.5,NaLyssa Smith,2026-07-27,Portland Fire @ Las Vegas Aces,REB,UNDER,5.5,low_confidence,3,2026-07-30,Liberty @ Aces,401857101,30,matchup tokens: aces | +3 day date drift
2026-07-28|isabelle harrison|toronto tempo @ minnesota lynx|ast|under|2.5||-204.0,Isabelle Harrison,2026-07-28,Toronto Tempo @ Minnesota Lynx,AST,UNDER,2.5,no_nearby_actual,0,,,,,
2026-07-28|nalyssa smith|portland fire @ las vegas aces|reb|under|5.5||-133.0,NaLyssa Smith,2026-07-28,Portland Fire @ Las Vegas Aces,REB,UNDER,5.5,low_confidence,2,2026-07-30,Liberty @ Aces,401857101,30,matchup tokens: aces | +2 day date drift
2026-07-29|courtney williams|minnesota lynx @ toronto tempo|ast|over|3.5||-163.0,Courtney Williams,2026-07-29,Minnesota Lynx @ Toronto Tempo,AST,OVER,3.5,ambiguous_tie,4,2026-07-30,Lynx @ Tempo,401857099,60,"matchup tokens: lynx, tempo | adjacent date"
2026-07-29|azura stevens|connecticut sun @ chicago sky|ra|over|9.5||-118.0,Azura Stevens,2026-07-29,Connecticut Sun @ Chicago Sky,RA,OVER,9.5,low_confidence,1,2026-07-22,Sky @ Liberty,401857088,20,matchup tokens: sky
2026-07-29|courtney williams|minnesota lynx @ toronto tempo|pr|under|15.5||-110.0,Courtney Williams,2026-07-29,Minnesota Lynx @ Toronto Tempo,PR,UNDER,15.5,ambiguous_tie,4,2026-07-30,Lynx @ Tempo,401857099,60,"matchup tokens: lynx, tempo | adjacent date"
2026-07-30|dominique malonga|seattle storm @ atlanta dream|reb|over|7.5||-131.75,Dominique Malonga,2026-07-30,Seattle Storm @ Atlanta Dream,REB,OVER,7.5,low_confidence,1,2026-07-25,TEAM SPOON @ TEAM COOP,401857320,0,
2026-07-30|aliyah boston|indiana fever @ portland fire|ra|under|11.5||-108.0,Aliyah Boston,2026-07-30,Indiana Fever @ Portland Fire,RA,UNDER,11.5,low_confidence,2,2026-07-28,Fever @ Storm,401857094,30,matchup tokens: fever | -2 day date drift
2026-07-30|dominique malonga|seattle storm @ atlanta dream|ra|over|9.5||-130.0,Dominique Malonga,2026-07-30,Seattle Storm @ Atlanta Dream,RA,OVER,9.5,low_confidence,1,2026-07-25,TEAM SPOON @ TEAM COOP,401857320,0,
2026-07-30|bridget carleton|indiana fever @ portland fire|ra|over|5.5||-158.0,Bridget Carleton,2026-07-30,Indiana Fever @ Portland Fire,RA,OVER,5.5,low_confidence,1,2026-07-28,Fire @ Aces,401857095,30,matchup tokens: fire | -2 day date drift
2026-07-30|aliyah boston|indiana fever @ portland fire|reb|under|8.5||-127.75,Aliyah Boston,2026-07-30,Indiana Fever @ Portland Fire,REB,UNDER,8.5,low_confidence,2,2026-07-28,Fever @ Storm,401857094,30,matchup tokens: fever | -2 day date drift
2026-07-30|aliyah boston|indiana fever @ portland fire|3pm|under|1.5||-270.0,Aliyah Boston,2026-07-30,Indiana Fever @ Portland Fire,3PM,UNDER,1.5,low_confidence,2,2026-07-28,Fever @ Storm,401857094,30,matchup tokens: fever | -2 day date drift
2026-07-31|brionna jones|seattle storm @ atlanta dream|pts|under|11.5||-137.0,Brionna Jones,2026-07-31,Seattle Storm @ Atlanta Dream,PTS,UNDER,11.5,low_confidence,1,2026-07-29,Dream @ Wings,401857097,30,matchup tokens: dream | -2 day date drift
2026-07-31|caitlin clark|indiana fever @ portland fire|ra|under|13.5||-140.5,Caitlin Clark,2026-07-31,Indiana Fever @ Portland Fire,RA,UNDER,13.5,low_confidence,2,2026-07-28,Fever @ Storm,401857094,30,matchup tokens: fever | -3 day date drift
2026-07-31|caitlin clark|indiana fever @ portland fire|reb|under|4.5||-180.0,Caitlin Clark,2026-07-31,Indiana Fever @ Portland Fire,REB,UNDER,4.5,low_confidence,2,2026-07-28,Fever @ Storm,401857094,30,matchup tokens: fever | -3 day date drift
2026-07-31|dominique malonga|seattle storm @ atlanta dream|reb|over|7.5||-145.2,Dominique Malonga,2026-07-31,Seattle Storm @ Atlanta Dream,REB,OVER,7.5,low_confidence,1,2026-07-25,TEAM SPOON @ TEAM COOP,401857320,0,
2026-07-31|kelsey mitchell|indiana fever @ portland fire|ast|under|3.5||-217.0,Kelsey Mitchell,2026-07-31,Indiana Fever @ Portland Fire,AST,UNDER,3.5,low_confidence,2,2026-07-28,Fever @ Storm,401857094,30,matchup tokens: fever | -3 day date drift
2026-07-31|rhyne howard|seattle storm @ atlanta dream|pra|under|25.5||-131.5,Rhyne Howard,2026-07-31,Seattle Storm @ Atlanta Dream,PRA,UNDER,25.5,low_confidence,2,2026-07-29,Dream @ Wings,401857097,30,matchup tokens: dream | -2 day date drift
2026-07-31|rhyne howard|seattle storm @ atlanta dream|pts|under|17.5||-131.67,Rhyne Howard,2026-07-31,Seattle Storm @ Atlanta Dream,PTS,UNDER,17.5,low_confidence,2,2026-07-29,Dream @ Wings,401857097,30,matchup tokens: dream | -2 day date drift
2026-07-31|rhyne howard|seattle storm @ atlanta dream|pts|under|16.5||-116.0,Rhyne Howard,2026-07-31,Seattle Storm @ Atlanta Dream,PTS,UNDER,16.5,low_confidence,2,2026-07-29,Dream @ Wings,401857097,30,matchup tokens: dream | -2 day date drift
2026-07-31|aliyah boston|indiana fever @ portland fire|ra|under|11.5||-115.5,Aliyah Boston,2026-07-31,Indiana Fever @ Portland Fire,RA,UNDER,11.5,low_confidence,2,2026-07-28,Fever @ Storm,401857094,30,matchup tokens: fever | -3 day date drift
2026-07-31|rhyne howard|seattle storm @ atlanta dream|pr|under|21.5||-124.5,Rhyne Howard,2026-07-31,Seattle Storm @ Atlanta Dream,PR,UNDER,21.5,low_confidence,2,2026-07-29,Dream @ Wings,401857097,30,matchup tokens: dream | -2 day date drift
2026-07-31|rhyne howard|seattle storm @ atlanta dream|pa|under|20.5||-110.5,Rhyne Howard,2026-07-31,Seattle Storm @ Atlanta Dream,PA,UNDER,20.5,low_confidence,2,2026-07-29,Dream @ Wings,401857097,30,matchup tokens: dream | -2 day date drift
2026-07-31|rhyne howard|seattle storm @ atlanta dream|3pm|under|3.5||-175.0,Rhyne Howard,2026-07-31,Seattle Storm @ Atlanta Dream,3PM,UNDER,3.5,low_confidence,2,2026-07-29,Dream @ Wings,401857097,30,matchup tokens: dream | -2 day date drift
2026-07-31|paige bueckers|dallas wings @ washington mystics|reb|under|4.5||-165.25,Paige Bueckers,2026-07-31,Dallas Wings @ Washington Mystics,REB,UNDER,4.5,low_confidence,2,2026-07-29,Dream @ Wings,401857097,30,matchup tokens: wings | -2 day date drift
2026-07-31|dominique malonga|seattle storm @ atlanta dream|ra|over|9.5||-138.0,Dominique Malonga,2026-07-31,Seattle Storm @ Atlanta Dream,RA,OVER,9.5,low_confidence,1,2026-07-25,TEAM SPOON @ TEAM COOP,401857320,0,
2026-07-31|rhyne howard|seattle storm @ atlanta dream|pra|under|24.5||-107.0,Rhyne Howard,2026-07-31,Seattle Storm @ Atlanta Dream,PRA,UNDER,24.5,low_confidence,2,2026-07-29,Dream @ Wings,401857097,30,matchup tokens: dream | -2 day date drift
2026-07-31|angel reese|seattle storm @ atlanta dream|reb|under|12.5||-140.0,Angel Reese,2026-07-31,Seattle Storm @ Atlanta Dream,REB,UNDER,12.5,low_confidence,2,2026-07-29,Dream @ Wings,401857097,30,matchup tokens: dream | -2 day date drift
2026-07-31|paige bueckers|dallas wings @ washington mystics|ra|under|10.5||-147.0,Paige Bueckers,2026-07-31,Dallas Wings @ Washington Mystics,RA,UNDER,10.5,low_confidence,2,2026-07-29,Dream @ Wings,401857097,30,matchup tokens: wings | -2 day date drift
2026-07-31|azzi fudd|dallas wings @ washington mystics|ast|over|1.5||-188.5,Azzi Fudd,2026-07-31,Dallas Wings @ Washington Mystics,AST,OVER,1.5,low_confidence,1,2026-07-29,Dream @ Wings,401857097,30,matchup tokens: wings | -2 day date drift
2026-07-31|aliyah boston|indiana fever @ portland fire|reb|under|8.5||-138.25,Aliyah Boston,2026-07-31,Indiana Fever @ Portland Fire,REB,UNDER,8.5,low_confidence,2,2026-07-28,Fever @ Storm,401857094,30,matchup tokens: fever | -3 day date drift
2026-07-31|jessica shepard|dallas wings @ washington mystics|ast|over|4.5||-142.5,Jessica Shepard,2026-07-31,Dallas Wings @ Washington Mystics,AST,OVER,4.5,low_confidence,2,2026-07-29,Dream @ Wings,401857097,30,matchup tokens: wings | -2 day date drift
2026-07-31|awa fam|seattle storm @ atlanta dream|pa|under|13.5||-114.0,Awa Fam,2026-07-31,Seattle Storm @ Atlanta Dream,PA,UNDER,13.5,low_confidence,1,2026-07-28,Fever @ Storm,401857094,30,matchup tokens: storm | -3 day date drift
2026-07-31|awa fam|seattle storm @ atlanta dream|pts|under|11.5||-126.75,Awa Fam,2026-07-31,Seattle Storm @ Atlanta Dream,PTS,UNDER,11.5,low_confidence,1,2026-07-28,Fever @ Storm,401857094,30,matchup tokens: storm | -3 day date drift
2026-07-31|arike ogunbowale|dallas wings @ washington mystics|reb|over|2.5||-128.5,Arike Ogunbowale,2026-07-31,Dallas Wings @ Washington Mystics,REB,OVER,2.5,low_confidence,1,2026-07-29,Dream @ Wings,401857097,30,matchup tokens: wings | -2 day date drift
2026-07-31|aliyah boston|indiana fever @ portland fire|3pm|under|1.5||-286.5,Aliyah Boston,2026-07-31,Indiana Fever @ Portland Fire,3PM,UNDER,1.5,low_confidence,2,2026-07-28,Fever @ Storm,401857094,30,matchup tokens: fever | -3 day date drift
2026-07-31|arike ogunbowale|dallas wings @ washington mystics|ra|over|5.5||-160.0,Arike Ogunbowale,2026-07-31,Dallas Wings @ Washington Mystics,RA,OVER,5.5,low_confidence,1,2026-07-29,Dream @ Wings,401857097,30,matchup tokens: wings | -2 day date drift
2026-07-31|paige bueckers|dallas wings @ washington mystics|pra|under|30.5||-122.0,Paige Bueckers,2026-07-31,Dallas Wings @ Washington Mystics,PRA,UNDER,30.5,low_confidence,2,2026-07-29,Dream @ Wings,401857097,30,matchup tokens: wings | -2 day date drift
2026-07-31|paige bueckers|dallas wings @ washington mystics|pa|under|26.5||-130.0,Paige Bueckers,2026-07-31,Dallas Wings @ Washington Mystics,PA,UNDER,26.5,low_confidence,2,2026-07-29,Dream @ Wings,401857097,30,matchup tokens: wings | -2 day date drift
