player_id,season,team,source_player_id,player,team_abbr,position,source_system,source_file
pl_016b4b6eb75cb3e2,2024,Mercury,2490553,Brittney Griner,PHX,C,sportsdataverse,player_profiles_2024.csv
pl_016b4b6eb75cb3e2,2024,Team USA,2490553,Brittney Griner,USA,C,sportsdataverse,player_profiles_2024.csv
pl_016b4b6eb75cb3e2,2025,Dream,2490553,Brittney Griner,ATL,C,sportsdataverse,player_profiles_2025.csv
pl_016b4b6eb75cb3e2,2026,Sun,2490553,Brittney Griner,CON,C,espn_api,player_profiles_2026.csv
pl_02fd8d1180014835,2025,Wings,4682797,Luisa Geiselsoder,DAL,C,sportsdataverse,player_profiles_2025.csv
pl_02fd8d1180014835,2026,Fire,4682797,Luisa Geiselsoder,POR,C,espn_api,player_profiles_2026.csv
pl_035b628ad688ee7f,2024,Liberty,3922628,Kennedy Burke,NY,G,sportsdataverse,player_profiles_2024.csv
pl_035b628ad688ee7f,2025,Liberty,3922628,Kennedy Burke,NY,G,sportsdataverse,player_profiles_2025.csv
pl_035b628ad688ee7f,2026,Sun,3922628,Kennedy Burke,CON,G,espn_api,player_profiles_2026.csv
pl_03acaff4a1a3a5b9,2025,Sun,4684384,Aneesah Morrow,CON,F,sportsdataverse,player_profiles_2025.csv
pl_03acaff4a1a3a5b9,2026,Sun,4684384,Aneesah Morrow,CON,F,espn_api,player_profiles_2026.csv
pl_041d1a799cefd8f8,2026,Tempo,5355509,Tima Pouye,TOR,G,espn_api,player_profiles_2026.csv
pl_0538d809f7d14b6b,2024,Dream,3058901,Allisha Gray,ATL,G,sportsdataverse,player_profiles_2024.csv
pl_0538d809f7d14b6b,2024,Team WNBA,3058901,Allisha Gray,WNBASTARS,G,sportsdataverse,player_profiles_2024.csv
pl_0538d809f7d14b6b,2025,Dream,3058901,Allisha Gray,ATL,G,sportsdataverse,player_profiles_2025.csv
pl_0538d809f7d14b6b,2025,TEAM COLLIER,3058901,Allisha Gray,COL,G,sportsdataverse,player_profiles_2025.csv
pl_0538d809f7d14b6b,2026,Dream,3058901,Allisha Gray,ATL,G,espn_api,player_profiles_2026.csv
pl_0538d809f7d14b6b,2026,TEAM SPOON,3058901,Allisha Gray,SPO,G,espn_api,player_profiles_2026.csv
pl_070c464d42a619f8,2026,Liberty,4790258,Raquel Carrera,NY,F,espn_api,player_profiles_2026.csv
pl_08f6eb03f818874d,2026,Fire,5346554,Teja Oblak,POR,G,espn_api,player_profiles_2026.csv
pl_092898e508f00a7d,2026,Tempo,2491232,Kayla Alexander,TOR,C,espn_api,player_profiles_2026.csv
pl_093df112d6857361,2026,Dream,4065785,Stephanie Jones,ATL,F,espn_api,player_profiles_2026.csv
pl_0a03311b1e1c6aef,2026,NIGERIA,2592228,Promise Amukamara,NIGER,G,espn_api,player_profiles_2026.csv
pl_0a5d6b83c356de72,2026,Lynx,5345322,Emma Cechova,MIN,F,espn_api,player_profiles_2026.csv
pl_0a6173733ae1e3ea,2024,Aces,2590093,Kiah Stokes,LV,C,sportsdataverse,player_profiles_2024.csv
pl_0a6173733ae1e3ea,2025,Aces,2590093,Kiah Stokes,LV,C,sportsdataverse,player_profiles_2025.csv
pl_0a6173733ae1e3ea,2026,Valkyries,2590093,Kiah Stokes,GS,C,espn_api,player_profiles_2026.csv
pl_0d66b1760232f8b8,2024,Storm,3142948,Victoria Vivians,SEA,G,sportsdataverse,player_profiles_2024.csv
pl_0df46667a621d970,2024,Fever,4398829,Lexie Hull,IND,G,sportsdataverse,player_profiles_2024.csv
pl_0df46667a621d970,2025,Fever,4398829,Lexie Hull,IND,G,sportsdataverse,player_profiles_2025.csv
pl_0df46667a621d970,2026,Fever,4398829,Lexie Hull,IND,G,espn_api,player_profiles_2026.csv
pl_0e92867d04f71e38,2025,Liberty,3027368,Emma Meesseman,NY,C,sportsdataverse,player_profiles_2025.csv
pl_0f04ff87743fb001,2024,Mystics,4398729,Emily Engstler,WSH,F,sportsdataverse,player_profiles_2024.csv
pl_0f04ff87743fb001,2025,Mystics,4398729,Emily Engstler,WSH,F,sportsdataverse,player_profiles_2025.csv
pl_0f04ff87743fb001,2026,Fire,4398729,Emily Engstler,POR,F,espn_api,player_profiles_2026.csv
pl_0f8eac4efb03fbfb,2026,Lynx,5105748,Lani White,MIN,G,espn_api,player_profiles_2026.csv
pl_0ff64046d8bcbd2b,2024,Liberty,2999101,Jonquel Jones,NY,C,sportsdataverse,player_profiles_2024.csv
pl_0ff64046d8bcbd2b,2024,Team WNBA,2999101,Jonquel Jones,WNBASTARS,C,sportsdataverse,player_profiles_2024.csv
pl_0ff64046d8bcbd2b,2025,Liberty,2999101,Jonquel Jones,NY,C,sportsdataverse,player_profiles_2025.csv
pl_0ff64046d8bcbd2b,2026,Liberty,2999101,Jonquel Jones,NY,C,espn_api,player_profiles_2026.csv
pl_0ff64046d8bcbd2b,2026,TEAM SPOON,2999101,Jonquel Jones,SPO,C,espn_api,player_profiles_2026.csv
pl_0ffc0c037962ac53,2024,Mercury,3102133,Rebecca Allen,PHX,G,sportsdataverse,player_profiles_2024.csv
pl_0ffc0c037962ac53,2025,Sky,3102133,Rebecca Allen,CHI,G,sportsdataverse,player_profiles_2025.csv
pl_0ffc0c037962ac53,2026,Liberty,3102133,Rebecca Allen,NY,G,espn_api,player_profiles_2026.csv
pl_10715fa09161fd53,2025,Mercury,4399342,Lexi Held,PHX,G,sportsdataverse,player_profiles_2025.csv
pl_10715fa09161fd53,2026,Mercury,4399342,Lexi Held,PHX,G,espn_api,player_profiles_2026.csv
pl_10715fa09161fd53,2026,Tempo,4399342,Lexi Held,TOR,G,espn_api,player_profiles_2026.csv
pl_110f97d39394b907,2024,Wings,4066527,Jaelyn Brown,DAL,G,sportsdataverse,player_profiles_2024.csv
pl_110f97d39394b907,2025,Sun,4066527,Jaelyn Brown,CON,G,sportsdataverse,player_profiles_2025.csv
pl_1241fddfc0d9e94c,2024,Sun,4398935,Veronica Burton,CON,G,sportsdataverse,player_profiles_2024.csv
pl_1241fddfc0d9e94c,2025,Valkyries,4398935,Veronica Burton,GS,G,sportsdataverse,player_profiles_2025.csv
pl_1241fddfc0d9e94c,2026,Valkyries,4398935,Veronica Burton,GS,G,espn_api,player_profiles_2026.csv
pl_151b3c88adc161c9,2024,Lynx,3917450,Napheesa Collier,MIN,F,sportsdataverse,player_profiles_2024.csv
pl_151b3c88adc161c9,2024,Team USA,3917450,Napheesa Collier,USA,F,sportsdataverse,player_profiles_2024.csv
pl_151b3c88adc161c9,2025,Lynx,3917450,Napheesa Collier,MIN,F,sportsdataverse,player_profiles_2025.csv
pl_151b3c88adc161c9,2025,TEAM COLLIER,3917450,Napheesa Collier,COL,F,sportsdataverse,player_profiles_2025.csv
pl_151b3c88adc161c9,2026,Lynx,3917450,Napheesa Collier,MIN,F,espn_api,player_profiles_2026.csv
pl_156f0548854de70a,2024,Sun,4398780,Caitlin Bickle,CON,F,sportsdataverse,player_profiles_2024.csv
pl_17342cb9b54ebc79,2026,Liberty,5345320,Pauline Astier,NY,G,espn_api,player_profiles_2026.csv
pl_17c7158af156f293,2026,Mystics,4433411,Angela Dugalic,WSH,F,espn_api,player_profiles_2026.csv
pl_18104e938de3ccb3,2024,Fever,4398899,Grace Berger,IND,G,sportsdataverse,player_profiles_2024.csv
pl_18104e938de3ccb3,2025,Sparks,4398899,Grace Berger,LA,G,sportsdataverse,player_profiles_2025.csv
pl_18104e938de3ccb3,2025,Wings,4398899,Grace Berger,DAL,G,sportsdataverse,player_profiles_2025.csv
pl_18104e938de3ccb3,2026,Wings,4398899,Grace Berger,DAL,G,espn_api,player_profiles_2026.csv
pl_18c31d08ca4a3a7c,2024,Dream,4398674,Rhyne Howard,ATL,G,sportsdataverse,player_profiles_2024.csv
pl_18c31d08ca4a3a7c,2025,Dream,4398674,Rhyne Howard,ATL,G,sportsdataverse,player_profiles_2025.csv
pl_18c31d08ca4a3a7c,2025,TEAM COLLIER,4398674,Rhyne Howard,COL,G,sportsdataverse,player_profiles_2025.csv
pl_18c31d08ca4a3a7c,2026,Dream,4398674,Rhyne Howard,ATL,G,espn_api,player_profiles_2026.csv
pl_18c31d08ca4a3a7c,2026,TEAM SPOON,4398674,Rhyne Howard,SPO,G,espn_api,player_profiles_2026.csv
pl_1ac0d6b23ff71e4f,2026,NIGERIA,4280899,Blessing Ejiofor,NIGER,C,espn_api,player_profiles_2026.csv
pl_1bb4694e0ba9a193,2025,Wings,3142242,Amy Okonkwo,DAL,F,sportsdataverse,player_profiles_2025.csv
pl_1bb4694e0ba9a193,2026,Dream,3142242,Amy Okonkwo,ATL,F,espn_api,player_profiles_2026.csv
pl_1bb4694e0ba9a193,2026,Wings,3142242,Amy Okonkwo,DAL,F,espn_api,player_profiles_2026.csv
pl_1c80973123ae6701,2024,Fever,3156318,Kristy Wallace,IND,G,sportsdataverse,player_profiles_2024.csv
pl_1d0be4a6d5449ae3,2026,Mystics,5349415,Alicia Florez,WSH,G,espn_api,player_profiles_2026.csv
pl_1d45527909361caf,2025,Sky,4433412,Hailey Van Lith,CHI,G,sportsdataverse,player_profiles_2025.csv
pl_1d45527909361caf,2026,Sun,4433412,Hailey Van Lith,CON,G,espn_api,player_profiles_2026.csv
pl_1d4bf13b5013d63f,2026,Valkyries,4433634,Ashten Prechtel,GS,F,espn_api,player_profiles_2026.csv
pl_1d7f89cecfc0fd12,2024,Mystics,4433408,Aaliyah Edwards,WSH,F,sportsdataverse,player_profiles_2024.csv
pl_1d7f89cecfc0fd12,2025,Mystics,4433408,Aaliyah Edwards,WSH,F,sportsdataverse,player_profiles_2025.csv
pl_1d7f89cecfc0fd12,2025,Sun,4433408,Aaliyah Edwards,CON,F,sportsdataverse,player_profiles_2025.csv
pl_1d7f89cecfc0fd12,2026,Sun,4433408,Aaliyah Edwards,CON,F,espn_api,player_profiles_2026.csv
pl_1df074793652a2fc,2024,Sky,2998927,Moriah Jefferson,CHI,G,sportsdataverse,player_profiles_2024.csv
pl_1df074793652a2fc,2024,Sun,2998927,Moriah Jefferson,CON,G,sportsdataverse,player_profiles_2024.csv
pl_1df074793652a2fc,2025,Sky,2998927,Moriah Jefferson,CHI,G,sportsdataverse,player_profiles_2025.csv
pl_1f2dbeda79ef5157,2026,Mystics,5122345,Cassandre Prosper,WSH,G,espn_api,player_profiles_2026.csv
pl_22457495083bd86d,2024,Fever,3917453,Katie Lou Samuelson,IND,F,sportsdataverse,player_profiles_2024.csv
pl_22457495083bd86d,2025,Storm,3917453,Katie Lou Samuelson,SEA,F,sportsdataverse,player_profiles_2025.csv
pl_22457495083bd86d,2026,Storm,3917453,Katie Lou Samuelson,SEA,F,espn_api,player_profiles_2026.csv
pl_22621a00a3fecdc0,2026,NIGERIA,3926411,Pallas Kunaiyi,NIGER,F,espn_api,player_profiles_2026.csv
pl_2348d83af1bb39eb,2026,Fever,4398947,Kayana Traylor,IND,G,espn_api,player_profiles_2026.csv
pl_2396747f40933499,2024,Lynx,3906753,Natisha Hiedeman,MIN,G,sportsdataverse,player_profiles_2024.csv
pl_2396747f40933499,2025,Lynx,3906753,Natisha Hiedeman,MIN,G,sportsdataverse,player_profiles_2025.csv
pl_2396747f40933499,2026,Storm,3906753,Natisha Hiedeman,SEA,G,espn_api,player_profiles_2026.csv
pl_23e44984328a8a24,2025,Mystics,4433815,Lucy Olsen,WSH,G,sportsdataverse,player_profiles_2025.csv
pl_23e44984328a8a24,2026,Mystics,4433815,Lucy Olsen,WSH,G,espn_api,player_profiles_2026.csv
pl_23ecd2454095047f,2024,Wings,5209660,Sevgi Uzun,DAL,G,sportsdataverse,player_profiles_2024.csv
pl_23ecd2454095047f,2025,Mercury,5209660,Sevgi Uzun,PHX,G,sportsdataverse,player_profiles_2025.csv
pl_23ecd2454095047f,2025,Sky,5209660,Sevgi Uzun,CHI,G,sportsdataverse,player_profiles_2025.csv
pl_23ecd2454095047f,2026,Sparks,5209660,Sevgi Uzun,LA,G,espn_api,player_profiles_2026.csv
pl_252893304a9c6f40,2024,Aces,4398779,Queen Egbo,LV,C,sportsdataverse,player_profiles_2024.csv
pl_252893304a9c6f40,2024,Sparks,4398779,Queen Egbo,LA,C,sportsdataverse,player_profiles_2024.csv
pl_252893304a9c6f40,2024,Sun,4398779,Queen Egbo,CON,C,sportsdataverse,player_profiles_2024.csv
pl_25c5e23bb49f5143,2024,Mercury,3907781,Sophie Cunningham,PHX,G,sportsdataverse,player_profiles_2024.csv
pl_25c5e23bb49f5143,2025,Fever,3907781,Sophie Cunningham,IND,G,sportsdataverse,player_profiles_2025.csv
pl_25c5e23bb49f5143,2026,Fever,3907781,Sophie Cunningham,IND,G,espn_api,player_profiles_2026.csv
pl_25f171e975525da5,2024,Storm,2987869,Jewell Loyd,SEA,G,sportsdataverse,player_profiles_2024.csv
pl_25f171e975525da5,2024,Team USA,2987869,Jewell Loyd,USA,G,sportsdataverse,player_profiles_2024.csv
pl_25f171e975525da5,2025,Aces,2987869,Jewell Loyd,LV,G,sportsdataverse,player_profiles_2025.csv
pl_25f171e975525da5,2026,Aces,2987869,Jewell Loyd,LV,G,espn_api,player_profiles_2026.csv
pl_2610e512571291fc,2024,Sky,4282173,Michaela Onyenwere,CHI,F,sportsdataverse,player_profiles_2024.csv
pl_2610e512571291fc,2025,Sky,4282173,Michaela Onyenwere,CHI,F,sportsdataverse,player_profiles_2025.csv
pl_2610e512571291fc,2026,Mystics,4282173,Michaela Onyenwere,WSH,F,espn_api,player_profiles_2026.csv
pl_26aa7f69c42f94a1,2024,Sparks,2529047,Odyssey Sims,LA,G,sportsdataverse,player_profiles_2024.csv
pl_26aa7f69c42f94a1,2024,Wings,2529047,Odyssey Sims,DAL,G,sportsdataverse,player_profiles_2024.csv
pl_26aa7f69c42f94a1,2025,Fever,2529047,Odyssey Sims,IND,G,sportsdataverse,player_profiles_2025.csv
pl_26aa7f69c42f94a1,2025,Sparks,2529047,Odyssey Sims,LA,G,sportsdataverse,player_profiles_2025.csv
pl_26aa7f69c42f94a1,2026,Wings,2529047,Odyssey Sims,DAL,G,espn_api,player_profiles_2026.csv
pl_27b430a0fe399719,2026,Sky,4433433,Aicha Coulibaly,CHI,G,espn_api,player_profiles_2026.csv
pl_28097e50f86042f0,2026,Liberty,4337216,Han Xu,NY,C,espn_api,player_profiles_2026.csv
pl_28b910c12e8efdb8,2024,Aces,924,Alysha Clark,LV,F,sportsdataverse,player_profiles_2024.csv
pl_28b910c12e8efdb8,2025,Mystics,924,Alysha Clark,WSH,F,sportsdataverse,player_profiles_2025.csv
pl_28b910c12e8efdb8,2025,Storm,924,Alysha Clark,SEA,F,sportsdataverse,player_profiles_2025.csv
pl_28b910c12e8efdb8,2026,Wings,924,Alysha Clark,DAL,F,espn_api,player_profiles_2026.csv
pl_29b0e31acb6ebe7b,2025,Liberty,5278238,Annika Soltau,NY,F,sportsdataverse,player_profiles_2025.csv
pl_2a3329d505c5b5ab,2024,Aces,3149391,A'ja Wilson,LV,C,sportsdataverse,player_profiles_2024.csv
pl_2a3329d505c5b5ab,2024,Team USA,3149391,A'ja Wilson,USA,C,sportsdataverse,player_profiles_2024.csv
pl_2a3329d505c5b5ab,2025,Aces,3149391,A'ja Wilson,LV,C,sportsdataverse,player_profiles_2025.csv
pl_2a3329d505c5b5ab,2025,TEAM CLARK,3149391,A'ja Wilson,CLA,C,sportsdataverse,player_profiles_2025.csv
pl_2a3329d505c5b5ab,2026,Aces,3149391,A'ja Wilson,LV,C,espn_api,player_profiles_2026.csv
pl_2a3329d505c5b5ab,2026,TEAM SPOON,3149391,A'ja Wilson,SPO,C,espn_api,player_profiles_2026.csv
pl_2a9a3d401a141002,2024,Mystics,3058893,Shatori Walker-Kimbrough,WSH,G,sportsdataverse,player_profiles_2024.csv
pl_2a9a3d401a141002,2025,Dream,3058893,Shatori Walker-Kimbrough,ATL,G,sportsdataverse,player_profiles_2025.csv
pl_2a9a3d401a141002,2026,Dream,3058893,Shatori Walker-Kimbrough,ATL,G,espn_api,player_profiles_2026.csv
pl_2a9a3d401a141002,2026,Fever,3058893,Shatori Walker-Kimbrough,IND,G,espn_api,player_profiles_2026.csv
pl_2adbcf065447c416,2024,Fever,2491214,Erica Wheeler,IND,G,sportsdataverse,player_profiles_2024.csv
pl_2adbcf065447c416,2025,Storm,2491214,Erica Wheeler,SEA,G,sportsdataverse,player_profiles_2025.csv
pl_2adbcf065447c416,2026,Sparks,2491214,Erica Wheeler,LA,G,espn_api,player_profiles_2026.csv
pl_2bb97b00c0ed3698,2025,Lynx,5278237,Anastasiia Olairi Kosu,MIN,F,sportsdataverse,player_profiles_2025.csv
pl_2bb97b00c0ed3698,2026,Lynx,5278237,Anastasiia Olairi Kosu,MIN,F,espn_api,player_profiles_2026.csv
pl_2c66442fc2e8b47d,2024,Sparks,3058892,Lexie Brown,LA,G,sportsdataverse,player_profiles_2024.csv
pl_2c66442fc2e8b47d,2025,Storm,3058892,Lexie Brown,SEA,G,sportsdataverse,player_profiles_2025.csv
pl_2c66442fc2e8b47d,2026,Storm,3058892,Lexie Brown,SEA,G,espn_api,player_profiles_2026.csv
pl_2d999585fdbdbe8e,2024,Sky,4433402,Angel Reese,CHI,F,sportsdataverse,player_profiles_2024.csv
pl_2d999585fdbdbe8e,2024,Team WNBA,4433402,Angel Reese,WNBASTARS,F,sportsdataverse,player_profiles_2024.csv
pl_2d999585fdbdbe8e,2025,Sky,4433402,Angel Reese,CHI,F,sportsdataverse,player_profiles_2025.csv
pl_2d999585fdbdbe8e,2025,TEAM COLLIER,4433402,Angel Reese,COL,F,sportsdataverse,player_profiles_2025.csv
pl_2d999585fdbdbe8e,2026,Dream,4433402,Angel Reese,ATL,F,espn_api,player_profiles_2026.csv
pl_2d999585fdbdbe8e,2026,TEAM COOP,4433402,Angel Reese,COOP,F,espn_api,player_profiles_2026.csv
pl_2df93deb8fe4b594,2026,Tempo,4434020,Teonni Key,TOR,F,espn_api,player_profiles_2026.csv
pl_2fb549ab3fcbf316,2024,Wings,5106150,Stephanie Soares,DAL,C,sportsdataverse,player_profiles_2024.csv
pl_3149d7461f853da1,2026,Liberty,4595823,Alex Fowler,NY,F,espn_api,player_profiles_2026.csv
pl_316dca206c328c4f,2026,Wings,4433790,Azzi Fudd,DAL,G,espn_api,player_profiles_2026.csv
pl_31ef4bcbdb25652d,2024,Mystics,3146151,Ariel Atkins,WSH,G,sportsdataverse,player_profiles_2024.csv
pl_31ef4bcbdb25652d,2025,Sky,3146151,Ariel Atkins,CHI,G,sportsdataverse,player_profiles_2025.csv
pl_31ef4bcbdb25652d,2026,Sparks,3146151,Ariel Atkins,LA,G,espn_api,player_profiles_2026.csv
pl_3205492c26be155e,2026,Sparks,4609797,Ta'Niya Latson,LA,G,espn_api,player_profiles_2026.csv
pl_3394e1126040afb5,2024,Mercury,4068885,Amy Atwell,PHX,F,sportsdataverse,player_profiles_2024.csv
pl_34d0b3ce2a753e35,2026,Mercury,4068104,Peyton Williams,PHX,F,espn_api,player_profiles_2026.csv
pl_353d458af0d7b97a,2026,Mercury,5345524,Noemie Brochant,PHX,F,espn_api,player_profiles_2026.csv
pl_35ea3169d7add37e,2024,Sparks,4398764,Rae Burrell,LA,G,sportsdataverse,player_profiles_2024.csv
pl_35ea3169d7add37e,2025,Sparks,4398764,Rae Burrell,LA,G,sportsdataverse,player_profiles_2025.csv
pl_35ea3169d7add37e,2026,Sparks,4398764,Rae Burrell,LA,G,espn_api,player_profiles_2026.csv
pl_363949085c3210fc,2025,Sparks,4703794,Sarah Ashlee Barker,LA,G,sportsdataverse,player_profiles_2025.csv
pl_363949085c3210fc,2026,Fire,4703794,Sarah Ashlee Barker,POR,G,espn_api,player_profiles_2026.csv
pl_37a243794f087d18,2026,Fire,5108051,Jordan Harrison,POR,G,espn_api,player_profiles_2026.csv
pl_38454a68c5d56cdb,2026,Mystics,4433523,Rori Harmon,WSH,G,espn_api,player_profiles_2026.csv
pl_39251e557a9d234b,2026,Wings,4790266,Awak Kuier,DAL,F,espn_api,player_profiles_2026.csv
pl_3a069f063eb86517,2024,Liberty,2529622,Kayla Thornton,NY,F,sportsdataverse,player_profiles_2024.csv
pl_3a069f063eb86517,2025,TEAM CLARK,2529622,Kayla Thornton,CLA,F,sportsdataverse,player_profiles_2025.csv
pl_3a069f063eb86517,2025,Valkyries,2529622,Kayla Thornton,GS,F,sportsdataverse,player_profiles_2025.csv
pl_3a069f063eb86517,2026,Valkyries,2529622,Kayla Thornton,GS,F,espn_api,player_profiles_2026.csv
pl_3b8cef13ef03e9f5,2026,Dream,4433690,Holly Winterburn,ATL,G,espn_api,player_profiles_2026.csv
pl_3b8cef13ef03e9f5,2026,Fire,4433690,Holly Winterburn,POR,G,espn_api,player_profiles_2026.csv
pl_3be2b11ddc557b3d,2026,Fire,5209202,Nyadiew Puoch,POR,F,espn_api,player_profiles_2026.csv
pl_3d50ba6ae300d829,2024,Lynx,2529205,Kayla McBride,MIN,G,sportsdataverse,player_profiles_2024.csv
pl_3d50ba6ae300d829,2024,Team WNBA,2529205,Kayla McBride,WNBASTARS,G,sportsdataverse,player_profiles_2024.csv
pl_3d50ba6ae300d829,2025,Lynx,2529205,Kayla McBride,MIN,G,sportsdataverse,player_profiles_2025.csv
pl_3d50ba6ae300d829,2025,TEAM COLLIER,2529205,Kayla McBride,COL,G,sportsdataverse,player_profiles_2025.csv
pl_3d50ba6ae300d829,2026,Lynx,2529205,Kayla McBride,MIN,G,espn_api,player_profiles_2026.csv
pl_3f004ccdde4922fa,2024,Team WNBA,3904577,Arike Ogunbowale,WNBASTARS,G,sportsdataverse,player_profiles_2024.csv
pl_3f004ccdde4922fa,2024,Wings,3904577,Arike Ogunbowale,DAL,G,sportsdataverse,player_profiles_2024.csv
pl_3f004ccdde4922fa,2025,Wings,3904577,Arike Ogunbowale,DAL,G,sportsdataverse,player_profiles_2025.csv
pl_3f004ccdde4922fa,2026,Wings,3904577,Arike Ogunbowale,DAL,G,espn_api,player_profiles_2026.csv
pl_3f3ffa1f3910dd0d,2026,Mercury,4688629,Shay Ciezki,PHX,G,espn_api,player_profiles_2026.csv
pl_3fae79fccc70f8a6,2024,Fever,4432831,Aliyah Boston,IND,C,sportsdataverse,player_profiles_2024.csv
pl_3fae79fccc70f8a6,2024,Team WNBA,4432831,Aliyah Boston,WNBASTARS,C,sportsdataverse,player_profiles_2024.csv
pl_3fae79fccc70f8a6,2025,Fever,4432831,Aliyah Boston,IND,C,sportsdataverse,player_profiles_2025.csv
pl_3fae79fccc70f8a6,2025,TEAM CLARK,4432831,Aliyah Boston,CLA,C,sportsdataverse,player_profiles_2025.csv
pl_3fae79fccc70f8a6,2026,Fever,4432831,Aliyah Boston,IND,C,espn_api,player_profiles_2026.csv
pl_3fae79fccc70f8a6,2026,TEAM SPOON,4432831,Aliyah Boston,SPO,C,espn_api,player_profiles_2026.csv
pl_4039ec348f5f0c2a,2025,Aces,4597509,Aaliyah Nye,LV,G,sportsdataverse,player_profiles_2025.csv
pl_4039ec348f5f0c2a,2026,Dream,4597509,Aaliyah Nye,ATL,G,espn_api,player_profiles_2026.csv
pl_4039ec348f5f0c2a,2026,Tempo,4597509,Aaliyah Nye,TOR,G,espn_api,player_profiles_2026.csv
pl_408a0c9ebeab2cb5,2024,Liberty,4683006,Leonie Fiebich,NY,F,sportsdataverse,player_profiles_2024.csv
pl_408a0c9ebeab2cb5,2025,Liberty,4683006,Leonie Fiebich,NY,F,sportsdataverse,player_profiles_2025.csv
pl_408a0c9ebeab2cb5,2026,Liberty,4683006,Leonie Fiebich,NY,F,espn_api,player_profiles_2026.csv
pl_40f9298036d293bc,2026,Storm,5106222,Taina Mair,SEA,G,espn_api,player_profiles_2026.csv
pl_42412bbecf0f3ee0,2026,Tempo,5345444,Laura Juskaite,TOR,F,espn_api,player_profiles_2026.csv
pl_4272ba735943ee4d,2025,Sun,5279789,Mamignan Toure,CON,G,sportsdataverse,player_profiles_2025.csv
pl_4272ba735943ee4d,2026,Sun,5279789,Mamignan Toure,CON,G,espn_api,player_profiles_2026.csv
pl_43612b72bef90cdb,2026,Liberty,4703579,Derin Erdogan,NY,G,espn_api,player_profiles_2026.csv
pl_43dcc8c3927f7c60,2025,Sparks,4001679,Julie Allemand,LA,G,sportsdataverse,player_profiles_2025.csv
pl_43dcc8c3927f7c60,2026,Tempo,4001679,Julie Allemand,TOR,G,espn_api,player_profiles_2026.csv
pl_4485cd383bf6d3de,2025,Sun,5208981,Leila Lacan,CON,G,sportsdataverse,player_profiles_2025.csv
pl_4485cd383bf6d3de,2026,Sun,5208981,Leila Lacan,CON,G,espn_api,player_profiles_2026.csv
pl_459e1cd10f4ba109,2026,Sun,5105732,Raegan Beers,CON,F,espn_api,player_profiles_2026.csv
pl_463cb946092a5f7f,2025,Fever,4433546,Makayla Timpson,IND,F,sportsdataverse,player_profiles_2025.csv
pl_463cb946092a5f7f,2026,Fever,4433546,Makayla Timpson,IND,F,espn_api,player_profiles_2026.csv
pl_497e3ccfcc1295d1,2026,Sun,5106232,Ashlon Jackson,CON,G,espn_api,player_profiles_2026.csv
pl_498bd9c5d87615e6,2024,Mercury,3143510,Morgan Bertsch,PHX,F,sportsdataverse,player_profiles_2024.csv
pl_498bd9c5d87615e6,2024,Wings,3143510,Morgan Bertsch,DAL,F,sportsdataverse,player_profiles_2024.csv
pl_4a8aa82829c021f7,2026,Lynx,4433543,Reigan Richardson,MIN,G,espn_api,player_profiles_2026.csv
pl_4b0766c68438f29a,2026,Mercury,5107404,Quionche Carter,PHX,G,espn_api,player_profiles_2026.csv
pl_4cbb60cf207f40cf,2025,Storm,4433643,Mackenzie Holmes,SEA,F,sportsdataverse,player_profiles_2025.csv
pl_4cbb60cf207f40cf,2026,Storm,4433643,Mackenzie Holmes,SEA,F,espn_api,player_profiles_2026.csv
pl_51cd968d29dc7f89,2024,Aces,3934218,Megan Gustafson,LV,C,sportsdataverse,player_profiles_2024.csv
pl_51cd968d29dc7f89,2025,Aces,3934218,Megan Gustafson,LV,C,sportsdataverse,player_profiles_2025.csv
pl_51cd968d29dc7f89,2026,Fire,3934218,Megan DiLeo,POR,C,espn_api,player_profiles_2026.csv
pl_51db11d194c5f8db,2026,Mercury,3906769,Jovana Nogic,PHX,G,espn_api,player_profiles_2026.csv
pl_520c82b1e4dfaa63,2024,Mercury,4068042,Natasha Mack,PHX,F,sportsdataverse,player_profiles_2024.csv
pl_520c82b1e4dfaa63,2025,Mercury,4068042,Natasha Mack,PHX,F,sportsdataverse,player_profiles_2025.csv
pl_520c82b1e4dfaa63,2026,Mercury,4068042,Natasha Mack,PHX,F,espn_api,player_profiles_2026.csv
pl_5226a050d7e489e9,2024,Mercury,4065759,Mikiah Herbert Harrigan,PHX,F,sportsdataverse,player_profiles_2024.csv
pl_52620c6da5a8cb91,2024,Sun,4065760,Tyasha Harris,CON,G,sportsdataverse,player_profiles_2024.csv
pl_52620c6da5a8cb91,2025,Wings,4065760,Tyasha Harris,DAL,G,sportsdataverse,player_profiles_2025.csv
pl_52620c6da5a8cb91,2026,Fever,4065760,Tyasha Harris,IND,G,espn_api,player_profiles_2026.csv
pl_527d77821505a048,2025,Storm,5220150,Dominique Malonga,SEA,C,sportsdataverse,player_profiles_2025.csv
pl_527d77821505a048,2026,Storm,5220150,Dominique Malonga,SEA,C,espn_api,player_profiles_2026.csv
pl_527d77821505a048,2026,TEAM COOP,5220150,Dominique Malonga,COOP,C,espn_api,player_profiles_2026.csv
pl_52f6711f33506794,2026,Mercury,4704594,Marta Suarez,PHX,F,espn_api,player_profiles_2026.csv
pl_531f83caa0cb9b98,2026,Storm,5345325,Awa Fam,SEA,C,espn_api,player_profiles_2026.csv
pl_538cccd243d89261,2024,Sun,2529140,Alyssa Thomas,CON,F,sportsdataverse,player_profiles_2024.csv
pl_538cccd243d89261,2024,Team USA,2529140,Alyssa Thomas,USA,F,sportsdataverse,player_profiles_2024.csv
pl_538cccd243d89261,2025,Mercury,2529140,Alyssa Thomas,PHX,F,sportsdataverse,player_profiles_2025.csv
pl_538cccd243d89261,2025,TEAM COLLIER,2529140,Alyssa Thomas,COL,F,sportsdataverse,player_profiles_2025.csv
pl_538cccd243d89261,2026,Mercury,2529140,Alyssa Thomas,PHX,F,espn_api,player_profiles_2026.csv
pl_53d3d5182e1e0e97,2026,Mercury,3919496,Valeriane Ayayi,PHX,F,espn_api,player_profiles_2026.csv
pl_55b8f3d473cff00c,2026,Valkyries,5277552,Juste Jocyte,GS,G,espn_api,player_profiles_2026.csv
pl_5718a935043c616f,2024,Liberty,4066533,Sabrina Ionescu,NY,G,sportsdataverse,player_profiles_2024.csv
pl_5718a935043c616f,2024,Team USA,4066533,Sabrina Ionescu,USA,G,sportsdataverse,player_profiles_2024.csv
pl_5718a935043c616f,2025,Liberty,4066533,Sabrina Ionescu,NY,G,sportsdataverse,player_profiles_2025.csv
pl_5718a935043c616f,2025,TEAM CLARK,4066533,Sabrina Ionescu,CLA,G,sportsdataverse,player_profiles_2025.csv
pl_5718a935043c616f,2026,Liberty,4066533,Sabrina Ionescu,NY,G,espn_api,player_profiles_2026.csv
pl_57a3cbb466568a51,2024,Sparks,2490794,Layshia Clarendon,LA,G,sportsdataverse,player_profiles_2024.csv
pl_5801b83252dea443,2024,Aces,4398726,Jessika Carter,LV,F,sportsdataverse,player_profiles_2024.csv
pl_5822c4230f9d0740,2026,Dream,5105740,Indya Nivar,ATL,G,espn_api,player_profiles_2026.csv
pl_58d8ddd50dc5e9ea,2024,Fever,4398776,NaLyssa Smith,IND,F,sportsdataverse,player_profiles_2024.csv
pl_58d8ddd50dc5e9ea,2025,Aces,4398776,NaLyssa Smith,LV,F,sportsdataverse,player_profiles_2025.csv
pl_58d8ddd50dc5e9ea,2025,Wings,4398776,NaLyssa Smith,DAL,F,sportsdataverse,player_profiles_2025.csv
pl_58d8ddd50dc5e9ea,2026,Aces,4398776,NaLyssa Smith,LV,F,espn_api,player_profiles_2026.csv
pl_58e65e06a24c33d5,2024,Dream,918,Tina Charles,ATL,C,sportsdataverse,player_profiles_2024.csv
pl_58e65e06a24c33d5,2025,Sun,918,Tina Charles,CON,C,sportsdataverse,player_profiles_2025.csv
pl_5c39c02174b61a06,2024,Dream,4398915,Naz Hillmon,ATL,F,sportsdataverse,player_profiles_2024.csv
pl_5c39c02174b61a06,2025,Dream,4398915,Naz Hillmon,ATL,F,sportsdataverse,player_profiles_2025.csv
pl_5c39c02174b61a06,2026,Dream,4398915,Naz Hillmon,ATL,F,espn_api,player_profiles_2026.csv
pl_5de7904f5b7c5c6f,2026,Valkyries,5106170,Ndjakalenga Mwenentanda,GS,G,espn_api,player_profiles_2026.csv
pl_5e971283146abdfe,2026,Liberty,4432844,Aubrey Griffin,NY,F,espn_api,player_profiles_2026.csv
pl_5e971283146abdfe,2026,Lynx,4432844,Aubrey Griffin,MIN,F,espn_api,player_profiles_2026.csv
pl_5eb4b0ef5ec85d61,2025,Dream,4433431,Te-Hina Paopao,ATL,G,sportsdataverse,player_profiles_2025.csv
pl_5eb4b0ef5ec85d61,2026,Dream,4433431,Te-Hina Paopao,ATL,G,espn_api,player_profiles_2026.csv
pl_5efecaf7492bd07a,2024,Mercury,4433293,Charisma Osborne,PHX,G,sportsdataverse,player_profiles_2024.csv
pl_5f3636b60ac90154,2025,Lynx,4595150,Camryn Taylor,MIN,F,sportsdataverse,player_profiles_2025.csv
pl_5f5462d33e09e56b,2024,Mystics,4398911,Shakira Austin,WSH,C,sportsdataverse,player_profiles_2024.csv
pl_5f5462d33e09e56b,2025,Mystics,4398911,Shakira Austin,WSH,C,sportsdataverse,player_profiles_2025.csv
pl_5f5462d33e09e56b,2026,Mystics,4398911,Shakira Austin,WSH,C,espn_api,player_profiles_2026.csv
pl_5f961ba6f96aa15c,2025,Mercury,3142087,Kathryn Westbeld,PHX,F,sportsdataverse,player_profiles_2025.csv
pl_607d324c78ba2d9c,2025,Valkyries,4873359,Kyara Linskens,GS,C,sportsdataverse,player_profiles_2025.csv
pl_607d324c78ba2d9c,2026,Mercury,4873359,Kyara Linskens,PHX,C,espn_api,player_profiles_2026.csv
pl_60b49460ca43fd3a,2024,Dream,4280850,Maya Caldwell,ATL,G,sportsdataverse,player_profiles_2024.csv
pl_60b49460ca43fd3a,2025,Dream,4280850,Maya Caldwell,ATL,G,sportsdataverse,player_profiles_2025.csv
pl_60b49460ca43fd3a,2026,Fire,4280850,Maya Caldwell,POR,G,espn_api,player_profiles_2026.csv
pl_60b49460ca43fd3a,2026,Lynx,4280850,Maya Caldwell,MIN,G,espn_api,player_profiles_2026.csv
pl_6376037d2768b9a1,2024,Mystics,5017726,Jade Melbourne,WSH,G,sportsdataverse,player_profiles_2024.csv
pl_6376037d2768b9a1,2025,Mystics,5017726,Jade Melbourne,WSH,G,sportsdataverse,player_profiles_2025.csv
pl_6376037d2768b9a1,2026,Storm,5017726,Jade Melbourne,SEA,G,espn_api,player_profiles_2026.csv
pl_6528d3505dc7c420,2025,Mercury,2984111,Alexis Prince,PHX,F,sportsdataverse,player_profiles_2025.csv
pl_6664b69d98ea25a1,2025,Dream,4068346,Kamiah Smalls,ATL,F,sportsdataverse,player_profiles_2025.csv
pl_6664b69d98ea25a1,2026,Fire,4068346,Kamiah Smalls,POR,F,espn_api,player_profiles_2026.csv
pl_66d9f2a5cb0e8ce2,2025,Liberty,2327695,Rebekah Gardner,NY,G,sportsdataverse,player_profiles_2025.csv
pl_66d9f2a5cb0e8ce2,2026,Liberty,2327695,Rebekah Gardner,NY,G,espn_api,player_profiles_2026.csv
pl_6772ba802103e5dc,2024,Storm,887,Sami Whitcomb,SEA,G,sportsdataverse,player_profiles_2024.csv
pl_6772ba802103e5dc,2025,Mercury,887,Sami Whitcomb,PHX,G,sportsdataverse,player_profiles_2025.csv
pl_6772ba802103e5dc,2026,Mercury,887,Sami Whitcomb,PHX,G,espn_api,player_profiles_2026.csv
pl_69bc318acbb9625b,2025,Sun,5278686,Kariata Diaby,CON,C,sportsdataverse,player_profiles_2025.csv
pl_6ac86a14ade0dbd7,2024,Storm,4282168,Kiana Williams,SEA,G,sportsdataverse,player_profiles_2024.csv
pl_6ac86a14ade0dbd7,2025,Mercury,4282168,Kiana Williams,PHX,G,sportsdataverse,player_profiles_2025.csv
pl_6ac86a14ade0dbd7,2026,Mercury,4282168,Kiana Williams,PHX,G,espn_api,player_profiles_2026.csv
pl_6ac86a14ade0dbd7,2026,Sparks,4282168,Kiana Williams,LA,G,espn_api,player_profiles_2026.csv
pl_6b7f33235ad545bc,2024,Storm,4594527,Dulcy Fankam Mendjiadeu,SEA,F,sportsdataverse,player_profiles_2024.csv
pl_6b7f33235ad545bc,2026,Wings,4594527,Dulcy Fankam Mendjiadeu,DAL,F,espn_api,player_profiles_2026.csv
pl_6b938408e909288a,2024,Lynx,3913881,Alanna Smith,MIN,F,sportsdataverse,player_profiles_2024.csv
pl_6b938408e909288a,2025,Lynx,3913881,Alanna Smith,MIN,F,sportsdataverse,player_profiles_2025.csv
pl_6b938408e909288a,2026,Wings,3913881,Alanna Smith,DAL,F,espn_api,player_profiles_2026.csv
pl_6cc5f204f77ba597,2025,Lynx,3906949,Jessica Shepard,MIN,F,sportsdataverse,player_profiles_2025.csv
pl_6cc5f204f77ba597,2026,TEAM SPOON,3906949,Jessica Shepard,SPO,F,espn_api,player_profiles_2026.csv
pl_6cc5f204f77ba597,2026,Wings,3906949,Jessica Shepard,DAL,F,espn_api,player_profiles_2026.csv
pl_6cf4619f98a88749,2024,Sparks,4433404,Cameron Brink,LA,F,sportsdataverse,player_profiles_2024.csv
pl_6cf4619f98a88749,2025,Sparks,4433404,Cameron Brink,LA,F,sportsdataverse,player_profiles_2025.csv
pl_6cf4619f98a88749,2026,Sparks,4433404,Cameron Brink,LA,F,espn_api,player_profiles_2026.csv
pl_6cff0f84ef457815,2024,Fever,4432864,Celeste Taylor,IND,G,sportsdataverse,player_profiles_2024.csv
pl_6cff0f84ef457815,2024,Mercury,4432864,Celeste Taylor,PHX,G,sportsdataverse,player_profiles_2024.csv
pl_6cff0f84ef457815,2024,Sun,4432864,Celeste Taylor,CON,G,sportsdataverse,player_profiles_2024.csv
pl_6ea88c4443fd507d,2024,Fever,3142191,Kelsey Mitchell,IND,G,sportsdataverse,player_profiles_2024.csv
pl_6ea88c4443fd507d,2024,Team WNBA,3142191,Kelsey Mitchell,WNBASTARS,G,sportsdataverse,player_profiles_2024.csv
pl_6ea88c4443fd507d,2025,Fever,3142191,Kelsey Mitchell,IND,G,sportsdataverse,player_profiles_2025.csv
pl_6ea88c4443fd507d,2025,TEAM CLARK,3142191,Kelsey Mitchell,CLA,G,sportsdataverse,player_profiles_2025.csv
pl_6ea88c4443fd507d,2026,Fever,3142191,Kelsey Mitchell,IND,G,espn_api,player_profiles_2026.csv
pl_6ea88c4443fd507d,2026,TEAM COOP,3142191,Kelsey Mitchell,COOP,G,espn_api,player_profiles_2026.csv
pl_6f0a6e675a6b9dc1,2025,Valkyries,4899328,Kaitlyn Chen,GS,G,sportsdataverse,player_profiles_2025.csv
pl_6f0a6e675a6b9dc1,2026,Valkyries,4899328,Kaitlyn Chen,GS,G,espn_api,player_profiles_2026.csv
pl_6f25d673dc3ee965,2025,Sun,2529125,Haley Peters,CON,F,sportsdataverse,player_profiles_2025.csv
pl_718050d09b51deba,2024,Fever,2955898,Damiris Dantas,IND,C,sportsdataverse,player_profiles_2024.csv
pl_718050d09b51deba,2025,Fever,2955898,Damiris Dantas,IND,C,sportsdataverse,player_profiles_2025.csv
pl_718050d09b51deba,2026,Fever,2955898,Damiris Dantas,IND,C,espn_api,player_profiles_2026.csv
pl_72b44918d2cfa628,2026,NIGERIA,5346856,Vera Ojenuwa,NIGER,F,espn_api,player_profiles_2026.csv
pl_7391c8d2b0b526dd,2024,Lynx,5017721,Sika Kone,MIN,F,sportsdataverse,player_profiles_2024.csv
pl_7391c8d2b0b526dd,2024,Mystics,5017721,Sika Kone,WSH,F,sportsdataverse,player_profiles_2024.csv
pl_7391c8d2b0b526dd,2025,Dream,5017721,Sika Kone,ATL,F,sportsdataverse,player_profiles_2025.csv
pl_7391c8d2b0b526dd,2025,Mystics,5017721,Sika Kone,WSH,F,sportsdataverse,player_profiles_2025.csv
pl_7391c8d2b0b526dd,2026,Dream,5017721,Sika Kone,ATL,F,espn_api,player_profiles_2026.csv
pl_744e9821e1581b96,2024,Sparks,3142327,Kia Nurse,LA,G,sportsdataverse,player_profiles_2024.csv
pl_744e9821e1581b96,2025,Sky,3142327,Kia Nurse,CHI,G,sportsdataverse,player_profiles_2025.csv
pl_744e9821e1581b96,2026,Tempo,3142327,Kia Nurse,TOR,G,espn_api,player_profiles_2026.csv
pl_74b14d712192a684,2024,Aces,4595236,Dyaisha Fair,LV,G,sportsdataverse,player_profiles_2024.csv
pl_76d93726b58baad1,2024,Aces,2284331,Emma Cannon,LV,F,sportsdataverse,player_profiles_2024.csv
pl_76d93726b58baad1,2025,Sparks,2284331,Emma Cannon,LA,F,sportsdataverse,player_profiles_2025.csv
pl_76d93726b58baad1,2026,Sparks,2284331,Emma Cannon,LA,F,espn_api,player_profiles_2026.csv
pl_773ac0cc9f92937f,2024,Sun,3058895,Brionna Jones,CON,F,sportsdataverse,player_profiles_2024.csv
pl_773ac0cc9f92937f,2024,Team WNBA,3058895,Brionna Jones,WNBASTARS,F,sportsdataverse,player_profiles_2024.csv
pl_773ac0cc9f92937f,2025,Dream,3058895,Brionna Jones,ATL,F,sportsdataverse,player_profiles_2025.csv
pl_773ac0cc9f92937f,2025,TEAM CLARK,3058895,Brionna Jones,CLA,F,sportsdataverse,player_profiles_2025.csv
pl_773ac0cc9f92937f,2026,Dream,3058895,Brionna Jones,ATL,F,espn_api,player_profiles_2026.csv
pl_778d39e799674912,2024,Dream,4432834,Laeticia Amihere,ATL,F,sportsdataverse,player_profiles_2024.csv
pl_778d39e799674912,2025,Valkyries,4432834,Laeticia Amihere,GS,F,sportsdataverse,player_profiles_2025.csv
pl_778d39e799674912,2026,Valkyries,4432834,Laeticia Amihere,GS,F,espn_api,player_profiles_2026.csv
pl_77feeed385f7b6c0,2024,Aces,3065570,Kelsey Plum,LV,G,sportsdataverse,player_profiles_2024.csv
pl_77feeed385f7b6c0,2024,Team USA,3065570,Kelsey Plum,USA,G,sportsdataverse,player_profiles_2024.csv
pl_77feeed385f7b6c0,2025,Sparks,3065570,Kelsey Plum,LA,G,sportsdataverse,player_profiles_2025.csv
pl_77feeed385f7b6c0,2025,TEAM COLLIER,3065570,Kelsey Plum,COL,G,sportsdataverse,player_profiles_2025.csv
pl_77feeed385f7b6c0,2026,Sparks,3065570,Kelsey Plum,LA,G,espn_api,player_profiles_2026.csv
pl_788e6ea1310778fd,2026,Sun,4433798,Taylor Bigby,CON,G,espn_api,player_profiles_2026.csv
pl_7897ca9d575458b3,2024,Sky,3904576,Marina Mabrey,CHI,G,sportsdataverse,player_profiles_2024.csv
pl_7897ca9d575458b3,2024,Sun,3904576,Marina Mabrey,CON,G,sportsdataverse,player_profiles_2024.csv
pl_7897ca9d575458b3,2025,Sun,3904576,Marina Mabrey,CON,G,sportsdataverse,player_profiles_2025.csv
pl_7897ca9d575458b3,2026,TEAM COOP,3904576,Marina Mabrey,COOP,G,espn_api,player_profiles_2026.csv
pl_7897ca9d575458b3,2026,Tempo,3904576,Marina Mabrey,TOR,G,espn_api,player_profiles_2026.csv
pl_78c2564e363837f3,2024,Wings,3913903,Teaira McCowan,DAL,C,sportsdataverse,player_profiles_2024.csv
pl_78c2564e363837f3,2025,Wings,3913903,Teaira McCowan,DAL,C,sportsdataverse,player_profiles_2025.csv
pl_78c2564e363837f3,2026,Lynx,3913903,Teaira McCowan,MIN,C,espn_api,player_profiles_2026.csv
pl_7968728052e37934,2024,Sky,4433405,Kamilla Cardoso,CHI,C,sportsdataverse,player_profiles_2024.csv
pl_7968728052e37934,2025,Sky,4433405,Kamilla Cardoso,CHI,C,sportsdataverse,player_profiles_2025.csv
pl_7968728052e37934,2026,Sky,4433405,Kamilla Cardoso,CHI,C,espn_api,player_profiles_2026.csv
pl_7ba7b666dbbd7854,2025,Mystics,4433416,Madison Scott,WSH,G,sportsdataverse,player_profiles_2025.csv
pl_7ba7b666dbbd7854,2026,Mystics,4433416,Madison Scott,WSH,G,espn_api,player_profiles_2026.csv
pl_7d61e6b861f4de2c,2024,Sparks,3142010,Azura Stevens,LA,F,sportsdataverse,player_profiles_2024.csv
pl_7d61e6b861f4de2c,2025,Sparks,3142010,Azura Stevens,LA,F,sportsdataverse,player_profiles_2025.csv
pl_7d61e6b861f4de2c,2026,Sky,3142010,Azura Stevens,CHI,F,espn_api,player_profiles_2026.csv
pl_7e326ab1cc47e0c5,2024,Aces,4433633,Kierstan Bell,LV,F,sportsdataverse,player_profiles_2024.csv
pl_7e326ab1cc47e0c5,2025,Aces,4433633,Kierstan Bell,LV,F,sportsdataverse,player_profiles_2025.csv
pl_7e326ab1cc47e0c5,2026,Aces,4433633,Kierstan Bell,LV,F,espn_api,player_profiles_2026.csv
pl_7ea95322fc050de7,2026,Storm,4698736,Flau'jae Johnson,SEA,G,espn_api,player_profiles_2026.csv
pl_7f95cf8105c32fc9,2024,Mystics,2529183,Stefanie Dolson,WSH,C,sportsdataverse,player_profiles_2024.csv
pl_7f95cf8105c32fc9,2025,Mystics,2529183,Stefanie Dolson,WSH,C,sportsdataverse,player_profiles_2025.csv
pl_7f95cf8105c32fc9,2026,Storm,2529183,Stefanie Dolson,SEA,C,espn_api,player_profiles_2026.csv
pl_819190efdb576b9c,2024,Sky,3058888,Kaela Davis,CHI,F,sportsdataverse,player_profiles_2024.csv
pl_82e61535f0085d21,2025,Valkyries,4790264,Janelle Salaun,GS,F,sportsdataverse,player_profiles_2025.csv
pl_82e61535f0085d21,2026,Valkyries,4790264,Janelle Salaun,GS,F,espn_api,player_profiles_2026.csv
pl_8319b052523e2db3,2024,Storm,4433468,Nika Muhl,SEA,G,sportsdataverse,player_profiles_2024.csv
pl_831e8ee76670c6eb,2024,Sun,2984741,Tiffany Mitchell,CON,G,sportsdataverse,player_profiles_2024.csv
pl_831e8ee76670c6eb,2025,Aces,2984741,Tiffany Mitchell,LV,G,sportsdataverse,player_profiles_2025.csv
pl_831e8ee76670c6eb,2025,Storm,2984741,Tiffany Mitchell,SEA,G,sportsdataverse,player_profiles_2025.csv
pl_83d39d4c97715818,2026,Dream,5208983,Isobel Borlase,ATL,G,espn_api,player_profiles_2026.csv
pl_84142be7011bbea4,2024,Liberty,4433386,Jaylyn Sherrod,NY,G,sportsdataverse,player_profiles_2024.csv
pl_84142be7011bbea4,2025,Liberty,4433386,Jaylyn Sherrod,NY,G,sportsdataverse,player_profiles_2025.csv
pl_84142be7011bbea4,2025,Lynx,4433386,Jaylyn Sherrod,MIN,G,sportsdataverse,player_profiles_2025.csv
pl_84142be7011bbea4,2026,Dream,4433386,Jaylyn Sherrod,ATL,G,espn_api,player_profiles_2026.csv
pl_84142be7011bbea4,2026,Lynx,4433386,Jaylyn Sherrod,MIN,G,espn_api,player_profiles_2026.csv
pl_84191fe3efe55532,2026,Tempo,4565505,Kiki Rice,TOR,G,espn_api,player_profiles_2026.csv
pl_84991a3be5585263,2024,Lynx,3906972,Bridget Carleton,MIN,F,sportsdataverse,player_profiles_2024.csv
pl_84991a3be5585263,2025,Lynx,3906972,Bridget Carleton,MIN,F,sportsdataverse,player_profiles_2025.csv
pl_84991a3be5585263,2026,Fire,3906972,Bridget Carleton,POR,F,espn_api,player_profiles_2026.csv
pl_84a3b9624cb75439,2026,Liberty,4281930,Anneli Maley,NY,F,espn_api,player_profiles_2026.csv
pl_84a3b9624cb75439,2026,Mercury,4281930,Anneli Maley,PHX,F,espn_api,player_profiles_2026.csv
pl_84eaedaae32e85d7,2024,Storm,1068,Nneka Ogwumike,SEA,F,sportsdataverse,player_profiles_2024.csv
pl_84eaedaae32e85d7,2024,Team WNBA,1068,Nneka Ogwumike,WNBASTARS,F,sportsdataverse,player_profiles_2024.csv
pl_84eaedaae32e85d7,2025,Storm,1068,Nneka Ogwumike,SEA,F,sportsdataverse,player_profiles_2025.csv
pl_84eaedaae32e85d7,2025,TEAM COLLIER,1068,Nneka Ogwumike,COL,F,sportsdataverse,player_profiles_2025.csv
pl_84eaedaae32e85d7,2026,Sparks,1068,Nneka Ogwumike,LA,F,espn_api,player_profiles_2026.csv
pl_84eaedaae32e85d7,2026,TEAM SPOON,1068,Nneka Ogwumike,SPO,F,espn_api,player_profiles_2026.csv
pl_85b2b70e49e5a1eb,2024,Dream,4595910,Haley Jones,ATL,G,sportsdataverse,player_profiles_2024.csv
pl_85b2b70e49e5a1eb,2025,Mercury,4595910,Haley Jones,PHX,G,sportsdataverse,player_profiles_2025.csv
pl_85b2b70e49e5a1eb,2025,Wings,4595910,Haley Jones,DAL,G,sportsdataverse,player_profiles_2025.csv
pl_85b2b70e49e5a1eb,2026,Fire,4595910,Haley Jones,POR,G,espn_api,player_profiles_2026.csv
pl_85b2b70e49e5a1eb,2026,Wings,4595910,Haley Jones,DAL,G,espn_api,player_profiles_2026.csv
pl_8625ab31b0ff31b0,2026,NIGERIA,2491811,Victoria Macaulay,NIGER,C,espn_api,player_profiles_2026.csv
pl_8706e3bf79abc8f8,2024,Dream,2529458,Cheyenne Parker-Tyus,ATL,F,sportsdataverse,player_profiles_2024.csv
pl_8706e3bf79abc8f8,2025,Aces,2529458,Cheyenne Parker-Tyus,LV,F,sportsdataverse,player_profiles_2025.csv
pl_8706e3bf79abc8f8,2026,Aces,2529458,Cheyenne Parker-Tyus,LV,F,espn_api,player_profiles_2026.csv
pl_8870d24acd800ae5,2025,Sun,4433514,Saniya Rivers,CON,G,sportsdataverse,player_profiles_2025.csv
pl_8870d24acd800ae5,2026,Sun,4433514,Saniya Rivers,CON,G,espn_api,player_profiles_2026.csv
pl_8a4596f4b3d6fcec,2024,Sun,4398966,Olivia Nelson-Ododa,CON,C,sportsdataverse,player_profiles_2024.csv
pl_8a4596f4b3d6fcec,2025,Sun,4398966,Olivia Nelson-Ododa,CON,C,sportsdataverse,player_profiles_2025.csv
pl_8a4596f4b3d6fcec,2026,Sun,4398966,Olivia Nelson-Ododa,CON,C,espn_api,player_profiles_2026.csv
pl_8cfffe18500e9af1,2024,Mystics,4432841,Jakia Brown-Turner,WSH,G,sportsdataverse,player_profiles_2024.csv
pl_8d35c8dda3c537fa,2026,Valkyries,4398577,Miela Sowah,GS,G,espn_api,player_profiles_2026.csv
pl_8e8c3de3117384bf,2024,Lynx,4398938,Dorka Juhasz,MIN,F,sportsdataverse,player_profiles_2024.csv
pl_8e8c3de3117384bf,2026,Lynx,4398938,Dorka Juhasz,MIN,F,espn_api,player_profiles_2026.csv
pl_8f6fd4a5259ea241,2024,Sparks,4336633,Li Yueru,LA,C,sportsdataverse,player_profiles_2024.csv
pl_8f6fd4a5259ea241,2025,Storm,4336633,Li Yueru,SEA,C,sportsdataverse,player_profiles_2025.csv
pl_8f6fd4a5259ea241,2025,Wings,4336633,Li Yueru,DAL,C,sportsdataverse,player_profiles_2025.csv
pl_8f6fd4a5259ea241,2026,Wings,4336633,Li Yueru,DAL,C,espn_api,player_profiles_2026.csv
pl_90a1fc35e4d0833f,2026,Sun,4433413,Madison Hayes,CON,G,espn_api,player_profiles_2026.csv
pl_91fa399932076bab,2024,Sky,2566081,Elizabeth Williams,CHI,C,sportsdataverse,player_profiles_2024.csv
pl_91fa399932076bab,2025,Sky,2566081,Elizabeth Williams,CHI,C,sportsdataverse,player_profiles_2025.csv
pl_91fa399932076bab,2026,Sky,2566081,Elizabeth Williams,CHI,C,espn_api,player_profiles_2026.csv
pl_9201a353366bfdf8,2024,Storm,3142328,Gabby Williams,SEA,F,sportsdataverse,player_profiles_2024.csv
pl_9201a353366bfdf8,2025,Storm,3142328,Gabby Williams,SEA,F,sportsdataverse,player_profiles_2025.csv
pl_9201a353366bfdf8,2025,TEAM CLARK,3142328,Gabby Williams,CLA,F,sportsdataverse,player_profiles_2025.csv
pl_9201a353366bfdf8,2026,TEAM COOP,3142328,Gabby Williams,COOP,F,espn_api,player_profiles_2026.csv
pl_9201a353366bfdf8,2026,Valkyries,3142328,Gabby Williams,GS,F,espn_api,player_profiles_2026.csv
pl_925d7c2709562b1c,2026,Valkyries,4066546,Nadia Fingall,GS,C,espn_api,player_profiles_2026.csv
pl_927a0b21091e3836,2024,Sparks,4066553,Aari McDonald,LA,G,sportsdataverse,player_profiles_2024.csv
pl_927a0b21091e3836,2025,Fever,4066553,Aari McDonald,IND,G,sportsdataverse,player_profiles_2025.csv
pl_92d250c94196318f,2025,Aces,2591976,Crystal Bradford,LV,F,sportsdataverse,player_profiles_2025.csv
pl_930ec4449bf816dc,2024,Lynx,4398567,Taylor Soule,MIN,F,sportsdataverse,player_profiles_2024.csv
pl_936ccc185569c0e0,2026,Fever,4433811,Jessica Timmons,IND,G,espn_api,player_profiles_2026.csv
pl_96dcc7c7fe3d6fbc,2026,Mystics,5106145,Darianna Littlepage-Buggs,WSH,G,espn_api,player_profiles_2026.csv
pl_973fb339a70cb407,2026,Wings,5345473,Costanza Verona,DAL,G,espn_api,player_profiles_2026.csv
pl_97437aae7bd51fd3,2025,Aces,4433309,Elizabeth Kitley,LV,C,sportsdataverse,player_profiles_2025.csv
pl_97437aae7bd51fd3,2025,Valkyries,4433309,Elizabeth Kitley,GS,C,sportsdataverse,player_profiles_2025.csv
pl_97ce373787b564c7,2024,Aces,2529122,Chelsea Gray,LV,G,sportsdataverse,player_profiles_2024.csv
pl_97ce373787b564c7,2024,Team USA,2529122,Chelsea Gray,USA,G,sportsdataverse,player_profiles_2024.csv
pl_97ce373787b564c7,2025,Aces,2529122,Chelsea Gray,LV,G,sportsdataverse,player_profiles_2025.csv
pl_97ce373787b564c7,2026,Aces,2529122,Chelsea Gray,LV,G,espn_api,player_profiles_2026.csv
pl_98696d9d8f881e4c,2026,Mystics,5278157,Alex Wilson,WSH,G,espn_api,player_profiles_2026.csv
pl_98dcc03f2a3a4456,2025,Wings,4434015,JJ Quinerly,DAL,G,sportsdataverse,player_profiles_2025.csv
pl_98dcc03f2a3a4456,2026,Wings,4434015,JJ Quinerly,DAL,G,espn_api,player_profiles_2026.csv
pl_999c88514445006c,2024,Mystics,2988756,Brittney Sykes,WSH,G,sportsdataverse,player_profiles_2024.csv
pl_999c88514445006c,2025,Mystics,2988756,Brittney Sykes,WSH,G,sportsdataverse,player_profiles_2025.csv
pl_999c88514445006c,2025,Storm,2988756,Brittney Sykes,SEA,G,sportsdataverse,player_profiles_2025.csv
pl_999c88514445006c,2025,TEAM CLARK,2988756,Brittney Sykes,CLA,G,sportsdataverse,player_profiles_2025.csv
pl_999c88514445006c,2026,Tempo,2988756,Brittney Sykes,TOR,G,espn_api,player_profiles_2026.csv
pl_9a019f46430843cd,2026,Fire,5108550,Serah Williams,POR,C,espn_api,player_profiles_2026.csv
pl_9b9821e1b9e986c6,2024,Sun,3099025,Astou Ndour-Fall,CON,C,sportsdataverse,player_profiles_2024.csv
pl_9bcf5b4e0b9b582f,2026,Fever,5105731,Grace VanSlooten,IND,F,espn_api,player_profiles_2026.csv
pl_9bcf5b4e0b9b582f,2026,Storm,5105731,Grace VanSlooten,SEA,F,espn_api,player_profiles_2026.csv
pl_9c2c1845018e7de3,2025,Mercury,5274110,Monique Akoa Makani,PHX,G,sportsdataverse,player_profiles_2025.csv
pl_9c2c1845018e7de3,2026,Mercury,5274110,Monique Akoa Makani,PHX,G,espn_api,player_profiles_2026.csv
pl_9d2d9557e55df68f,2026,Sun,5345319,Nell Angloma,CON,F,espn_api,player_profiles_2026.csv
pl_9f5d906bad6d9a21,2025,Wings,4433807,Aziaha James,DAL,G,sportsdataverse,player_profiles_2025.csv
pl_9f5d906bad6d9a21,2026,Wings,4433807,Aziaha James,DAL,G,espn_api,player_profiles_2026.csv
pl_a16dc7f41e113ba9,2026,Lynx,4433791,Olivia Miles,MIN,G,espn_api,player_profiles_2026.csv
pl_a16dc7f41e113ba9,2026,TEAM SPOON,4433791,Olivia Miles,SPO,G,espn_api,player_profiles_2026.csv
pl_a1fae84753cfb78d,2024,Liberty,4433661,Marquesha Davis,NY,G,sportsdataverse,player_profiles_2024.csv
pl_a1fae84753cfb78d,2025,Liberty,4433661,Marquesha Davis,NY,G,sportsdataverse,player_profiles_2025.csv
pl_a1fae84753cfb78d,2025,Sky,4433661,Marquesha Davis,CHI,G,sportsdataverse,player_profiles_2025.csv
pl_a208741d9668152d,2025,Valkyries,4065780,Kaila Charles,GS,G,sportsdataverse,player_profiles_2025.csv
pl_a208741d9668152d,2025,Wings,4065780,Kaila Charles,DAL,G,sportsdataverse,player_profiles_2025.csv
pl_a208741d9668152d,2026,Valkyries,4065780,Kaila Charles,GS,G,espn_api,player_profiles_2026.csv
pl_a30ed806947228e7,2024,Wings,4399415,Maddy Siegrist,DAL,F,sportsdataverse,player_profiles_2024.csv
pl_a30ed806947228e7,2025,Wings,4399415,Maddy Siegrist,DAL,F,sportsdataverse,player_profiles_2025.csv
pl_a30ed806947228e7,2026,Wings,4399415,Maddy Siegrist,DAL,F,espn_api,player_profiles_2026.csv
pl_a4bd97254e32a924,2024,Wings,2529130,Natasha Howard,DAL,F,sportsdataverse,player_profiles_2024.csv
pl_a4bd97254e32a924,2025,Fever,2529130,Natasha Howard,IND,F,sportsdataverse,player_profiles_2025.csv
pl_a4bd97254e32a924,2026,Lynx,2529130,Natasha Howard,MIN,F,espn_api,player_profiles_2026.csv
pl_a4bd97254e32a924,2026,TEAM COOP,2529130,Natasha Howard,COOP,F,espn_api,player_profiles_2026.csv
pl_a4df35e5a7a044a5,2026,Lynx,4873358,Antonia Delaere,MIN,F,espn_api,player_profiles_2026.csv
pl_a5072a918317988b,2024,Wings,4399114,Lou Lopez Senechal,DAL,G,sportsdataverse,player_profiles_2024.csv
pl_a5dd83848d78485a,2025,Wings,4898994,Serena Sundell,DAL,G,sportsdataverse,player_profiles_2025.csv
pl_a65e33f4691d30cc,2026,Sparks,5105729,Chance Gray,LA,G,espn_api,player_profiles_2026.csv
pl_a69f1ab4c59209c0,2024,Lynx,3142055,Myisha Hines-Allen,MIN,F,sportsdataverse,player_profiles_2024.csv
pl_a69f1ab4c59209c0,2024,Mystics,3142055,Myisha Hines-Allen,WSH,F,sportsdataverse,player_profiles_2024.csv
pl_a69f1ab4c59209c0,2025,Wings,3142055,Myisha Hines-Allen,DAL,F,sportsdataverse,player_profiles_2025.csv
pl_a69f1ab4c59209c0,2026,Fever,3142055,Myisha Hines-Allen,IND,F,espn_api,player_profiles_2026.csv
pl_a6b750ec791d86be,2024,Sparks,4433630,Rickea Jackson,LA,F,sportsdataverse,player_profiles_2024.csv
pl_a6b750ec791d86be,2025,Sparks,4433630,Rickea Jackson,LA,F,sportsdataverse,player_profiles_2025.csv
pl_a6b750ec791d86be,2026,Sky,4433630,Rickea Jackson,CHI,F,espn_api,player_profiles_2026.csv
pl_a6be6c1be9bc91e7,2026,Fire,5105406,Frieda Buhner,POR,F,espn_api,player_profiles_2026.csv
pl_a70a0e88781dddff,2024,Sky,2566453,Isabelle Harrison,CHI,F,sportsdataverse,player_profiles_2024.csv
pl_a70a0e88781dddff,2025,Liberty,2566453,Isabelle Harrison,NY,F,sportsdataverse,player_profiles_2025.csv
pl_a70a0e88781dddff,2026,Tempo,2566453,Isabelle Harrison,TOR,F,espn_api,player_profiles_2026.csv
pl_a747221cd96dcc26,2024,Storm,4068161,Joyner Holmes,SEA,F,sportsdataverse,player_profiles_2024.csv
pl_a747221cd96dcc26,2025,Aces,4068161,Joyner Holmes,LV,F,sportsdataverse,player_profiles_2025.csv
pl_a747221cd96dcc26,2026,Storm,4068161,Joyner Holmes,SEA,F,espn_api,player_profiles_2026.csv
pl_a7a5828cfcca3acf,2024,Sparks,4432832,Zia Cooke,LA,G,sportsdataverse,player_profiles_2024.csv
pl_a7a5828cfcca3acf,2025,Storm,4432832,Zia Cooke,SEA,G,sportsdataverse,player_profiles_2025.csv
pl_a7a5828cfcca3acf,2026,Storm,4432832,Zia Cooke,SEA,G,espn_api,player_profiles_2026.csv
pl_a8c6901f4d81a98e,2024,Mercury,2998938,Kahleah Copper,PHX,G,sportsdataverse,player_profiles_2024.csv
pl_a8c6901f4d81a98e,2024,Team USA,2998938,Kahleah Copper,USA,G,sportsdataverse,player_profiles_2024.csv
pl_a8c6901f4d81a98e,2025,Mercury,2998938,Kahleah Copper,PHX,G,sportsdataverse,player_profiles_2025.csv
pl_a8c6901f4d81a98e,2026,Mercury,2998938,Kahleah Copper,PHX,G,espn_api,player_profiles_2026.csv
pl_a8c6901f4d81a98e,2026,TEAM COOP,2998938,Kahleah Copper,COOP,G,espn_api,player_profiles_2026.csv
pl_a9f0686367871e4e,2024,Liberty,2998928,Breanna Stewart,NY,F,sportsdataverse,player_profiles_2024.csv
pl_a9f0686367871e4e,2024,Team USA,2998928,Breanna Stewart,USA,F,sportsdataverse,player_profiles_2024.csv
pl_a9f0686367871e4e,2025,Liberty,2998928,Breanna Stewart,NY,F,sportsdataverse,player_profiles_2025.csv
pl_a9f0686367871e4e,2025,TEAM COLLIER,2998928,Breanna Stewart,COL,F,sportsdataverse,player_profiles_2025.csv
pl_a9f0686367871e4e,2026,Liberty,2998928,Breanna Stewart,NY,F,espn_api,player_profiles_2026.csv
pl_a9f0686367871e4e,2026,TEAM COOP,2998928,Breanna Stewart,COOP,F,espn_api,player_profiles_2026.csv
pl_aa85350eb78f5bb0,2026,Dream,5108587,Madina Okot,ATL,C,espn_api,player_profiles_2026.csv
pl_ac7ebd99356af01a,2024,Sky,2566186,Rachel Banham,CHI,G,sportsdataverse,player_profiles_2024.csv
pl_ac7ebd99356af01a,2024,Sun,2566186,Rachel Banham,CON,G,sportsdataverse,player_profiles_2024.csv
pl_ac7ebd99356af01a,2025,Sky,2566186,Rachel Banham,CHI,G,sportsdataverse,player_profiles_2025.csv
pl_ac7ebd99356af01a,2026,Sky,2566186,Rachel Banham,CHI,G,espn_api,player_profiles_2026.csv
pl_ad523ebd390442fa,2024,Wings,3916514,Kalani Brown,DAL,C,sportsdataverse,player_profiles_2024.csv
pl_ad523ebd390442fa,2025,Mercury,3916514,Kalani Brown,PHX,C,sportsdataverse,player_profiles_2025.csv
pl_ad6db34730115349,2024,Sky,4281190,Dana Evans,CHI,G,sportsdataverse,player_profiles_2024.csv
pl_ad6db34730115349,2025,Aces,4281190,Dana Evans,LV,G,sportsdataverse,player_profiles_2025.csv
pl_ad6db34730115349,2026,Aces,4281190,Dana Evans,LV,G,espn_api,player_profiles_2026.csv
pl_ad864595548de955,2025,TEAM COLLIER,4433730,Paige Bueckers,COL,G,sportsdataverse,player_profiles_2025.csv
pl_ad864595548de955,2025,Wings,4433730,Paige Bueckers,DAL,G,sportsdataverse,player_profiles_2025.csv
pl_ad864595548de955,2026,TEAM COOP,4433730,Paige Bueckers,COOP,G,espn_api,player_profiles_2026.csv
pl_ad864595548de955,2026,Wings,4433730,Paige Bueckers,DAL,G,espn_api,player_profiles_2026.csv
pl_aea7f14c419b1385,2024,Aces,1004,Sydney Colson,LV,G,sportsdataverse,player_profiles_2024.csv
pl_aea7f14c419b1385,2025,Fever,1004,Sydney Colson,IND,G,sportsdataverse,player_profiles_2025.csv
pl_aef6e4dc2c690201,2026,Dream,3907713,Maite Cazorla,ATL,G,espn_api,player_profiles_2026.csv
pl_af08ce42951fb6d0,2026,NIGERIA,5346855,Jemi Klaku,NIGER,F,espn_api,player_profiles_2026.csv
pl_b0ea006be021bdbe,2024,Mercury,585,Diana Taurasi,PHX,G,sportsdataverse,player_profiles_2024.csv
pl_b0ea006be021bdbe,2024,Team USA,585,Diana Taurasi,USA,G,sportsdataverse,player_profiles_2024.csv
pl_b13a41f2db332afd,2026,NIGERIA,5346854,Regina Donanu,NIGER,F,espn_api,player_profiles_2026.csv
pl_b1f8a1c001b84d2d,2024,Mystics,4281253,DiDi Richards,WSH,G,sportsdataverse,player_profiles_2024.csv
pl_b24f032c6d840336,2025,Fever,1107,Shey Peddy,IND,G,sportsdataverse,player_profiles_2025.csv
pl_b24f032c6d840336,2025,Sparks,1107,Shey Peddy,LA,G,sportsdataverse,player_profiles_2025.csv
pl_b24f032c6d840336,2026,Sun,1107,Shey Peddy,CON,G,espn_api,player_profiles_2026.csv
pl_b29c9020cace31b6,2026,Mystics,4583144,Cotie McMahon,WSH,G,espn_api,player_profiles_2026.csv
pl_b2a0117cc3fe0fc8,2026,Sun,4682860,Kyla Oldacre,CON,C,espn_api,player_profiles_2026.csv
pl_b2e70cf920731cfe,2025,Wings,4704417,Ajae Petty,DAL,F,sportsdataverse,player_profiles_2025.csv
pl_b602e33a84c8896a,2024,Dream,4281183,Lorela Cubaj,ATL,F,sportsdataverse,player_profiles_2024.csv
pl_bae275cf69e5c648,2026,Tempo,3910470,Maria Conde,TOR,F,espn_api,player_profiles_2026.csv
pl_bba3b5d0b6f11cd4,2026,Liberty,4433744,Ugonne Onyiah,NY,C,espn_api,player_profiles_2026.csv
pl_bda9fcea35624009,2024,Sky,3058908,Lindsay Allen,CHI,G,sportsdataverse,player_profiles_2024.csv
pl_bda9fcea35624009,2025,Sun,3058908,Lindsay Allen,CON,G,sportsdataverse,player_profiles_2025.csv
pl_bda9fcea35624009,2026,Wings,3058908,Lindsay Allen,DAL,G,espn_api,player_profiles_2026.csv
pl_be910958c10a81a8,2024,Lynx,4433635,Diamond Miller,MIN,F,sportsdataverse,player_profiles_2024.csv
pl_be910958c10a81a8,2025,Lynx,4433635,Diamond Miller,MIN,F,sportsdataverse,player_profiles_2025.csv
pl_be910958c10a81a8,2025,Wings,4433635,Diamond Miller,DAL,F,sportsdataverse,player_profiles_2025.csv
pl_be910958c10a81a8,2026,Sun,4433635,Diamond Miller,CON,F,espn_api,player_profiles_2026.csv
pl_bf30cc0b721c45bc,2026,Sun,4899316,Harmoni Turner,CON,G,espn_api,player_profiles_2026.csv
pl_c25b9ca19802378e,2025,Lynx,2325299,Yvonne Anderson,MIN,G,sportsdataverse,player_profiles_2025.csv
pl_c3118aa754391b29,2024,Lynx,4257500,Cecilia Zandalasini,MIN,F,sportsdataverse,player_profiles_2024.csv
pl_c3118aa754391b29,2025,Valkyries,4257500,Cecilia Zandalasini,GS,F,sportsdataverse,player_profiles_2025.csv
pl_c3118aa754391b29,2026,Valkyries,4257500,Cecilia Zandalasini,GS,F,espn_api,player_profiles_2026.csv
pl_c3d93d9bdcae9083,2024,Dream,2999035,Aerial Powers,ATL,G,sportsdataverse,player_profiles_2024.csv
pl_c3d93d9bdcae9083,2025,Fever,2999035,Aerial Powers,IND,G,sportsdataverse,player_profiles_2025.csv
pl_c3d93d9bdcae9083,2025,Valkyries,2999035,Aerial Powers,GS,G,sportsdataverse,player_profiles_2025.csv
pl_c48533777f251871,2026,Sparks,5107515,Laura Ziegler,LA,F,espn_api,player_profiles_2026.csv
pl_c5aaf4bd7b119958,2026,Sky,4858656,Gabriela Jaquez,CHI,G,espn_api,player_profiles_2026.csv
pl_c614df327b6fb1f6,2025,Mercury,5220167,Murjanatu Musa,PHX,C,sportsdataverse,player_profiles_2025.csv
pl_c638f23a981646dc,2024,Mercury,3142255,Monique Billings,PHX,F,sportsdataverse,player_profiles_2024.csv
pl_c638f23a981646dc,2024,Wings,3142255,Monique Billings,DAL,F,sportsdataverse,player_profiles_2024.csv
pl_c638f23a981646dc,2025,Valkyries,3142255,Monique Billings,GS,F,sportsdataverse,player_profiles_2025.csv
pl_c638f23a981646dc,2026,Fever,3142255,Monique Billings,IND,F,espn_api,player_profiles_2026.csv
pl_c6885718033c2044,2026,Lynx,5109356,Jade Masogayo,MIN,F,espn_api,player_profiles_2026.csv
pl_c6c674b15e584eb9,2024,Lynx,5105752,Alissa Pili,MIN,F,sportsdataverse,player_profiles_2024.csv
pl_c6c674b15e584eb9,2025,Lynx,5105752,Alissa Pili,MIN,F,sportsdataverse,player_profiles_2025.csv
pl_c6c674b15e584eb9,2025,Sparks,5105752,Alissa Pili,LA,F,sportsdataverse,player_profiles_2025.csv
pl_c6c674b15e584eb9,2026,Sparks,5105752,Alissa Pili,LA,F,espn_api,player_profiles_2026.csv
pl_c6d27cc42c66a0fc,2025,Mystics,4433524,Sonia Citron,WSH,G,sportsdataverse,player_profiles_2025.csv
pl_c6d27cc42c66a0fc,2025,TEAM CLARK,4433524,Sonia Citron,CLA,G,sportsdataverse,player_profiles_2025.csv
pl_c6d27cc42c66a0fc,2026,Mystics,4433524,Sonia Citron,WSH,G,espn_api,player_profiles_2026.csv
pl_c6d27cc42c66a0fc,2026,TEAM COOP,4433524,Sonia Citron,COOP,G,espn_api,player_profiles_2026.csv
pl_c766f7ba9005db8e,2025,Wings,4398965,Christyn Williams,DAL,G,sportsdataverse,player_profiles_2025.csv
pl_c79dbae9348870a3,2026,Aces,5220104,Mai Yamamoto,LV,G,espn_api,player_profiles_2026.csv
pl_c7f6e677d6a53d04,2026,Lynx,4433542,Saylor Poffenbarger,MIN,G,espn_api,player_profiles_2026.csv
pl_c7f6e677d6a53d04,2026,Sky,4433542,Saylor Poffenbarger,CHI,G,espn_api,player_profiles_2026.csv
pl_c8136e1562f21dcd,2025,Dream,4898400,Taylor Thierry,ATL,F,sportsdataverse,player_profiles_2025.csv
pl_c8136e1562f21dcd,2026,Dream,4898400,Taylor Thierry,ATL,F,espn_api,player_profiles_2026.csv
pl_c8136e1562f21dcd,2026,Storm,4898400,Taylor Thierry,SEA,F,espn_api,player_profiles_2026.csv
pl_c86fb276d5b0d670,2024,Storm,4420318,Ezi Magbegor,SEA,F,sportsdataverse,player_profiles_2024.csv
pl_c86fb276d5b0d670,2025,Storm,4420318,Ezi Magbegor,SEA,F,sportsdataverse,player_profiles_2025.csv
pl_c86fb276d5b0d670,2026,Storm,4420318,Ezi Magbegor,SEA,F,espn_api,player_profiles_2026.csv
pl_c8c0e0c1fb9ec4ed,2024,Sun,4066548,DiJonai Carrington,CON,G,sportsdataverse,player_profiles_2024.csv
pl_c8c0e0c1fb9ec4ed,2025,Lynx,4066548,DiJonai Carrington,MIN,G,sportsdataverse,player_profiles_2025.csv
pl_c8c0e0c1fb9ec4ed,2025,Wings,4066548,DiJonai Carrington,DAL,G,sportsdataverse,player_profiles_2025.csv
pl_c8c0e0c1fb9ec4ed,2026,Sky,4066548,DiJonai Carrington,CHI,G,espn_api,player_profiles_2026.csv
pl_c92605221f287763,2026,Aces,4565501,Janiah Barker,LV,F,espn_api,player_profiles_2026.csv
pl_c9f19dfe116cd058,2024,Dream,3054590,Nia Coffey,ATL,F,sportsdataverse,player_profiles_2024.csv
pl_c9f19dfe116cd058,2025,Dream,3054590,Nia Coffey,ATL,F,sportsdataverse,player_profiles_2025.csv
pl_c9f19dfe116cd058,2026,Lynx,3054590,Nia Coffey,MIN,F,espn_api,player_profiles_2026.csv
pl_ca00b30dabc6a2b2,2025,Sparks,4433795,Sania Feagin,LA,F,sportsdataverse,player_profiles_2025.csv
pl_ca00b30dabc6a2b2,2026,Fire,4433795,Sania Feagin,POR,F,espn_api,player_profiles_2026.csv
pl_ca00b30dabc6a2b2,2026,Sparks,4433795,Sania Feagin,LA,F,espn_api,player_profiles_2026.csv
pl_cbf7a58f0b134d5d,2026,NIGERIA,5346853,Suzie Rafiu,NIGER,F,espn_api,player_profiles_2026.csv
pl_cd3e3b2fb01eedd6,2026,Sun,4898898,Gianna Kneepkens,CON,G,espn_api,player_profiles_2026.csv
pl_cdfca6023e460043,2024,Liberty,981,Courtney Vandersloot,NY,G,sportsdataverse,player_profiles_2024.csv
pl_cdfca6023e460043,2025,Sky,981,Courtney Vandersloot,CHI,G,sportsdataverse,player_profiles_2025.csv
pl_cdfca6023e460043,2026,Sky,981,Courtney Vandersloot,CHI,G,espn_api,player_profiles_2026.csv
pl_cf44942fa218c36d,2025,Fever,4280877,Chloe Bibby,IND,F,sportsdataverse,player_profiles_2025.csv
pl_cf44942fa218c36d,2025,Valkyries,4280877,Chloe Bibby,GS,F,sportsdataverse,player_profiles_2025.csv
pl_cf44942fa218c36d,2026,Fire,4280877,Chloe Bibby,POR,F,espn_api,player_profiles_2026.csv
pl_cf44942fa218c36d,2026,Sky,4280877,Chloe Bibby,CHI,F,espn_api,player_profiles_2026.csv
pl_d171b830a47daf25,2026,Lynx,5345478,Eliska Hamzova,MIN,G,espn_api,player_profiles_2026.csv
pl_d1bd55a6b654a0bf,2024,Dream,4398751,Destanni Henderson,ATL,G,sportsdataverse,player_profiles_2024.csv
pl_d1d9dc04abd5ad0e,2024,Lynx,2987891,Courtney Williams,MIN,G,sportsdataverse,player_profiles_2024.csv
pl_d1d9dc04abd5ad0e,2025,Lynx,2987891,Courtney Williams,MIN,G,sportsdataverse,player_profiles_2025.csv
pl_d1d9dc04abd5ad0e,2025,TEAM COLLIER,2987891,Courtney Williams,COL,G,sportsdataverse,player_profiles_2025.csv
pl_d1d9dc04abd5ad0e,2026,Lynx,2987891,Courtney Williams,MIN,G,espn_api,player_profiles_2026.csv
pl_d1d9dc04abd5ad0e,2026,TEAM SPOON,2987891,Courtney Williams,SPO,G,espn_api,player_profiles_2026.csv
pl_d4809954b4ed0d21,2024,Liberty,4398768,Nyara Sabally,NY,F,sportsdataverse,player_profiles_2024.csv
pl_d4809954b4ed0d21,2025,Liberty,4398768,Nyara Sabally,NY,F,sportsdataverse,player_profiles_2025.csv
pl_d4809954b4ed0d21,2026,Tempo,4398768,Nyara Sabally,TOR,F,espn_api,player_profiles_2026.csv
pl_d525fce75862cd33,2025,Sky,4433424,Maddy Westbeld,CHI,F,sportsdataverse,player_profiles_2025.csv
pl_d525fce75862cd33,2026,Sky,4433424,Maddy Westbeld,CHI,F,espn_api,player_profiles_2026.csv
pl_d638431d28651af3,2026,Sky,4594786,Sydney Taylor,CHI,G,espn_api,player_profiles_2026.csv
pl_d64042b13c2c2df1,2026,NIGERIA,5238309,Shay Ijiwoye,NIGER,G,espn_api,player_profiles_2026.csv
pl_d8206ef79a2289ec,2024,Fever,2569044,Temi Fagbenle,IND,C,sportsdataverse,player_profiles_2024.csv
pl_d8206ef79a2289ec,2025,Valkyries,2569044,Temi Fagbenle,GS,C,sportsdataverse,player_profiles_2025.csv
pl_d8206ef79a2289ec,2026,Tempo,2569044,Temi Fagbenle,TOR,C,espn_api,player_profiles_2026.csv
pl_d894f0bc96beccd5,2025,Mystics,4898384,Kiki Iriafen,WSH,F,sportsdataverse,player_profiles_2025.csv
pl_d894f0bc96beccd5,2025,TEAM CLARK,4898384,Kiki Iriafen,CLA,F,sportsdataverse,player_profiles_2025.csv
pl_d894f0bc96beccd5,2026,Mystics,4898384,Kiki Iriafen,WSH,F,espn_api,player_profiles_2026.csv
pl_d894f0bc96beccd5,2026,TEAM SPOON,4898384,Kiki Iriafen,SPO,F,espn_api,player_profiles_2026.csv
pl_db785457f18d4c90,2026,Tempo,4398589,Elizabeth Balogun,TOR,G,espn_api,player_profiles_2026.csv
pl_dbcf6bd45e0737b7,2026,Tempo,4874475,Nikolina Milic,TOR,F,espn_api,player_profiles_2026.csv
pl_dcd582192f8052ff,2026,Lynx,3913680,Emese Hof,MIN,C,espn_api,player_profiles_2026.csv
pl_dd400f803bd2adfa,2025,Valkyries,4790263,Iliana Rupert,GS,C,sportsdataverse,player_profiles_2025.csv
pl_dd400f803bd2adfa,2026,Valkyries,4790263,Iliana Rupert,GS,C,espn_api,player_profiles_2026.csv
pl_ddbde04826e4f1f1,2025,Valkyries,5208982,Carla Leite,GS,G,sportsdataverse,player_profiles_2025.csv
pl_ddbde04826e4f1f1,2026,Fire,5208982,Carla Leite,POR,G,espn_api,player_profiles_2026.csv
pl_de0167a43a063eca,2024,Aces,4398907,Kate Martin,LV,G,sportsdataverse,player_profiles_2024.csv
pl_de0167a43a063eca,2025,Valkyries,4398907,Kate Martin,GS,G,sportsdataverse,player_profiles_2025.csv
pl_de0167a43a063eca,2026,Sparks,4398907,Kate Martin,LA,G,espn_api,player_profiles_2026.csv
pl_de21f6f1b148757b,2024,Storm,4432830,Jordan Horston,SEA,F,sportsdataverse,player_profiles_2024.csv
pl_de21f6f1b148757b,2026,Storm,4432830,Jordan Horston,SEA,F,espn_api,player_profiles_2026.csv
pl_de5d739ff60bca42,2024,Lynx,4038390,Olivia Epoupa,MIN,G,sportsdataverse,player_profiles_2024.csv
pl_debf3ef806a91eba,2024,Aces,4065870,Jackie Young,LV,G,sportsdataverse,player_profiles_2024.csv
pl_debf3ef806a91eba,2024,Team USA,4065870,Jackie Young,USA,G,sportsdataverse,player_profiles_2024.csv
pl_debf3ef806a91eba,2025,Aces,4065870,Jackie Young,LV,G,sportsdataverse,player_profiles_2025.csv
pl_debf3ef806a91eba,2025,TEAM CLARK,4065870,Jackie Young,CLA,G,sportsdataverse,player_profiles_2025.csv
pl_debf3ef806a91eba,2026,Aces,4065870,Jackie Young,LV,G,espn_api,player_profiles_2026.csv
pl_debf3ef806a91eba,2026,TEAM COOP,4065870,Jackie Young,COOP,G,espn_api,player_profiles_2026.csv
pl_df662445ef18615f,2024,Liberty,2593770,Betnijah Laney-Hamilton,NY,G,sportsdataverse,player_profiles_2024.csv
pl_df662445ef18615f,2026,Liberty,2593770,Betnijah Laney-Hamilton,NY,G,espn_api,player_profiles_2026.csv
pl_e0bd46be06de16d0,2024,Sky,4065820,Kysre Gondrezick,CHI,G,sportsdataverse,player_profiles_2024.csv
pl_e15db08c2d4062f0,2026,Mystics,5105737,Lauren Betts,WSH,C,espn_api,player_profiles_2026.csv
pl_e18364cddf6ba727,2025,Lynx,4329370,Maria Kliundikova,MIN,F,sportsdataverse,player_profiles_2025.csv
pl_e206fbb42b391098,2026,Sparks,4874375,Jihyun Park,LA,F,espn_api,player_profiles_2026.csv
pl_e21b306a828bce50,2026,Liberty,4790260,Marine Fauthoux,NY,G,espn_api,player_profiles_2026.csv
pl_e22cb1c86ccb7116,2024,Dream,2531437,Ezinne Kalu,ATL,G,sportsdataverse,player_profiles_2024.csv
pl_e22cb1c86ccb7116,2026,NIGERIA,2531437,Ezinne Kalu,NIGER,G,espn_api,player_profiles_2026.csv
pl_e331693d32cc2fb1,2025,Lynx,5220147,Marieme Badiane,MIN,C,sportsdataverse,player_profiles_2025.csv
pl_e38da4e11c9f06cb,2026,Fever,4433797,Raven Johnson,IND,G,espn_api,player_profiles_2026.csv
pl_e3be1f6fa5b431ec,2026,Tempo,3904479,Mariella Fasoula,TOR,C,espn_api,player_profiles_2026.csv
pl_e49d761a397e4cf3,2024,Dream,3142250,Jordin Canada,ATL,G,sportsdataverse,player_profiles_2024.csv
pl_e49d761a397e4cf3,2025,Dream,3142250,Jordin Canada,ATL,G,sportsdataverse,player_profiles_2025.csv
pl_e49d761a397e4cf3,2026,Dream,3142250,Jordin Canada,ATL,G,espn_api,player_profiles_2026.csv
pl_e5a9bb4aa8823cad,2024,Sparks,3099736,Stephanie Talbot,LA,F,sportsdataverse,player_profiles_2024.csv
pl_e5a9bb4aa8823cad,2025,Liberty,3099736,Stephanie Talbot,NY,F,sportsdataverse,player_profiles_2025.csv
pl_e5a9bb4aa8823cad,2025,Valkyries,3099736,Stephanie Talbot,GS,F,sportsdataverse,player_profiles_2025.csv
pl_e5a9bb4aa8823cad,2026,Aces,3099736,Stephanie Talbot,LV,F,espn_api,player_profiles_2026.csv
pl_e5acf7785f7b5107,2024,Mystics,2566110,Julie Vanloo,WSH,G,sportsdataverse,player_profiles_2024.csv
pl_e5acf7785f7b5107,2025,Sparks,2566110,Julie Vanloo,LA,G,sportsdataverse,player_profiles_2025.csv
pl_e5acf7785f7b5107,2025,Valkyries,2566110,Julie Vanloo,GS,G,sportsdataverse,player_profiles_2025.csv
pl_e5acf7785f7b5107,2026,Liberty,2566110,Julie Vanloo,NY,G,espn_api,player_profiles_2026.csv
pl_e5acf7785f7b5107,2026,Sparks,2566110,Julie Vanloo,LA,G,espn_api,player_profiles_2026.csv
pl_e63724923832d695,2025,Fever,3904548,Kyra Lambert,IND,G,sportsdataverse,player_profiles_2025.csv
pl_e808c7e45d2ab0d9,2026,Sun,4703609,Charlisse Leger-Walker,CON,G,espn_api,player_profiles_2026.csv
pl_ea23f9e2777e8ac7,2024,Sparks,2566106,Dearica Hamby,LA,F,sportsdataverse,player_profiles_2024.csv
pl_ea23f9e2777e8ac7,2024,Team WNBA,2566106,Dearica Hamby,WNBASTARS,F,sportsdataverse,player_profiles_2024.csv
pl_ea23f9e2777e8ac7,2025,Sparks,2566106,Dearica Hamby,LA,F,sportsdataverse,player_profiles_2025.csv
pl_ea23f9e2777e8ac7,2026,Sparks,2566106,Dearica Hamby,LA,F,espn_api,player_profiles_2026.csv
pl_ea406535ad9557e2,2025,Sun,2529185,Bria Hartley,CON,G,sportsdataverse,player_profiles_2025.csv
pl_ec0ac86a6fb8a096,2025,Mercury,4433510,Megan McConnell,PHX,G,sportsdataverse,player_profiles_2025.csv
pl_ec0ac86a6fb8a096,2026,Fever,4433510,Megan McConnell,IND,G,espn_api,player_profiles_2026.csv
pl_ec63ab60aef75f51,2024,Dream,4066585,Crystal Dangerfield,ATL,G,sportsdataverse,player_profiles_2024.csv
pl_ec63ab60aef75f51,2024,Sparks,4066585,Crystal Dangerfield,LA,G,sportsdataverse,player_profiles_2024.csv
pl_ecf023515674ceae,2024,Aces,1054,Tiffany Hayes,LV,G,sportsdataverse,player_profiles_2024.csv
pl_ecf023515674ceae,2025,Valkyries,1054,Tiffany Hayes,GS,G,sportsdataverse,player_profiles_2025.csv
pl_ecf023515674ceae,2026,Valkyries,1054,Tiffany Hayes,GS,G,espn_api,player_profiles_2026.csv
pl_ee1a59b6276fc1a4,2024,Fever,4398752,Victaria Saxton,IND,F,sportsdataverse,player_profiles_2024.csv
pl_ee7a6f6943f259ec,2024,Sky,4280892,Chennedy Carter,CHI,G,sportsdataverse,player_profiles_2024.csv
pl_ee7a6f6943f259ec,2026,Aces,4280892,Chennedy Carter,LV,G,espn_api,player_profiles_2026.csv
pl_eedd2368662c3d75,2025,Mercury,3920741,Kitija Laksa,PHX,G,sportsdataverse,player_profiles_2025.csv
pl_efa2a6bb66a806e4,2024,Sky,3058902,Diamond DeShields,CHI,G,sportsdataverse,player_profiles_2024.csv
pl_f0cb2d23d0e15e31,2026,NIGERIA,5312420,Nora Ezike,NIGER,F,espn_api,player_profiles_2026.csv
pl_f0d0b618c1f425fc,2024,Mercury,4398591,Liz Dixon,PHX,F,sportsdataverse,player_profiles_2024.csv
pl_f18f3e992558fc65,2024,Sun,869,DeWanna Bonner,CON,F,sportsdataverse,player_profiles_2024.csv
pl_f18f3e992558fc65,2024,Team WNBA,869,DeWanna Bonner,WNBASTARS,F,sportsdataverse,player_profiles_2024.csv
pl_f18f3e992558fc65,2025,Fever,869,DeWanna Bonner,IND,F,sportsdataverse,player_profiles_2025.csv
pl_f18f3e992558fc65,2025,Mercury,869,DeWanna Bonner,PHX,F,sportsdataverse,player_profiles_2025.csv
pl_f18f3e992558fc65,2026,Mercury,869,DeWanna Bonner,PHX,F,espn_api,player_profiles_2026.csv
pl_f19912735b6161f6,2025,Sun,4433792,Rayah Marshall,CON,C,sportsdataverse,player_profiles_2025.csv
pl_f19912735b6161f6,2026,Wings,4433792,Rayah Marshall,DAL,C,espn_api,player_profiles_2026.csv
pl_f305bf520aeae320,2025,Sun,2529567,Robyn Parks,CON,F,sportsdataverse,player_profiles_2025.csv
pl_f337971680b43b03,2024,Mystics,3056730,Karlie Samuelson,WSH,G,sportsdataverse,player_profiles_2024.csv
pl_f337971680b43b03,2025,Lynx,3056730,Karlie Samuelson,MIN,G,sportsdataverse,player_profiles_2025.csv
pl_f337971680b43b03,2026,Fire,3056730,Karlie Samuelson,POR,G,espn_api,player_profiles_2026.csv
pl_f3980637e667f6a6,2024,Sky,3142086,Brianna Turner,CHI,F,sportsdataverse,player_profiles_2024.csv
pl_f3980637e667f6a6,2025,Fever,3142086,Brianna Turner,IND,F,sportsdataverse,player_profiles_2025.csv
pl_f3980637e667f6a6,2026,Aces,3142086,Brianna Turner,LV,F,espn_api,player_profiles_2026.csv
pl_f3cf364a08200b25,2024,Fever,4433403,Caitlin Clark,IND,G,sportsdataverse,player_profiles_2024.csv
pl_f3cf364a08200b25,2024,Team WNBA,4433403,Caitlin Clark,WNBASTARS,G,sportsdataverse,player_profiles_2024.csv
pl_f3cf364a08200b25,2025,Fever,4433403,Caitlin Clark,IND,G,sportsdataverse,player_profiles_2025.csv
pl_f3cf364a08200b25,2025,TEAM CLARK,4433403,Caitlin Clark,CLA,G,sportsdataverse,player_profiles_2025.csv
pl_f3cf364a08200b25,2026,Fever,4433403,Caitlin Clark,IND,G,espn_api,player_profiles_2026.csv
pl_f3cf364a08200b25,2026,TEAM SPOON,4433403,Caitlin Clark,SPO,G,espn_api,player_profiles_2026.csv
pl_f40a85cb37330cc9,2025,Sparks,4596309,Liatu King,LA,F,sportsdataverse,player_profiles_2025.csv
pl_f40a85cb37330cc9,2025,Wings,4596309,Liatu King,DAL,F,sportsdataverse,player_profiles_2025.csv
pl_f40a85cb37330cc9,2026,Lynx,4596309,Liatu King,MIN,F,espn_api,player_profiles_2026.csv
pl_f4e70e1e62fb305d,2025,Fever,4898383,Bree Hall,IND,G,sportsdataverse,player_profiles_2025.csv
pl_f4e70e1e62fb305d,2025,Valkyries,4898383,Bree Hall,GS,G,sportsdataverse,player_profiles_2025.csv
pl_f4e70e1e62fb305d,2026,Fever,4898383,Bree Hall,IND,G,espn_api,player_profiles_2026.csv
pl_f739f0cb62e10f72,2026,NIGERIA,3918557,Nicole Enabosi,NIGER,F,espn_api,player_profiles_2026.csv
pl_f81e0e5b9366a921,2024,Storm,3056672,Mercedes Russell,SEA,C,sportsdataverse,player_profiles_2024.csv
pl_f81e0e5b9366a921,2025,Sparks,3056672,Mercedes Russell,LA,C,sportsdataverse,player_profiles_2025.csv
pl_f83d967434310f7b,2025,Mystics,4704180,Georgia Amoore,WSH,G,sportsdataverse,player_profiles_2025.csv
pl_f83d967434310f7b,2026,Mystics,4704180,Georgia Amoore,WSH,G,espn_api,player_profiles_2026.csv
pl_f9ed0cc991511882,2024,Storm,2491205,Skylar Diggins,SEA,G,sportsdataverse,player_profiles_2024.csv
pl_f9ed0cc991511882,2025,Storm,2491205,Skylar Diggins,SEA,G,sportsdataverse,player_profiles_2025.csv
pl_f9ed0cc991511882,2025,TEAM COLLIER,2491205,Skylar Diggins,COL,G,sportsdataverse,player_profiles_2025.csv
pl_f9ed0cc991511882,2026,Sky,2491205,Skylar Diggins,CHI,G,espn_api,player_profiles_2026.csv
pl_fa0966ed36ee67df,2025,Liberty,4038379,Marine Johannes,NY,G,sportsdataverse,player_profiles_2025.csv
pl_fa0966ed36ee67df,2026,Liberty,4038379,Marine Johannes,NY,G,espn_api,player_profiles_2026.csv
pl_fab9cb653c8ff8f0,2026,Aces,4682855,Justine Pissott,LV,G,espn_api,player_profiles_2026.csv
pl_fab9cb653c8ff8f0,2026,Fever,4682855,Justine Pissott,IND,G,espn_api,player_profiles_2026.csv
pl_fb4aa561d859bdfc,2024,Wings,4281929,Satou Sabally,DAL,F,sportsdataverse,player_profiles_2024.csv
pl_fb4aa561d859bdfc,2025,Mercury,4281929,Satou Sabally,PHX,F,sportsdataverse,player_profiles_2025.csv
pl_fb4aa561d859bdfc,2025,TEAM CLARK,4281929,Satou Sabally,CLA,F,sportsdataverse,player_profiles_2025.csv
pl_fb4aa561d859bdfc,2026,Liberty,4281929,Satou Sabally,NY,F,espn_api,player_profiles_2026.csv
pl_fb73b3891f665537,2024,Mercury,2529137,Natasha Cloud,PHX,G,sportsdataverse,player_profiles_2024.csv
pl_fb73b3891f665537,2025,Liberty,2529137,Natasha Cloud,NY,G,sportsdataverse,player_profiles_2025.csv
pl_fb73b3891f665537,2026,Sky,2529137,Natasha Cloud,CHI,G,espn_api,player_profiles_2026.csv
pl_fb879643ae96d5e9,2024,Wings,4432865,Jacy Sheldon,DAL,G,sportsdataverse,player_profiles_2024.csv
pl_fb879643ae96d5e9,2025,Mystics,4432865,Jacy Sheldon,WSH,G,sportsdataverse,player_profiles_2025.csv
pl_fb879643ae96d5e9,2025,Sun,4432865,Jacy Sheldon,CON,G,sportsdataverse,player_profiles_2025.csv
pl_fb879643ae96d5e9,2026,Sky,4432865,Jacy Sheldon,CHI,G,espn_api,player_profiles_2026.csv
pl_fd9eb3ab1862a89c,2024,Mercury,4068159,Sug Sutton,PHX,G,sportsdataverse,player_profiles_2024.csv
pl_fd9eb3ab1862a89c,2024,Mystics,4068159,Sug Sutton,WSH,G,sportsdataverse,player_profiles_2024.csv
pl_fd9eb3ab1862a89c,2025,Mystics,4068159,Sug Sutton,WSH,G,sportsdataverse,player_profiles_2025.csv
pl_fd9eb3ab1862a89c,2026,Fire,4068159,Sug Sutton,POR,G,espn_api,player_profiles_2026.csv
pl_fd9eb3ab1862a89c,2026,Wings,4068159,Sug Sutton,DAL,G,espn_api,player_profiles_2026.csv
pl_fde567a63b417f25,2026,Tempo,5364343,Ornella Bankole,TOR,G,espn_api,player_profiles_2026.csv
pl_fe0b535368070a88,2024,Liberty,5130672,Ivana Dojkic,NY,G,sportsdataverse,player_profiles_2024.csv
pl_fe1fd3bdaf2cd11e,2026,Aces,4705226,Jordan Obi,LV,G,espn_api,player_profiles_2026.csv
pl_fe48395a3f72a6b8,2026,Mystics,4682992,Christeen Iwuala,WSH,F,espn_api,player_profiles_2026.csv
