player_id,opponent,minutes,points,rebounds,assists,steals,blocks,turnovers,games
pl_016b4b6eb75cb3e2,,23.967391304347824,13.217391304347826,5.5978260869565215,1.608695652173913,0.33695652173913043,1.3695652173913044,1.608695652173913,112
pl_02fd8d1180014835,,20.244897959183675,5.979591836734694,3.9183673469387754,1.4489795918367347,0.5918367346938775,0.5714285714285714,1.0204081632653061,63
pl_035b628ad688ee7f,,17.846846846846848,5.891891891891892,2.2432432432432434,1.162162162162162,0.7297297297297297,0.46846846846846846,0.9819819819819819,125
pl_03acaff4a1a3a5b9,,19.983333333333334,8.516666666666667,7.616666666666666,0.8,0.8166666666666667,0.43333333333333335,1.2833333333333334,72
pl_041d1a799cefd8f8,,9.722222222222221,2.9444444444444446,0.8333333333333334,1.2222222222222223,0.16666666666666666,0.0,0.6666666666666666,18
pl_0538d809f7d14b6b,,33.12820512820513,17.358974358974358,4.452991452991453,2.8290598290598292,1.1538461538461537,0.47863247863247865,1.641025641025641,117
pl_070c464d42a619f8,,5.5625,1.8125,0.9375,0.25,0.0625,0.125,0.4375,24
pl_08f6eb03f818874d,,13.19047619047619,5.809523809523809,1.4761904761904763,2.761904761904762,0.5714285714285714,0.0,2.380952380952381,24
pl_092898e508f00a7d,,10.0,2.25,2.75,0.5,0.25,0.25,1.0,5
pl_093df112d6857361,,20.0,3.0,6.0,1.0,0.0,0.0,2.0,1
pl_0a03311b1e1c6aef,,27.0,2.0,1.0,2.0,1.0,0.0,3.0,1
pl_0a5d6b83c356de72,,19.0,10.25,4.25,0.0,0.25,1.5,1.5,24
pl_0a6173733ae1e3ea,,15.957983193277311,1.6554621848739495,4.0588235294117645,0.6470588235294118,0.48739495798319327,0.8151260504201681,0.3949579831932773,125
pl_0d66b1760232f8b8,,12.583333333333334,3.0555555555555554,1.9166666666666667,0.8055555555555556,0.3611111111111111,0.19444444444444445,0.5555555555555556,42
pl_0df46667a621d970,,23.655172413793103,6.594827586206897,3.560344827586207,1.3620689655172413,0.8879310344827587,0.25,0.9568965517241379,122
pl_0e92867d04f71e38,,24.0,12.05,5.15,3.0,1.05,0.65,2.05,21
pl_0f04ff87743fb001,,16.434343434343436,5.97979797979798,4.040404040404041,1.6161616161616161,0.898989898989899,0.9595959595959596,1.1616161616161615,111
pl_0f8eac4efb03fbfb,,,,,,,,,1
pl_0ff64046d8bcbd2b,,29.05217391304348,13.939130434782609,8.782608695652174,2.8347826086956522,0.6695652173913044,1.1478260869565218,2.1826086956521737,127
pl_0ffc0c037962ac53,,19.486486486486488,5.283783783783784,2.7432432432432434,1.135135135135135,0.581081081081081,0.5405405405405406,0.8648648648648649,110
pl_10715fa09161fd53,,15.403225806451612,5.17741935483871,1.1451612903225807,1.2419354838709677,0.5645161290322581,0.14516129032258066,0.9032258064516129,82
pl_110f97d39394b907,,11.333333333333334,3.0833333333333335,1.375,0.2916666666666667,0.375,0.25,0.7083333333333334,38
pl_1241fddfc0d9e94c,,23.9009009009009,9.036036036036036,3.126126126126126,4.513513513513513,1.0,0.4864864864864865,1.5315315315315314,111
pl_151b3c88adc161c9,,33.674157303370784,21.685393258426966,8.393258426966293,3.146067415730337,1.7640449438202248,1.4382022471910112,2.1797752808988764,126
pl_156f0548854de70a,,1.5454545454545454,0.0,0.09090909090909091,0.0,0.0,0.0,0.0,23
pl_17342cb9b54ebc79,,24.344827586206897,9.96551724137931,2.7241379310344827,3.6551724137931036,0.9310344827586207,0.20689655172413793,1.7241379310344827,29
pl_17c7158af156f293,,11.961538461538462,3.6538461538461537,3.076923076923077,0.8076923076923077,0.5,0.3076923076923077,0.8461538461538461,27
pl_18104e938de3ccb3,,16.65625,3.03125,2.46875,2.125,0.625,0.21875,0.96875,65
pl_18c31d08ca4a3a7c,,34.14736842105263,17.094736842105263,4.231578947368421,3.705263157894737,1.8736842105263158,0.7578947368421053,1.5894736842105264,107
pl_1ac0d6b23ff71e4f,,15.0,8.0,2.0,0.0,1.0,0.0,0.0,1
pl_1bb4694e0ba9a193,,16.8,9.7,2.9,0.6,1.2,0.1,0.8,11
pl_1c80973123ae6701,,16.666666666666668,4.555555555555555,1.7777777777777777,1.6666666666666667,0.6666666666666666,0.2222222222222222,0.6296296296296297,41
pl_1d0be4a6d5449ae3,,16.647058823529413,4.470588235294118,1.9411764705882353,3.0,0.8235294117647058,0.11764705882352941,1.5294117647058822,22
pl_1d45527909361caf,,13.121951219512194,4.365853658536586,1.024390243902439,1.6585365853658536,0.43902439024390244,0.17073170731707318,1.170731707317073,64
pl_1d4bf13b5013d63f,,5.0,5.0,1.0,0.0,0.0,0.0,1.0,5
pl_1d7f89cecfc0fd12,,18.38888888888889,7.111111111111111,4.433333333333334,0.9555555555555556,0.6888888888888889,0.5333333333333333,1.3555555555555556,109
pl_1df074793652a2fc,,7.821428571428571,1.3571428571428572,0.5,1.3928571428571428,0.2857142857142857,0.0,0.35714285714285715,60
pl_1f2dbeda79ef5157,,12.956521739130435,2.4782608695652173,1.391304347826087,0.4782608695652174,0.21739130434782608,0.043478260869565216,0.8260869565217391,27
pl_22457495083bd86d,,16.9672131147541,4.295081967213115,2.19672131147541,1.1311475409836065,0.47540983606557374,0.16393442622950818,0.45901639344262296,112
pl_22621a00a3fecdc0,,14.0,6.0,4.0,0.0,1.0,1.0,2.0,1
pl_2348d83af1bb39eb,,11.0,5.0,1.0,1.0,0.0,0.0,4.0,1
pl_2396747f40933499,,19.586466165413533,8.75187969924812,1.8421052631578947,3.0150375939849625,0.8345864661654135,0.16541353383458646,1.4586466165413534,133
pl_23e44984328a8a24,,11.310344827586206,3.793103448275862,1.0517241379310345,1.1896551724137931,0.3275862068965517,0.08620689655172414,0.5517241379310345,71
pl_23ecd2454095047f,,19.21212121212121,3.8636363636363638,1.4848484848484849,2.757575757575758,0.7575757575757576,0.21212121212121213,1.7575757575757576,67
pl_252893304a9c6f40,,3.4444444444444446,1.3333333333333333,1.2222222222222223,0.1111111111111111,0.3333333333333333,0.1111111111111111,0.0,24
pl_25c5e23bb49f5143,,25.67,8.68,3.4,1.59,0.89,0.17,0.96,118
pl_25f171e975525da5,,29.84426229508197,12.80327868852459,3.5163934426229506,2.1885245901639343,1.2622950819672132,0.2459016393442623,1.4180327868852458,125
pl_2610e512571291fc,,19.6734693877551,7.081632653061225,2.0,1.2040816326530612,0.45918367346938777,0.19387755102040816,1.4081632653061225,108
pl_26aa7f69c42f94a1,,25.14666666666667,10.12,1.8666666666666667,3.92,0.88,0.10666666666666667,1.6933333333333334,83
pl_27b430a0fe399719,,11.9375,4.375,2.6875,0.5,0.75,0.1875,0.625,20
pl_28097e50f86042f0,,12.642857142857142,5.142857142857143,2.0357142857142856,0.75,0.2857142857142857,0.6071428571428571,0.42857142857142855,29
pl_28b910c12e8efdb8,,19.934579439252335,4.4953271028037385,2.850467289719626,1.3364485981308412,0.6355140186915887,0.16822429906542055,0.8411214953271028,118
pl_29b0e31acb6ebe7b,,,0.0,0.0,0.0,0.0,0.0,0.0,1
pl_2a3329d505c5b5ab,,32.61290322580645,24.919354838709676,10.32258064516129,2.7903225806451615,1.6290322580645162,2.314516129032258,1.9112903225806452,127
pl_2a9a3d401a141002,,14.620689655172415,4.310344827586207,1.2758620689655173,1.1264367816091954,0.6206896551724138,0.3563218390804598,0.8275862068965517,98
pl_2adbcf065447c416,,21.843478260869563,7.547826086956522,1.991304347826087,3.130434782608696,0.9130434782608695,0.13043478260869565,1.391304347826087,116
pl_2bb97b00c0ed3698,,7.5576923076923075,3.0,1.5384615384615385,0.4807692307692308,0.34615384615384615,0.3076923076923077,0.4807692307692308,80
pl_2c66442fc2e8b47d,,14.980392156862745,4.372549019607843,1.3333333333333333,1.7058823529411764,0.6078431372549019,0.0784313725490196,0.9215686274509803,81
pl_2d999585fdbdbe8e,,30.817204301075268,14.129032258064516,12.258064516129032,2.5698924731182795,1.4408602150537635,0.5698924731182796,3.043010752688172,112
pl_2df93deb8fe4b594,,9.08,1.8,1.76,0.48,0.32,0.52,0.52,27
pl_2fb549ab3fcbf316,,8.0,1.0909090909090908,2.1363636363636362,0.45454545454545453,0.09090909090909091,0.36363636363636365,0.5454545454545454,33
pl_3149d7461f853da1,,15.666666666666666,4.0,0.6666666666666666,0.3333333333333333,1.3333333333333333,0.0,1.3333333333333333,3
pl_316dca206c328c4f,,31.25925925925926,13.185185185185185,1.6666666666666667,1.8518518518518519,1.6666666666666667,0.8148148148148148,1.037037037037037,27
pl_31ef4bcbdb25652d,,28.696969696969695,12.808080808080808,3.2323232323232323,3.1515151515151514,1.5252525252525253,0.5252525252525253,2.2222222222222223,109
pl_3205492c26be155e,,5.909090909090909,2.272727272727273,1.0,0.45454545454545453,0.0,0.0,1.0,19
pl_3394e1126040afb5,,8.571428571428571,2.142857142857143,0.8571428571428571,0.8571428571428571,0.0,0.14285714285714285,0.2857142857142857,8
pl_34d0b3ce2a753e35,,6.0,0.0,0.0,2.0,0.0,1.0,0.0,2
pl_353d458af0d7b97a,,22.14814814814815,5.37037037037037,2.2962962962962963,1.7777777777777777,1.037037037037037,0.25925925925925924,0.7777777777777778,28
pl_35ea3169d7add37e,,20.043478260869566,8.402173913043478,2.119565217391304,1.4456521739130435,0.6956521739130435,0.358695652173913,1.315217391304348,99
pl_363949085c3210fc,,18.733333333333334,6.383333333333334,3.05,1.55,0.5666666666666667,0.21666666666666667,1.4833333333333334,71
pl_37a243794f087d18,,11.6,4.2,1.6,3.4,0.2,0.2,1.2,8
pl_38454a68c5d56cdb,,7.818181818181818,1.4545454545454546,0.7272727272727273,1.3636363636363635,0.6363636363636364,0.0,1.4545454545454546,27
pl_39251e557a9d234b,,16.791666666666668,5.625,3.1666666666666665,0.9583333333333334,0.5,1.1666666666666667,0.9583333333333334,25
pl_3a069f063eb86517,,22.980392156862745,7.9411764705882355,4.1568627450980395,0.8431372549019608,0.8137254901960784,0.24509803921568626,0.803921568627451,111
pl_3b8cef13ef03e9f5,,8.8,2.933333333333333,0.7333333333333333,1.6666666666666667,0.4,0.0,0.8666666666666667,25
pl_3be2b11ddc557b3d,,16.77777777777778,3.3703703703703702,1.5925925925925926,0.7777777777777778,0.6296296296296297,0.1111111111111111,0.5185185185185185,28
pl_3d50ba6ae300d829,,32.13178294573643,15.534883720930232,2.705426356589147,3.054263565891473,1.310077519379845,0.11627906976744186,1.6589147286821706,134
pl_3f004ccdde4922fa,,34.36842105263158,18.126315789473683,3.473684210526316,4.221052631578948,1.5157894736842106,0.2,2.1052631578947367,103
pl_3f3ffa1f3910dd0d,,5.0,1.5,0.5,0.5,0.0,0.0,0.0,3
pl_3fae79fccc70f8a6,,29.317073170731707,14.617886178861788,8.634146341463415,3.341463414634146,1.008130081300813,1.032520325203252,2.024390243902439,125
pl_4039ec348f5f0c2a,,11.359375,2.765625,1.09375,0.4375,0.234375,0.140625,0.453125,81
pl_408a0c9ebeab2cb5,,25.785046728971963,8.083333333333334,3.25,1.7777777777777777,0.9259259259259259,0.2222222222222222,1.1666666666666667,112
pl_40f9298036d293bc,,4.333333333333333,0.6666666666666666,0.6666666666666666,0.6666666666666666,0.0,0.0,0.3333333333333333,8
pl_42412bbecf0f3ee0,,23.62962962962963,9.074074074074074,3.925925925925926,1.5925925925925926,1.3703703703703705,0.2222222222222222,1.7037037037037037,27
pl_4272ba735943ee4d,,8.277777777777779,2.0,0.3888888888888889,0.5,0.3888888888888889,0.0,0.4444444444444444,23
pl_43612b72bef90cdb,,18.0,7.0,0.0,1.0,0.0,0.0,1.0,1
pl_43dcc8c3927f7c60,,28.581818181818182,5.781818181818182,3.6545454545454548,5.090909090909091,1.3636363636363635,0.16363636363636364,1.6,61
pl_4485cd383bf6d3de,,27.511627906976745,10.866666666666667,2.022222222222222,3.8,2.066666666666667,0.17777777777777778,1.8666666666666667,47
pl_459e1cd10f4ba109,,10.434782608695652,3.8260869565217392,2.652173913043478,0.782608695652174,0.43478260869565216,0.08695652173913043,0.9130434782608695,28
pl_463cb946092a5f7f,,10.388059701492537,3.1044776119402986,2.7313432835820897,0.208955223880597,0.44776119402985076,0.4925373134328358,0.40298507462686567,81
pl_497e3ccfcc1295d1,,10.166666666666666,1.6666666666666667,1.0,0.8333333333333334,1.1666666666666667,0.0,0.5,19
pl_498bd9c5d87615e6,,9.090909090909092,2.0,1.5454545454545454,0.18181818181818182,0.09090909090909091,0.09090909090909091,1.1818181818181819,15
pl_4a8aa82829c021f7,,,,,,,,,1
pl_4b0766c68438f29a,,6.230769230769231,1.1538461538461537,0.6923076923076923,0.5384615384615384,0.38461538461538464,0.0,0.15384615384615385,22
pl_4cbb60cf207f40cf,,9.125,2.28125,2.40625,0.4375,0.53125,0.21875,0.3125,65
pl_51cd968d29dc7f89,,13.762886597938145,5.556701030927835,2.2577319587628866,0.4329896907216495,0.29896907216494845,0.27835051546391754,0.422680412371134,124
pl_51db11d194c5f8db,,20.0625,9.764705882352942,1.0,1.5294117647058822,0.5882352941176471,0.0,1.3529411764705883,17
pl_520c82b1e4dfaa63,,17.878504672897197,5.02803738317757,5.635514018691588,1.0373831775700935,0.719626168224299,1.2616822429906542,0.6448598130841121,124
pl_5226a050d7e489e9,,10.212121212121213,2.9696969696969697,1.3636363636363635,0.2727272727272727,0.48484848484848486,0.3333333333333333,0.45454545454545453,42
pl_52620c6da5a8cb91,,22.72222222222222,8.027777777777779,1.4583333333333333,2.5694444444444446,0.6944444444444444,0.2638888888888889,1.0277777777777777,95
pl_527d77821505a048,,18.35820895522388,10.492537313432836,6.164179104477612,1.1044776119402986,0.5671641791044776,0.9104477611940298,1.7014925373134329,77
pl_52f6711f33506794,,9.454545454545455,4.0,1.3636363636363635,0.2727272727272727,0.2727272727272727,0.0,0.5454545454545454,15
pl_531f83caa0cb9b98,,29.565217391304348,11.130434782608695,5.956521739130435,2.0869565217391304,0.9130434782608695,1.0434782608695652,1.9130434782608696,25
pl_538cccd243d89261,,32.752,13.576,8.216,8.48,1.504,0.416,3.496,132
pl_53d3d5182e1e0e97,,16.59090909090909,7.090909090909091,2.909090909090909,1.3636363636363635,0.5,0.13636363636363635,1.6363636363636365,26
pl_55b8f3d473cff00c,,6.444444444444445,2.6666666666666665,0.5555555555555556,0.7777777777777778,0.0,0.1111111111111111,0.7777777777777778,22
pl_5718a935043c616f,,31.79090909090909,17.37272727272727,4.590909090909091,5.5,1.0636363636363637,0.38181818181818183,2.672727272727273,120
pl_57a3cbb466568a51,,15.904761904761905,4.333333333333333,1.8095238095238095,2.5714285714285716,0.7142857142857143,0.047619047619047616,1.1904761904761905,30
pl_5801b83252dea443,,2.0,0.0,0.0,0.0,0.0,0.0,0.0,4
pl_5822c4230f9d0740,,3.5238095238095237,1.0,0.9047619047619048,0.3333333333333333,0.23809523809523808,0.09523809523809523,0.2857142857142857,23
pl_58d8ddd50dc5e9ea,,22.80314960629921,9.251968503937007,5.866141732283465,0.8110236220472441,0.6220472440944882,0.7716535433070866,1.1181102362204725,128
pl_58e65e06a24c33d5,,29.083333333333332,15.55952380952381,7.559523809523809,1.9761904761904763,0.8214285714285714,0.4642857142857143,1.7261904761904763,84
pl_5c39c02174b61a06,,25.208695652173912,7.721739130434782,5.373913043478261,1.7478260869565216,0.591304347826087,0.33043478260869563,1.1130434782608696,116
pl_5de7904f5b7c5c6f,,2.6,0.0,0.4,0.4,0.0,0.0,0.2,11
pl_5e971283146abdfe,,1.75,0.5,0.25,0.0,0.0,0.0,0.25,5
pl_5eb4b0ef5ec85d61,,14.915492957746478,5.211267605633803,1.380281690140845,2.028169014084507,0.36619718309859156,0.18309859154929578,0.9154929577464789,72
pl_5efecaf7492bd07a,,5.0,1.0,0.5,0.5,0.0,0.0,1.0,25
pl_5f3636b60ac90154,,3.125,0.375,0.875,0.125,0.0,0.0,0.375,19
pl_5f5462d33e09e56b,,24.613333333333333,13.28,7.493333333333333,1.92,0.9466666666666667,1.1733333333333333,2.6,100
pl_5f961ba6f96aa15c,,17.055555555555557,4.7407407407407405,2.5,0.8333333333333334,0.8148148148148148,0.46296296296296297,0.5185185185185185,55
pl_607d324c78ba2d9c,,9.6,2.8,2.1,0.5,0.5,0.7,0.6,36
pl_60b49460ca43fd3a,,16.34,4.84,2.45,1.39,0.73,0.21,0.88,103
pl_6376037d2768b9a1,,20.34259259259259,6.481481481481482,1.7685185185185186,2.685185185185185,0.7037037037037037,0.1574074074074074,1.7037037037037037,112
pl_6528d3505dc7c420,,22.0,2.0,8.0,1.0,0.0,0.0,3.0,1
pl_6664b69d98ea25a1,,6.6,3.0,0.0,1.2,0.0,0.0,0.8,8
pl_66d9f2a5cb0e8ce2,,12.971830985915492,4.056338028169014,1.971830985915493,0.7605633802816901,0.5211267605633803,0.16901408450704225,0.5915492957746479,76
pl_6772ba802103e5dc,,19.62,6.78,2.2,2.07,0.8,0.18,1.26,121
pl_69bc318acbb9625b,,7.923076923076923,1.9230769230769231,1.0,0.38461538461538464,0.46153846153846156,0.07692307692307693,0.9230769230769231,17
pl_6ac86a14ade0dbd7,,8.813953488372093,2.9069767441860463,0.46511627906976744,0.8372093023255814,0.2558139534883721,0.023255813953488372,0.5116279069767442,77
pl_6b7f33235ad545bc,,5.875,0.75,1.25,0.125,0.0,0.0,0.5,12
pl_6b938408e909288a,,24.42622950819672,8.60655737704918,4.934426229508197,2.6147540983606556,1.180327868852459,1.4508196721311475,1.6065573770491803,125
pl_6cc5f204f77ba597,,24.88157894736842,10.064935064935066,8.597402597402597,3.4935064935064934,0.5584415584415584,0.06493506493506493,1.5844155844155845,77
pl_6cf4619f98a88749,,17.11320754716981,7.018867924528302,4.622641509433962,1.0,0.6981132075471698,1.679245283018868,2.018867924528302,76
pl_6cff0f84ef457815,,14.958333333333334,2.52,1.2,1.32,0.6,0.44,0.88,39
pl_6ea88c4443fd507d,,31.595238095238095,20.571428571428573,1.9682539682539681,2.6746031746031744,0.8888888888888888,0.15079365079365079,1.7698412698412698,126
pl_6f0a6e675a6b9dc1,,12.538461538461538,4.980769230769231,1.0961538461538463,1.4423076923076923,0.25,0.0,0.9038461538461539,63
pl_6f25d673dc3ee965,,11.575757575757576,2.0606060606060606,2.242424242424242,0.7575757575757576,0.3333333333333333,0.09090909090909091,0.6666666666666666,43
pl_718050d09b51deba,,10.986301369863014,4.48,2.12,0.6,0.18666666666666668,0.13333333333333333,0.7066666666666667,100
pl_72b44918d2cfa628,,19.0,8.0,4.0,1.0,1.0,0.0,1.0,1
pl_7391c8d2b0b526dd,,6.2465753424657535,2.5135135135135136,1.4324324324324325,0.32432432432432434,0.10810810810810811,0.02702702702702703,0.40540540540540543,106
pl_744e9821e1581b96,,18.81981981981982,6.747747747747748,1.7387387387387387,1.135135135135135,0.36036036036036034,0.02702702702702703,1.027027027027027,111
pl_74b14d712192a684,,4.0,0.0,0.0,2.0,0.0,0.0,0.0,4
pl_76d93726b58baad1,,8.0,3.8947368421052633,1.368421052631579,0.39473684210526316,0.2631578947368421,0.05263157894736842,0.5789473684210527,83
pl_773ac0cc9f92937f,,25.8265306122449,12.63265306122449,6.122448979591836,1.846938775510204,1.0714285714285714,0.6530612244897959,1.3775510204081634,116
pl_778d39e799674912,,10.577464788732394,3.619718309859155,3.352112676056338,0.8169014084507042,0.4084507042253521,0.49295774647887325,0.8591549295774648,105
pl_77feeed385f7b6c0,,33.90196078431372,19.00980392156863,2.735294117647059,4.990196078431373,0.9705882352941176,0.049019607843137254,2.7254901960784315,107
pl_788e6ea1310778fd,,10.0,0.0,0.0,2.0,0.0,0.0,0.0,1
pl_7897ca9d575458b3,,30.77777777777778,16.083333333333332,3.962962962962963,3.8425925925925926,0.9074074074074074,0.39814814814814814,2.6666666666666665,117
pl_78c2564e363837f3,,19.272727272727273,8.462686567164178,6.208955223880597,1.1044776119402986,0.5970149253731343,0.7611940298507462,1.4776119402985075,71
pl_7968728052e37934,,27.26530612244898,12.46938775510204,8.295918367346939,2.2346938775510203,0.47959183673469385,1.3877551020408163,1.9489795918367347,104
pl_7ba7b666dbbd7854,,5.2,1.4,0.1,0.2,0.3,0.0,0.2,13
pl_7d61e6b861f4de2c,,26.74418604651163,11.732558139534884,7.476744186046512,2.1744186046511627,1.0930232558139534,0.8837209302325582,1.6162790697674418,98
pl_7e326ab1cc47e0c5,,11.2,3.2933333333333334,1.5066666666666666,0.6533333333333333,0.32,0.28,0.4,118
pl_7ea95322fc050de7,,28.620689655172413,13.724137931034482,5.275862068965517,2.9655172413793105,1.2758620689655173,0.8275862068965517,2.4827586206896552,29
pl_7f95cf8105c32fc9,,19.45045045045045,5.783783783783784,3.2522522522522523,1.7747747747747749,0.38738738738738737,0.4144144144144144,1.0990990990990992,112
pl_819190efdb576b9c,,13.0,3.0,1.0,0.25,0.25,0.5,1.0,5
pl_82e61535f0085d21,,25.29230769230769,11.803030303030303,4.5606060606060606,1.106060606060606,0.6212121212121212,0.10606060606060606,1.1515151515151516,66
pl_8319b052523e2db3,,3.625,0.125,0.625,0.4375,0.125,0.0,0.25,40
pl_831e8ee76670c6eb,,14.359375,3.90625,1.25,0.515625,0.390625,0.140625,0.609375,85
pl_83d39d4c97715818,,12.592592592592593,4.703703703703703,1.3703703703703705,0.9629629629629629,0.2962962962962963,0.18518518518518517,0.7407407407407407,27
pl_84142be7011bbea4,,4.837209302325581,1.186046511627907,0.5116279069767442,0.5581395348837209,0.4186046511627907,0.023255813953488372,0.3488372093023256,79
pl_84191fe3efe55532,,26.363636363636363,12.454545454545455,4.454545454545454,2.5454545454545454,1.0,0.09090909090909091,1.1818181818181819,27
pl_84991a3be5585263,,29.6,9.138461538461538,3.723076923076923,2.0307692307692307,1.0307692307692307,0.3230769230769231,0.9538461538461539,132
pl_84a3b9624cb75439,,11.0,2.7142857142857144,2.0,0.14285714285714285,0.5714285714285714,0.0,0.14285714285714285,12
pl_84eaedaae32e85d7,,31.08695652173913,17.286956521739132,7.71304347826087,2.4347826086956523,1.3478260869565217,0.45217391304347826,1.608695652173913,118
pl_85b2b70e49e5a1eb,,18.44736842105263,5.276315789473684,2.6578947368421053,2.0526315789473686,0.5263157894736842,0.4342105263157895,1.6842105263157894,85
pl_8625ab31b0ff31b0,,20.0,4.0,3.0,1.0,2.0,0.0,3.0,1
pl_8706e3bf79abc8f8,,14.10344827586207,5.907692307692308,3.0615384615384613,0.8461538461538461,0.47692307692307695,0.38461538461538464,1.0615384615384615,84
pl_8870d24acd800ae5,,24.848484848484848,8.151515151515152,2.606060606060606,2.893939393939394,1.303030303030303,0.8333333333333334,1.5151515151515151,72
pl_8a4596f4b3d6fcec,,17.142857142857142,6.428571428571429,4.123809523809523,0.8380952380952381,0.5904761904761905,0.819047619047619,1.0,117
pl_8cfffe18500e9af1,,4.0,1.0,0.5,0.0,0.5,0.0,0.0,6
pl_8d35c8dda3c537fa,,3.0,0.0,0.0,0.0,0.0,0.0,0.0,5
pl_8e8c3de3117384bf,,15.0625,4.25,3.4375,1.125,0.375,0.4166666666666667,0.5416666666666666,72
pl_8f6fd4a5259ea241,,13.955056179775282,5.033707865168539,3.7752808988764044,0.6741573033707865,0.25842696629213485,0.23595505617977527,0.8202247191011236,101
pl_90a1fc35e4d0833f,,11.0,2.0,4.0,0.0,0.0,0.0,0.0,1
pl_91fa399932076bab,,20.40506329113924,7.594936708860759,4.924050632911392,1.6708860759493671,0.7468354430379747,1.0253164556962024,1.1518987341772151,105
pl_9201a353366bfdf8,,29.471910112359552,12.55056179775281,3.943820224719101,3.4719101123595504,1.898876404494382,0.33707865168539325,1.752808988764045,91
pl_925d7c2709562b1c,,2.5,1.25,0.25,0.0,0.0,0.0,0.0,16
pl_927a0b21091e3836,,23.80851063829787,9.23404255319149,2.1702127659574466,4.0638297872340425,1.0425531914893618,0.23404255319148937,2.0638297872340425,67
pl_92d250c94196318f,,6.0,1.0,1.25,0.25,0.5,0.0,0.25,7
pl_930ec4449bf816dc,,2.0,0.0,0.5,0.0,0.0,0.0,0.5,3
pl_936ccc185569c0e0,,13.0,3.0,1.0,1.0,0.0,0.0,1.0,1
pl_96dcc7c7fe3d6fbc,,7.0,2.5,1.0,0.5,0.0,0.5,0.5,12
pl_973fb339a70cb407,,5.0,2.0,0.0,1.0,0.5,0.0,0.0,9
pl_97437aae7bd51fd3,,8.25,1.25,1.4166666666666667,0.08333333333333333,0.3333333333333333,0.5,0.5833333333333334,18
pl_97ce373787b564c7,,30.652542372881356,10.779661016949152,3.440677966101695,5.940677966101695,1.38135593220339,0.652542372881356,2.694915254237288,121
pl_98696d9d8f881e4c,,14.5,3.0,1.75,0.75,0.0,0.25,0.5,7
pl_98dcc03f2a3a4456,,15.27027027027027,6.1891891891891895,1.8108108108108107,2.2432432432432434,0.8108108108108109,0.21621621621621623,1.4864864864864864,52
pl_999c88514445006c,,28.493506493506494,14.38961038961039,3.4285714285714284,3.5194805194805197,1.103896103896104,0.37662337662337664,2.4545454545454546,108
pl_9a019f46430843cd,,12.375,4.666666666666667,2.8333333333333335,0.5,0.5416666666666666,0.375,0.7083333333333334,27
pl_9b9821e1b9e986c6,,3.84,1.0,0.72,0.08,0.04,0.16,0.12,47
pl_9bcf5b4e0b9b582f,,5.714285714285714,1.7857142857142858,0.7142857142857143,0.2857142857142857,0.2857142857142857,0.2857142857142857,0.2857142857142857,26
pl_9c2c1845018e7de3,,22.681159420289855,8.18840579710145,2.2318840579710146,2.7246376811594204,0.855072463768116,0.07246376811594203,1.5217391304347827,77
pl_9d2d9557e55df68f,,10.608695652173912,4.0,1.4782608695652173,0.6086956521739131,0.43478260869565216,0.30434782608695654,0.8695652173913043,25
pl_9f5d906bad6d9a21,,15.227272727272727,7.045454545454546,2.727272727272727,1.4393939393939394,0.7575757575757576,0.22727272727272727,0.8787878787878788,71
pl_a16dc7f41e113ba9,,30.464285714285715,18.821428571428573,5.035714285714286,5.892857142857143,1.2857142857142858,0.7142857142857143,2.9642857142857144,30
pl_a1fae84753cfb78d,,4.34375,1.15625,0.59375,0.21875,0.03125,0.1875,0.28125,74
pl_a208741d9668152d,,18.640625,6.046875,4.28125,1.125,0.75,0.234375,1.015625,65
pl_a30ed806947228e7,,21.6625,9.55,3.45,0.8375,0.5125,0.4,0.4625,93
pl_a4bd97254e32a924,,27.12727272727273,13.8,6.9363636363636365,2.3,1.309090909090909,0.6454545454545455,2.390909090909091,114
pl_a4df35e5a7a044a5,,12.827586206896552,3.0344827586206895,0.7586206896551724,1.2758620689655173,0.5172413793103449,0.0,0.4482758620689655,29
pl_a5072a918317988b,,4.7407407407407405,0.9259259259259259,0.4074074074074074,0.37037037037037035,0.1111111111111111,0.0,0.2222222222222222,39
pl_a5dd83848d78485a,,7.0,0.0,0.3333333333333333,0.0,0.0,0.0,0.6666666666666666,3
pl_a65e33f4691d30cc,,10.375,2.875,1.25,0.7083333333333334,0.16666666666666666,0.0,0.7083333333333334,27
pl_a69f1ab4c59209c0,,18.28205128205128,6.52991452991453,4.64957264957265,2.3162393162393164,0.6581196581196581,0.28205128205128205,1.606837606837607,122
pl_a6b750ec791d86be,,29.76829268292683,14.207317073170731,3.6097560975609757,1.5975609756097562,0.6219512195121951,0.4268292682926829,1.975609756097561,96
pl_a6be6c1be9bc91e7,,15.08,6.16,1.92,0.64,0.32,0.08,0.8,27
pl_a70a0e88781dddff,,15.39080459770115,7.183908045977011,3.839080459770115,0.8735632183908046,0.6206896551724138,0.28735632183908044,1.0229885057471264,106
pl_a747221cd96dcc26,,7.9714285714285715,2.3783783783783785,1.6216216216216217,0.7027027027027027,0.16216216216216217,0.24324324324324326,0.6756756756756757,53
pl_a7a5828cfcca3acf,,11.31764705882353,4.882352941176471,0.9882352941176471,0.7058823529411765,0.32941176470588235,0.047058823529411764,0.8941176470588236,110
pl_a8c6901f4d81a98e,,30.72897196261682,18.77570093457944,3.7570093457943927,1.794392523364486,0.8411214953271028,0.12149532710280374,2.4953271028037385,125
pl_a9f0686367871e4e,,32.469565217391306,19.617391304347827,8.043478260869565,3.391304347826087,1.4,1.3304347826086957,1.982608695652174,128
pl_aa85350eb78f5bb0,,10.333333333333334,6.555555555555555,3.888888888888889,0.25925925925925924,0.3333333333333333,0.37037037037037035,1.4444444444444444,27
pl_ac7ebd99356af01a,,18.885714285714286,6.695238095238095,1.4190476190476191,1.7428571428571429,0.41904761904761906,0.22857142857142856,1.0571428571428572,111
pl_ad523ebd390442fa,,12.788732394366198,5.394366197183099,3.3943661971830985,0.8028169014084507,0.22535211267605634,0.5915492957746479,1.0422535211267605,95
pl_ad6db34730115349,,18.489795918367346,6.989795918367347,1.0918367346938775,2.3469387755102042,0.5102040816326531,0.10204081632653061,1.0816326530612246,106
pl_ad864595548de955,,32.890625,19.421875,3.953125,5.8125,1.1875,0.4375,1.953125,66
pl_aea7f14c419b1385,,10.308823529411764,2.264705882352941,0.5882352941176471,1.4264705882352942,0.47058823529411764,0.17647058823529413,0.8088235294117647,93
pl_aef6e4dc2c690201,,22.0,5.0,4.0,4.0,2.0,0.0,2.0,1
pl_af08ce42951fb6d0,,5.0,2.0,2.0,0.0,0.0,0.0,1.0,1
pl_b0ea006be021bdbe,,28.76923076923077,14.948717948717949,3.8205128205128207,3.3846153846153846,0.6153846153846154,0.2564102564102564,1.9230769230769231,42
pl_b13a41f2db332afd,,7.0,0.0,1.0,0.0,0.0,0.0,0.0,1
pl_b1f8a1c001b84d2d,,9.85,2.3,1.45,0.65,0.1,0.2,0.35,27
pl_b24f032c6d840336,,17.26086956521739,5.173913043478261,1.608695652173913,1.6956521739130435,0.4782608695652174,0.043478260869565216,0.8695652173913043,27
pl_b29c9020cace31b6,,20.16,6.12,2.88,2.0,0.6,0.12,1.08,26
pl_b2a0117cc3fe0fc8,,5.0,0.0,0.0,0.0,0.0,0.0,2.0,1
pl_b2e70cf920731cfe,,3.0,0.0,0.5,0.0,0.0,0.0,0.0,3
pl_b602e33a84c8896a,,8.133333333333333,1.1290322580645162,1.4838709677419355,0.5161290322580645,0.3225806451612903,0.06451612903225806,0.3870967741935484,40
pl_bae275cf69e5c648,,26.53846153846154,8.807692307692308,4.576923076923077,2.5,0.4230769230769231,0.15384615384615385,1.4230769230769231,26
pl_bba3b5d0b6f11cd4,,,,,,,,,1
pl_bda9fcea35624009,,19.51388888888889,4.694444444444445,1.5555555555555556,3.0277777777777777,0.5833333333333334,0.18055555555555555,1.3333333333333333,84
pl_be910958c10a81a8,,13.21875,4.833333333333333,1.6666666666666667,0.8333333333333334,0.40625,0.16666666666666666,0.96875,123
pl_bf30cc0b721c45bc,,14.0,7.0,2.0,0.0,0.0,0.0,1.0,1
pl_c25b9ca19802378e,,12.0,0.0,1.0,2.0,2.0,0.0,0.0,4
pl_c3118aa754391b29,,15.9375,6.469387755102041,1.6734693877551021,1.2142857142857142,0.6020408163265306,0.16326530612244897,1.0612244897959184,108
pl_c3d93d9bdcae9083,,15.8,6.742857142857143,3.057142857142857,1.3142857142857143,0.7714285714285715,0.17142857142857143,0.9714285714285714,48
pl_c48533777f251871,,9.75,2.0,1.25,0.75,0.25,0.5,0.25,6
pl_c5aaf4bd7b119958,,21.695652173913043,8.304347826086957,3.739130434782609,1.0434782608695652,0.8695652173913043,0.0,1.173913043478261,27
pl_c614df327b6fb1f6,,10.083333333333334,3.3333333333333335,2.5833333333333335,0.5833333333333334,0.3333333333333333,0.16666666666666666,0.5833333333333334,18
pl_c638f23a981646dc,,20.372340425531913,7.170212765957447,5.1063829787234045,1.0425531914893618,0.7021276595744681,0.5957446808510638,1.1382978723404256,102
pl_c6885718033c2044,,,,,,,,,1
pl_c6c674b15e584eb9,,5.375,2.0833333333333335,1.0833333333333333,0.20833333333333334,0.14583333333333334,0.0625,0.6041666666666666,97
pl_c6d27cc42c66a0fc,,32.02857142857143,15.385714285714286,3.8142857142857145,2.8142857142857145,1.2142857142857142,0.45714285714285713,2.2142857142857144,72
pl_c766f7ba9005db8e,,11.25,4.25,1.0,0.75,0.0,0.0,0.25,5
pl_c79dbae9348870a3,,,,,,,,,1
pl_c7f6e677d6a53d04,,6.833333333333333,0.0,1.3333333333333333,0.16666666666666666,0.3333333333333333,0.0,0.0,11
pl_c8136e1562f21dcd,,3.142857142857143,0.6785714285714286,0.6428571428571429,0.10714285714285714,0.17857142857142858,0.0,0.10714285714285714,62
pl_c86fb276d5b0d670,,28.01123595505618,9.314606741573034,6.786516853932584,2.0112359550561796,0.8426966292134831,2.067415730337079,1.146067415730337,117
pl_c8c0e0c1fb9ec4ed,,26.455696202531644,11.544303797468354,4.620253164556962,1.5822784810126582,1.3670886075949367,0.4430379746835443,1.8481012658227849,109
pl_c92605221f287763,,,,,,,,,15
pl_c9f19dfe116cd058,,15.05084745762712,4.516949152542373,3.093220338983051,1.3220338983050848,0.4152542372881356,0.7033898305084746,0.7796610169491526,118
pl_ca00b30dabc6a2b2,,4.8,1.4,0.75,0.3,0.05,0.3,0.4,57
pl_cbf7a58f0b134d5d,,15.0,6.0,3.0,0.0,3.0,0.0,3.0,1
pl_cd3e3b2fb01eedd6,,8.434782608695652,3.0869565217391304,1.0869565217391304,0.5217391304347826,0.21739130434782608,0.0,0.21739130434782608,28
pl_cdfca6023e460043,,20.633333333333333,7.05,2.4833333333333334,4.35,0.9,0.4,1.7,111
pl_cf44942fa218c36d,,11.333333333333334,4.5,1.5,0.6111111111111112,0.5,0.05555555555555555,0.5,31
pl_d171b830a47daf25,,6.785714285714286,2.2857142857142856,1.0714285714285714,1.1428571428571428,0.0,0.14285714285714285,1.0,18
pl_d1bd55a6b654a0bf,,17.5,4.0,2.0,2.5,0.3333333333333333,0.16666666666666666,1.6666666666666667,6
pl_d1d9dc04abd5ad0e,,28.503703703703703,13.162962962962963,4.814814814814815,5.525925925925926,1.1925925925925926,0.31851851851851853,2.3851851851851853,135
pl_d4809954b4ed0d21,,16.746478873239436,6.633802816901408,4.225352112676056,0.8591549295774648,0.7746478873239436,0.8450704225352113,0.9014084507042254,117
pl_d525fce75862cd33,,13.241379310344827,3.793103448275862,2.2758620689655173,0.8620689655172413,0.4482758620689655,0.2413793103448276,0.5862068965517241,47
pl_d638431d28651af3,,20.04,14.2,1.52,1.44,0.68,0.2,1.52,27
pl_d64042b13c2c2df1,,27.0,10.0,3.0,1.0,3.0,0.0,5.0,1
pl_d8206ef79a2289ec,,21.28,6.7368421052631575,4.618421052631579,1.381578947368421,0.6842105263157895,0.5394736842105263,1.3289473684210527,104
pl_d894f0bc96beccd5,,26.985714285714284,13.742857142857142,8.685714285714285,1.5285714285714285,0.6142857142857143,0.2571428571428571,2.0285714285714285,73
pl_db785457f18d4c90,,15.0,12.0,1.0,0.0,1.0,0.0,0.0,1
pl_dbcf6bd45e0737b7,,9.0,3.0,1.2857142857142858,0.42857142857142855,0.0,0.0,0.7142857142857143,9
pl_dcd582192f8052ff,,7.0,2.3333333333333335,1.6666666666666667,0.6666666666666666,0.0,0.0,1.3333333333333333,3
pl_dd400f803bd2adfa,,23.217391304347824,8.458333333333334,3.5833333333333335,1.625,0.5416666666666666,0.5833333333333334,1.0416666666666667,24
pl_ddbde04826e4f1f1,,20.353846153846153,10.246153846153845,1.7076923076923076,3.5384615384615383,0.6615384615384615,0.06153846153846154,2.292307692307692,68
pl_de0167a43a063eca,,12.936170212765957,4.25531914893617,1.946808510638298,0.8191489361702128,0.2872340425531915,0.1595744680851064,0.6170212765957447,110
pl_de21f6f1b148757b,,20.615384615384617,5.938461538461539,4.0,1.6,1.2,0.6153846153846154,1.523076923076923,71
pl_de5d739ff60bca42,,5.619047619047619,0.6666666666666666,0.9047619047619048,1.2380952380952381,0.6666666666666666,0.0,0.7142857142857143,40
pl_debf3ef806a91eba,,31.29230769230769,16.346153846153847,4.3538461538461535,5.384615384615385,1.1,0.2846153846153846,2.1153846153846154,130
pl_df662445ef18615f,,25.771929824561404,8.75438596491228,3.245614035087719,2.6842105263157894,0.8596491228070176,0.10526315789473684,1.9473684210526316,72
pl_e0bd46be06de16d0,,3.2,1.0,0.4,0.4,0.8,0.0,0.6,16
pl_e15db08c2d4062f0,,16.703703703703702,7.037037037037037,3.5925925925925926,0.9629629629629629,0.5925925925925926,0.5555555555555556,0.9259259259259259,27
pl_e18364cddf6ba727,,10.75,4.1,3.025,0.625,0.675,0.775,0.6,43
pl_e206fbb42b391098,,9.045454545454545,2.090909090909091,1.2272727272727273,0.4090909090909091,0.4090909090909091,0.045454545454545456,0.3181818181818182,27
pl_e21b306a828bce50,,12.666666666666666,2.6666666666666665,2.1666666666666665,1.5,0.16666666666666666,0.0,0.6666666666666666,8
pl_e22cb1c86ccb7116,,17.666666666666668,5.0,1.0,1.3333333333333333,1.0,0.0,1.6666666666666667,4
pl_e331693d32cc2fb1,,3.6666666666666665,0.0,0.3333333333333333,0.0,0.6666666666666666,0.0,0.6666666666666666,8
pl_e38da4e11c9f06cb,,12.962962962962964,4.074074074074074,2.4074074074074074,1.5185185185185186,0.4074074074074074,0.14814814814814814,0.9629629629629629,28
pl_e3be1f6fa5b431ec,,5.0,1.3333333333333333,1.0,0.3333333333333333,0.3333333333333333,0.6666666666666666,0.6666666666666666,6
pl_e49d761a397e4cf3,,29.6625,10.825,3.2875,6.375,1.75,0.25,2.1875,95
pl_e5a9bb4aa8823cad,,15.942307692307692,3.298076923076923,2.7211538461538463,1.6923076923076923,0.5384615384615384,0.27884615384615385,0.9423076923076923,110
pl_e5acf7785f7b5107,,18.061728395061728,5.146341463414634,1.329268292682927,3.292682926829268,0.43902439024390244,0.012195121951219513,2.0121951219512195,83
pl_e63724923832d695,,0.0,0.0,0.0,0.0,0.0,0.0,0.0,2
pl_e808c7e45d2ab0d9,,22.428571428571427,6.464285714285714,2.107142857142857,3.1785714285714284,1.0,0.10714285714285714,1.7142857142857142,28
pl_ea23f9e2777e8ac7,,31.330357142857142,16.955357142857142,8.205357142857142,3.107142857142857,1.625,0.35714285714285715,2.5892857142857144,112
pl_ea406535ad9557e2,,22.81578947368421,8.868421052631579,1.9736842105263157,3.0789473684210527,0.7631578947368421,0.0,1.8157894736842106,43
pl_ec0ac86a6fb8a096,,12.5,1.5,2.0,3.0,1.5,0.0,1.5,9
pl_ec63ab60aef75f51,,13.333333333333334,3.212121212121212,1.0303030303030303,1.878787878787879,0.3333333333333333,0.18181818181818182,0.7878787878787878,36
pl_ecf023515674ceae,,21.4,9.5,2.7,2.422222222222222,0.6777777777777778,0.2,1.1888888888888889,98
pl_ee1a59b6276fc1a4,,2.4,1.0,0.3,0.0,0.0,0.0,0.1,42
pl_ee7a6f6943f259ec,,23.333333333333332,15.8125,2.9791666666666665,2.5833333333333335,1.0208333333333333,0.25,1.5208333333333333,55
pl_eedd2368662c3d75,,18.114285714285714,5.685714285714286,1.2,0.6,0.34285714285714286,0.17142857142857143,0.5714285714285714,55
pl_efa2a6bb66a806e4,,13.84375,4.46875,1.4375,1.34375,0.625,0.25,0.90625,39
pl_f0cb2d23d0e15e31,,9.0,0.0,2.0,0.0,0.0,0.0,1.0,1
pl_f0d0b618c1f425fc,,8.88888888888889,1.6666666666666667,2.2777777777777777,0.5,0.05555555555555555,0.5,0.4444444444444444,21
pl_f18f3e992558fc65,,27.825,11.725,5.541666666666667,1.5583333333333333,1.0833333333333333,0.5416666666666666,1.025,124
pl_f19912735b6161f6,,5.8125,1.5625,1.625,0.25,0.1875,0.1875,0.5,45
pl_f305bf520aeae320,,10.333333333333334,0.3333333333333333,1.5,0.3333333333333333,0.3333333333333333,0.0,0.16666666666666666,7
pl_f337971680b43b03,,19.15,5.95,1.8166666666666667,1.5166666666666666,0.6666666666666666,0.08333333333333333,0.7,91
pl_f3980637e667f6a6,,10.147727272727273,1.2954545454545454,2.0795454545454546,0.4090909090909091,0.26136363636363635,0.3977272727272727,0.4318181818181818,121
pl_f3cf364a08200b25,,32.44444444444444,18.950617283950617,4.901234567901234,8.271604938271604,1.2592592592592593,0.6172839506172839,5.061728395061729,116
pl_f40a85cb37330cc9,,9.478260869565217,2.8260869565217392,2.391304347826087,0.17391304347826086,0.2608695652173913,0.17391304347826086,0.782608695652174,29
pl_f4e70e1e62fb305d,,3.8,1.4,0.7,0.0,0.0,0.0,0.3,25
pl_f739f0cb62e10f72,,17.0,3.0,5.0,1.0,1.0,0.0,2.0,1
pl_f81e0e5b9366a921,,13.423728813559322,3.2033898305084745,2.5084745762711864,0.711864406779661,0.4745762711864407,0.22033898305084745,0.6440677966101694,62
pl_f83d967434310f7b,,22.85185185185185,6.407407407407407,1.2222222222222223,3.5185185185185186,0.4074074074074074,0.14814814814814814,2.2962962962962963,62
pl_f9ed0cc991511882,,31.083333333333332,15.11111111111111,2.7314814814814814,6.074074074074074,1.3611111111111112,0.8055555555555556,2.2777777777777777,114
pl_fa0966ed36ee67df,,19.98611111111111,7.458333333333333,2.1944444444444446,1.9861111111111112,0.7777777777777778,0.2222222222222222,1.4027777777777777,74
pl_fab9cb653c8ff8f0,,11.333333333333334,6.333333333333333,1.0,1.0,0.0,0.6666666666666666,0.3333333333333333,7
pl_fb4aa561d859bdfc,,27.207792207792206,15.974025974025974,5.623376623376624,2.896103896103896,1.0389610389610389,0.3246753246753247,2.051948051948052,99
pl_fb73b3891f665537,,30.62727272727273,10.854545454545455,3.7636363636363637,5.663636363636364,1.2636363636363637,0.43636363636363634,2.409090909090909,115
pl_fb879643ae96d5e9,,22.835051546391753,6.391752577319588,1.8144329896907216,2.082474226804124,0.7422680412371134,0.28865979381443296,1.1958762886597938,108
pl_fd9eb3ab1862a89c,,19.593023255813954,5.209302325581396,1.3604651162790697,3.0813953488372094,0.627906976744186,0.06976744186046512,1.5,102
pl_fde567a63b417f25,,5.0,1.0,1.0,0.0,0.5,0.0,0.0,2
pl_fe0b535368070a88,,9.535714285714286,3.2142857142857144,0.7857142857142857,0.7142857142857143,0.32142857142857145,0.03571428571428571,0.5,52
pl_fe1fd3bdaf2cd11e,,3.0,0.0,1.0,0.0,0.0,0.0,1.0,1
pl_fe48395a3f72a6b8,,3.0,2.0,1.0,1.0,0.0,0.0,0.0,1
