game_date,home_team,away_team,snapshot_time,commence_time,game_id,ml_away,ml_home,num_books,scraped_at,season,source,source_file,source_system,source_type,spread_home,spread_home_juice,total,total_over_juice
2026-07-04,Las Vegas Aces,Indiana Fever,2026-07-05T23:00:00Z,2026-07-05T23:00:00Z,f784500c59f1f83757bec7c0ef787879,181.6,-225.8,9,2026-07-04T23:42:05.520742,2026,the-odds-api,odds_2026-07-04.csv|odds_historical.csv,repository_raw,odds_2026_07_04|odds_historical,-5.5,-111.0,183.5,-107.44
2026-07-04,Los Angeles Sparks,Seattle Storm,2026-07-07T02:10:00Z,2026-07-07T02:10:00Z,4db4df7b4890e0ebc6a85982f4a85115,140.0,-166.0,1,2026-07-04T23:42:05.520772,2026,the-odds-api,odds_2026-07-04.csv|odds_historical.csv,repository_raw,odds_2026_07_04|odds_historical,-3.5,-110.0,174.5,-110.0
2026-07-04,Minnesota Lynx,Connecticut Sun,2026-07-07T00:00:00Z,2026-07-07T00:00:00Z,9c39120f2059c1fee0df606e5979d967,865.0,-1625.0,2,2026-07-04T23:42:05.520764,2026,the-odds-api,odds_2026-07-04.csv|odds_historical.csv,repository_raw,odds_2026_07_04|odds_historical,-16.0,-108.0,167.5,-110.0
2026-07-04,Seattle Storm,Portland Fire,2026-07-05T01:00:00Z,2026-07-05T01:00:00Z,a94e67bca9ed03e512eee9e32821184d,153.78,-184.33,9,2026-07-04T23:42:05.520666,2026,the-odds-api,odds_2026-07-04.csv|odds_historical.csv,repository_raw,odds_2026_07_04|odds_historical,-4.5,-109.0,172.61,-110.11
2026-07-04,Toronto Tempo,Dallas Wings,2026-07-05T19:00:00Z,2026-07-05T19:00:00Z,54f91bf5767bbff2f9bb1f444a6fc510,-205.8,166.0,9,2026-07-04T23:42:05.520699,2026,the-odds-api,odds_2026-07-04.csv|odds_historical.csv,repository_raw,odds_2026_07_04|odds_historical,5.28,-110.33,182.28,-111.0
2026-07-04,Washington Mystics,Golden State Valkyries,2026-07-06T23:40:00Z,2026-07-06T23:40:00Z,1fbe348b23c9f547e63ce18ccf0888db,-167.5,138.5,2,2026-07-04T23:42:05.520753,2026,the-odds-api,odds_2026-07-04.csv|odds_historical.csv,repository_raw,odds_2026_07_04|odds_historical,3.5,-110.0,159.5,-110.0
2026-07-05,Las Vegas Aces,Indiana Fever,2026-07-05T23:00:00Z,2026-07-05T23:00:00Z,f784500c59f1f83757bec7c0ef787879,126.56,-150.67,9,2026-07-05T22:09:03.673262,2026,the-odds-api,odds_2026-07-05.csv|odds_historical.csv,repository_raw,odds_2026_07_05|odds_historical,-2.94,-109.89,179.78,-109.89
2026-07-05,Los Angeles Sparks,Seattle Storm,2026-07-07T02:10:00Z,2026-07-07T02:10:00Z,4db4df7b4890e0ebc6a85982f4a85115,145.33,-177.67,9,2026-07-05T22:09:03.673308,2026,the-odds-api,odds_2026-07-05.csv|odds_historical.csv,repository_raw,odds_2026_07_05|odds_historical,-4.31,-109.75,174.17,-111.11
2026-07-05,Minnesota Lynx,Connecticut Sun,2026-07-07T00:00:00Z,2026-07-07T00:00:00Z,9c39120f2059c1fee0df606e5979d967,741.67,-1319.33,9,2026-07-05T22:09:03.673297,2026,the-odds-api,odds_2026-07-05.csv|odds_historical.csv,repository_raw,odds_2026_07_05|odds_historical,-14.83,-110.44,167.06,-112.44
2026-07-05,Washington Mystics,Golden State Valkyries,2026-07-06T23:40:00Z,2026-07-06T23:40:00Z,1fbe348b23c9f547e63ce18ccf0888db,-180.17,147.5,9,2026-07-05T22:09:03.673285,2026,the-odds-api,odds_2026-07-05.csv|odds_historical.csv,repository_raw,odds_2026_07_05|odds_historical,4.5,-108.33,157.11,-108.56
2026-07-06,Los Angeles Sparks,Seattle Storm,2026-07-07T02:10:00Z,2026-07-07T02:10:00Z,4db4df7b4890e0ebc6a85982f4a85115,139.78,-166.56,9,2026-07-06T11:44:07.270344,2026,the-odds-api,odds_historical.csv,repository_raw,odds_historical,-3.62,-109.88,174.5,-109.44
2026-07-06,Minnesota Lynx,Connecticut Sun,2026-07-07T00:00:00Z,2026-07-07T00:00:00Z,9c39120f2059c1fee0df606e5979d967,679.11,-1102.22,9,2026-07-06T11:44:07.270316,2026,the-odds-api,odds_historical.csv,repository_raw,odds_historical,-13.89,-111.56,165.72,-110.78
2026-07-06,New York Liberty,Dallas Wings,2026-07-08T00:00:00Z,2026-07-08T00:00:00Z,a5c10cf00d97057ef1bd2f450afb222d,172.0,-211.5,2,2026-07-06T11:44:07.270356,2026,the-odds-api,odds_historical.csv,repository_raw,odds_historical,-5.5,-109.5,175.5,-110.5
2026-07-06,Phoenix Mercury,Chicago Sky,2026-07-08T02:00:00Z,2026-07-08T02:00:00Z,2077ab7ab8e6b6e3437a042a329a944f,137.0,-166.0,2,2026-07-06T11:44:07.270368,2026,the-odds-api,odds_historical.csv,repository_raw,odds_historical,-3.5,-112.5,173.0,-108.0
2026-07-06,Washington Mystics,Golden State Valkyries,2026-07-06T23:40:00Z,2026-07-06T23:40:00Z,1fbe348b23c9f547e63ce18ccf0888db,-219.22,179.56,9,2026-07-06T11:44:07.270282,2026,the-odds-api,odds_historical.csv,repository_raw,odds_historical,5.44,-108.67,156.33,-110.11
2026-07-07,Las Vegas Aces,Indiana Fever,2026-07-05T23:00:00Z,2026-07-05T23:00:00Z,f784500c59f1f83757bec7c0ef787879,126.56,-150.67,9,2026-07-05T22:09:03.673262,2026,the-odds-api+last_known,odds_2026-07-07.csv|odds_2026-07-08.csv,repository_raw,odds_2026_07_07|odds_2026_07_08,-2.94,-109.89,179.78,-109.89
2026-07-07,Los Angeles Sparks,Seattle Storm,2026-07-07T02:10:00Z,2026-07-07T02:10:00Z,4db4df7b4890e0ebc6a85982f4a85115,139.78,-166.56,9,2026-07-06T11:44:07.270344,2026,the-odds-api+last_known,odds_2026-07-07.csv|odds_2026-07-08.csv,repository_raw,odds_2026_07_07|odds_2026_07_08,-3.62,-109.88,174.5,-109.44
2026-07-07,Minnesota Lynx,Connecticut Sun,2026-07-07T00:00:00Z,2026-07-07T00:00:00Z,9c39120f2059c1fee0df606e5979d967,679.11,-1102.22,9,2026-07-06T11:44:07.270316,2026,the-odds-api+last_known,odds_2026-07-07.csv|odds_2026-07-08.csv,repository_raw,odds_2026_07_07|odds_2026_07_08,-13.89,-111.56,165.72,-110.78
2026-07-07,New York Liberty,Dallas Wings,2026-07-08T00:00:00Z,2026-07-08T00:00:00Z,a5c10cf00d97057ef1bd2f450afb222d,172.0,-211.5,2,2026-07-06T11:44:07.270356,2026,the-odds-api+last_known,odds_2026-07-07.csv|odds_2026-07-08.csv,repository_raw,odds_2026_07_07|odds_2026_07_08,-5.5,-109.5,175.5,-110.5
2026-07-07,Phoenix Mercury,Chicago Sky,2026-07-08T02:00:00Z,2026-07-08T02:00:00Z,2077ab7ab8e6b6e3437a042a329a944f,137.0,-166.0,2,2026-07-06T11:44:07.270368,2026,the-odds-api+last_known,odds_2026-07-07.csv|odds_2026-07-08.csv,repository_raw,odds_2026_07_07|odds_2026_07_08,-3.5,-112.5,173.0,-108.0
2026-07-07,Washington Mystics,Golden State Valkyries,2026-07-06T23:40:00Z,2026-07-06T23:40:00Z,1fbe348b23c9f547e63ce18ccf0888db,-219.22,179.56,9,2026-07-06T11:44:07.270282,2026,the-odds-api+last_known,odds_2026-07-07.csv|odds_2026-07-08.csv,repository_raw,odds_2026_07_07|odds_2026_07_08,5.44,-108.67,156.33,-110.11
2026-07-09,Atlanta Dream,Seattle Storm,2026-07-10T00:09:18Z,2026-07-10T00:09:18Z,bbda183d9dc2a8ed43f79f82ef0ac320,1600.0,-10000.0,8,2026-07-10T01:55:47.800209+00:00,2026,the-odds-api,odds_2026-07-09.csv|odds_historical.csv,repository_raw,odds_2026_07_09|odds_historical,-14.19,-110.12,171.86,-116.43
2026-07-09,Connecticut Sun,Golden State Valkyries,2026-07-10T23:40:00Z,2026-07-10T23:40:00Z,1547b39904db439304af0dfdacaa469d,-337.14,261.43,11,2026-07-10T01:55:47.800329+00:00,2026,the-odds-api,odds_2026-07-09.csv|odds_historical.csv,repository_raw,odds_2026_07_09|odds_historical,7.59,-109.55,153.95,-108.73
2026-07-09,Los Angeles Sparks,Chicago Sky,2026-07-11T02:10:00Z,2026-07-11T02:10:00Z,14c1ed8012d1c1a70778c1d1aa348e83,13.0,-119.86,11,2026-07-10T01:55:47.800380+00:00,2026,the-odds-api,odds_2026-07-09.csv|odds_historical.csv,repository_raw,odds_2026_07_09|odds_historical,-0.72,-113.33,180.59,-110.27
2026-07-09,Minnesota Lynx,New York Liberty,2026-07-11T17:00:00Z,2026-07-11T17:00:00Z,93c27f5318a98fdd2a9bfbc42269f134,130.75,-159.5,4,2026-07-10T01:55:47.800400+00:00,2026,the-odds-api,odds_2026-07-09.csv|odds_historical.csv,repository_raw,odds_2026_07_09|odds_historical,-3.5,-109.5,173.0,-110.0
2026-07-09,Phoenix Mercury,Indiana Fever,2026-07-10T02:10:00Z,2026-07-10T02:10:00Z,80aa9418f4995bd78f131b2ede793c1c,-123.09,48.0,11,2026-07-10T01:55:47.800278+00:00,2026,the-odds-api,odds_2026-07-09.csv|odds_historical.csv,repository_raw,odds_2026_07_09|odds_historical,1.27,-109.82,171.64,-112.73
2026-07-09,Portland Fire,Las Vegas Aces,2026-07-10T02:05:00Z,2026-07-10T02:05:00Z,803d077d9e5f6f5b156f4a2be5ad2ec5,-493.64,367.82,11,2026-07-10T01:55:47.800247+00:00,2026,the-odds-api,odds_2026-07-09.csv|odds_historical.csv,repository_raw,odds_2026_07_09|odds_historical,9.95,-111.27,175.36,-110.73
2026-07-09,Toronto Tempo,Dallas Wings,2026-07-10T23:40:00Z,2026-07-10T23:40:00Z,7295f7e8db8d22124fdf261cda31a1f6,-273.29,216.14,11,2026-07-10T01:55:47.800355+00:00,2026,the-odds-api,odds_2026-07-09.csv|odds_historical.csv,repository_raw,odds_2026_07_09|odds_historical,6.68,-109.0,180.23,-109.09
2026-07-10,Atlanta Dream,Portland Fire,2026-07-11T20:00:00Z,2026-07-11T20:00:00Z,9f2c4d943190edd1073d4cd6760fcf8c,487.5,-723.25,11,2026-07-11T02:02:26.936363+00:00,2026,the-odds-api,odds_2026-07-10.csv|odds_historical.csv,repository_raw,odds_2026_07_10|odds_historical,-12.0,-112.45,172.55,-110.45
2026-07-10,Las Vegas Aces,Phoenix Mercury,2026-07-11T22:00:00Z,2026-07-11T22:00:00Z,dbbae9c1944a4874fe492f9fe23d8f62,337.5,-451.38,11,2026-07-11T02:02:26.936390+00:00,2026,the-odds-api,odds_2026-07-10.csv|odds_historical.csv,repository_raw,odds_2026_07_10|odds_historical,-9.5,-109.45,171.95,-109.09
2026-07-10,Los Angeles Sparks,Chicago Sky,2026-07-11T02:10:00Z,2026-07-11T02:10:00Z,14c1ed8012d1c1a70778c1d1aa348e83,48.27,-124.64,11,2026-07-11T02:02:26.936294+00:00,2026,the-odds-api,odds_2026-07-10.csv|odds_historical.csv,repository_raw,odds_2026_07_10|odds_historical,-1.35,-88.6,177.45,-109.27
2026-07-10,Minnesota Lynx,New York Liberty,2026-07-11T17:00:00Z,2026-07-11T17:00:00Z,93c27f5318a98fdd2a9bfbc42269f134,163.67,-200.17,10,2026-07-11T02:02:26.936336+00:00,2026,the-odds-api,odds_2026-07-10.csv|odds_historical.csv,repository_raw,odds_2026_07_10|odds_historical,-4.75,-112.3,174.95,-111.4
2026-07-11,Atlanta Dream,Portland Fire,2026-07-11T20:00:00Z,2026-07-11T20:00:00Z,9f2c4d943190edd1073d4cd6760fcf8c,519.91,-766.0,11,2026-07-11T19:51:52.152090+00:00,2026,the-odds-api,odds_2026-07-11.csv|odds_historical.csv,repository_raw,odds_2026_07_11|odds_historical,-12.5,-111.27,173.73,-109.55
2026-07-11,Dallas Wings,Chicago Sky,2026-07-12T23:00:00Z,2026-07-12T23:00:00Z,15504ed1a378321542911fbfb7a49591,325.75,-427.5,7,2026-07-11T19:51:52.152172+00:00,2026,the-odds-api,odds_2026-07-11.csv|odds_historical.csv,repository_raw,odds_2026_07_11|odds_historical,-9.5,-109.71,176.93,-109.71
2026-07-11,Las Vegas Aces,Phoenix Mercury,2026-07-11T22:00:00Z,2026-07-11T22:00:00Z,dbbae9c1944a4874fe492f9fe23d8f62,280.09,-359.09,11,2026-07-11T19:51:52.152133+00:00,2026,the-odds-api,odds_2026-07-11.csv|odds_historical.csv,repository_raw,odds_2026_07_11|odds_historical,-8.32,-107.73,169.18,-70.91
2026-07-11,Washington Mystics,Seattle Storm,2026-07-12T19:00:00Z,2026-07-12T19:00:00Z,a82c548dd13bf0b9134cd20a43ac88de,130.0,-156.25,7,2026-07-11T19:51:52.152153+00:00,2026,the-odds-api,odds_2026-07-11.csv|odds_historical.csv,repository_raw,odds_2026_07_11|odds_historical,-3.5,-109.71,159.71,-106.86
2026-07-12,Atlanta Dream,Los Angeles Sparks,2026-07-13T23:10:00Z,2026-07-13T23:10:00Z,59e806dd41a1cdd33be91c732ab446be,267.25,-339.38,8,2026-07-12T14:38:33.111010+00:00,2026,the-odds-api,odds_2026-07-12.csv|odds_historical.csv,repository_raw,odds_2026_07_12|odds_historical,-8.12,-108.5,178.88,-111.5
2026-07-12,Dallas Wings,Chicago Sky,2026-07-12T23:00:00Z,2026-07-12T23:00:00Z,15504ed1a378321542911fbfb7a49591,339.55,-450.55,11,2026-07-12T14:38:33.110957+00:00,2026,the-odds-api,odds_2026-07-12.csv|odds_historical.csv,repository_raw,odds_2026_07_12|odds_historical,-9.64,-111.64,178.55,-107.73
2026-07-12,Las Vegas Aces,Indiana Fever,2026-07-13T01:00:00Z,2026-07-13T01:00:00Z,7a7ba7018aa8c14997cbbcb0170fe203,154.09,-184.82,11,2026-07-12T14:38:33.110986+00:00,2026,the-odds-api,odds_2026-07-12.csv|odds_historical.csv,repository_raw,odds_2026_07_12|odds_historical,-4.41,-108.0,181.73,-111.09
2026-07-12,Minnesota Lynx,Phoenix Mercury,2026-07-14T01:10:00Z,2026-07-14T01:10:00Z,089163a3a05d1b2e8028fab27ad5605f,477.75,-686.88,8,2026-07-12T14:38:33.111033+00:00,2026,the-odds-api,odds_2026-07-12.csv|odds_historical.csv,repository_raw,odds_2026_07_12|odds_historical,-11.88,-111.25,168.75,-110.88
2026-07-12,Toronto Tempo,New York Liberty,2026-07-12T19:00:00Z,2026-07-12T19:00:00Z,a11188d43bce66a788fd84b4a10dc19b,-278.27,223.45,11,2026-07-12T14:38:33.110882+00:00,2026,the-odds-api,odds_2026-07-12.csv|odds_historical.csv,repository_raw,odds_2026_07_12|odds_historical,6.73,-107.73,177.55,-111.09
2026-07-12,Washington Mystics,Seattle Storm,2026-07-12T19:00:00Z,2026-07-12T19:00:00Z,a82c548dd13bf0b9134cd20a43ac88de,181.09,-221.09,11,2026-07-12T14:38:33.110927+00:00,2026,the-odds-api,odds_2026-07-12.csv|odds_historical.csv,repository_raw,odds_2026_07_12|odds_historical,-5.5,-110.09,162.27,-107.55
2026-07-13,Atlanta Dream,Los Angeles Sparks,2026-07-13T23:00:00Z,2026-07-13T23:00:00Z,59e806dd41a1cdd33be91c732ab446be,277.73,-355.0,11,2026-07-13T15:56:06.745310+00:00,2026,the-odds-api,odds_2026-07-13.csv|odds_historical.csv,repository_raw,odds_2026_07_13|odds_historical,-8.5,-108.45,180.86,-111.18
2026-07-13,Connecticut Sun,Portland Fire,2026-07-14T15:10:00Z,2026-07-14T15:10:00Z,c2ecfa7d05172b4ecf75b85d53482efe,-52.75,-118.5,8,2026-07-13T15:56:06.745376+00:00,2026,the-odds-api,odds_2026-07-13.csv|odds_historical.csv,repository_raw,odds_2026_07_13|odds_historical,-0.81,-109.75,166.94,-110.88
2026-07-13,Minnesota Lynx,Phoenix Mercury,2026-07-14T01:00:00Z,2026-07-14T01:00:00Z,089163a3a05d1b2e8028fab27ad5605f,524.36,-771.55,11,2026-07-13T15:56:06.745354+00:00,2026,the-odds-api,odds_2026-07-13.csv|odds_historical.csv,repository_raw,odds_2026_07_13|odds_historical,-12.45,-107.55,169.64,-110.64
2026-07-13,Toronto Tempo,Washington Mystics,2026-07-14T23:10:00Z,2026-07-14T23:10:00Z,d6adc93ae6db516941aa0c9eabe442fd,-63.75,-6.75,8,2026-07-13T15:56:06.745397+00:00,2026,the-odds-api,odds_2026-07-13.csv|odds_historical.csv,repository_raw,odds_2026_07_13|odds_historical,1.06,-113.12,170.38,-109.75
2026-07-14,Chicago Sky,Seattle Storm,2026-07-15T16:10:00Z,2026-07-15T16:10:00Z,dd23179c4373849ae1da8476ec21def3,135.33,-165.0,7,2026-07-14T15:04:20.094057+00:00,2026,the-odds-api,odds_2026-07-14.csv|odds_historical.csv,repository_raw,odds_2026_07_14|odds_historical,-3.5,-110.14,170.93,-110.29
2026-07-14,Connecticut Sun,Portland Fire,2026-07-14T15:02:53Z,2026-07-14T15:02:53Z,c2ecfa7d05172b4ecf75b85d53482efe,122.45,-153.73,11,2026-07-14T15:04:20.094010+00:00,2026,the-odds-api,odds_2026-07-14.csv|odds_historical.csv,repository_raw,odds_2026_07_14|odds_historical,-2.86,-113.64,167.82,-94.36
2026-07-14,Indiana Fever,Golden State Valkyries,2026-07-16T00:10:00Z,2026-07-16T00:10:00Z,8eace0d4309db9d618e7ba857166324b,-105.33,-116.0,7,2026-07-14T15:04:20.094081+00:00,2026,the-odds-api,odds_2026-07-14.csv|odds_historical.csv,repository_raw,odds_2026_07_14|odds_historical,-1.5,-105.14,168.93,-109.14
2026-07-14,Minnesota Lynx,Los Angeles Sparks,2026-07-15T17:10:00Z,2026-07-15T17:10:00Z,4db11d33553fba68fc607aaf009071aa,581.67,-903.33,7,2026-07-14T15:04:20.094069+00:00,2026,the-odds-api,odds_2026-07-14.csv|odds_historical.csv,repository_raw,odds_2026_07_14|odds_historical,-12.5,-110.71,181.93,-111.0
2026-07-14,Toronto Tempo,Washington Mystics,2026-07-14T23:10:00Z,2026-07-14T23:10:00Z,d6adc93ae6db516941aa0c9eabe442fd,-130.82,108.91,11,2026-07-14T15:04:20.094043+00:00,2026,the-odds-api,odds_2026-07-14.csv|odds_historical.csv,repository_raw,odds_2026_07_14|odds_historical,1.95,-110.45,172.27,-108.45
2026-07-15,Chicago Sky,Seattle Storm,2026-07-15T16:10:00Z,2026-07-15T16:10:00Z,dd23179c4373849ae1da8476ec21def3,135.09,-161.09,11,2026-07-15T15:02:42.198632+00:00,2026,the-odds-api,odds_2026-07-15.csv|odds_historical.csv,repository_raw,odds_2026_07_15|odds_historical,-3.41,-110.09,171.05,-109.55
2026-07-15,Dallas Wings,New York Liberty,2026-07-17T01:00:00Z,2026-07-17T01:00:00Z,51f9e00bb8d7debd5a922a21f0736e36,101.5,-123.25,8,2026-07-15T15:02:42.198749+00:00,2026,the-odds-api,odds_2026-07-15.csv|odds_historical.csv,repository_raw,odds_2026_07_15|odds_historical,-1.5,-109.62,175.5,-110.12
2026-07-15,Indiana Fever,Golden State Valkyries,2026-07-16T00:10:00Z,2026-07-16T00:10:00Z,8eace0d4309db9d618e7ba857166324b,85.09,-124.0,11,2026-07-15T15:02:42.198706+00:00,2026,the-odds-api,odds_2026-07-15.csv|odds_historical.csv,repository_raw,odds_2026_07_15|odds_historical,-1.41,-110.82,165.95,-110.18
2026-07-15,Minnesota Lynx,Los Angeles Sparks,2026-07-15T17:10:00Z,2026-07-15T17:10:00Z,4db11d33553fba68fc607aaf009071aa,458.82,-648.55,11,2026-07-15T15:02:42.198676+00:00,2026,the-odds-api,odds_2026-07-15.csv|odds_historical.csv,repository_raw,odds_2026_07_15|odds_historical,-11.5,-110.18,181.45,-108.64
2026-07-15,Washington Mystics,Portland Fire,2026-07-16T23:10:00Z,2026-07-16T23:10:00Z,00a997433337939ebda3beb882a1e2db,156.5,-193.0,8,2026-07-15T15:02:42.198728+00:00,2026,the-odds-api,odds_2026-07-15.csv|odds_historical.csv,repository_raw,odds_2026_07_15|odds_historical,-4.94,-109.62,163.94,-108.25
2026-07-16,Chicago Sky,Los Angeles Sparks,2026-07-17T23:30:00Z,2026-07-17T23:30:00Z,4a1af047b50cc335d69665ae9b499206,61.0,-122.4,8,2026-07-16T15:14:23.566059+00:00,2026,the-odds-api,odds_2026-07-16.csv|odds_historical.csv,repository_raw,odds_2026_07_16|odds_historical,-1.5,-109.75,183.38,-110.62
2026-07-16,Dallas Wings,New York Liberty,2026-07-17T01:00:00Z,2026-07-17T01:00:00Z,51f9e00bb8d7debd5a922a21f0736e36,113.0,-134.82,11,2026-07-16T15:14:23.566011+00:00,2026,the-odds-api,odds_2026-07-16.csv|odds_historical.csv,repository_raw,odds_2026_07_16|odds_historical,-1.91,-110.18,176.95,-110.27
2026-07-16,Indiana Fever,Seattle Storm,2026-07-17T23:40:00Z,2026-07-17T23:40:00Z,034012f210532a879b3d1ab5de8306e6,317.0,-419.0,8,2026-07-16T15:14:23.566079+00:00,2026,the-odds-api,odds_2026-07-16.csv|odds_historical.csv,repository_raw,odds_2026_07_16|odds_historical,-8.75,-109.75,173.75,-109.5
2026-07-16,Phoenix Mercury,Connecticut Sun,2026-07-18T02:00:00Z,2026-07-18T02:00:00Z,02c8aae5b168305c60aa6f9c66f443d1,173.5,-214.5,8,2026-07-16T15:14:23.566098+00:00,2026,the-odds-api,odds_2026-07-16.csv|odds_historical.csv,repository_raw,odds_2026_07_16|odds_historical,-5.44,-105.5,163.5,-109.88
2026-07-16,Toronto Tempo,Atlanta Dream,2026-07-17T23:30:00Z,2026-07-17T23:30:00Z,571b28ddb7c28b45b2925d493d2085c8,-316.0,246.0,8,2026-07-16T15:14:23.566035+00:00,2026,the-odds-api,odds_2026-07-16.csv|odds_historical.csv,repository_raw,odds_2026_07_16|odds_historical,7.5,-110.0,182.25,-110.88
2026-07-16,Washington Mystics,Portland Fire,2026-07-16T23:10:00Z,2026-07-16T23:10:00Z,00a997433337939ebda3beb882a1e2db,211.73,-263.0,11,2026-07-16T15:14:23.565952+00:00,2026,the-odds-api,odds_2026-07-16.csv|odds_historical.csv,repository_raw,odds_2026_07_16|odds_historical,-6.5,-108.45,162.73,-109.73
2026-07-17,Chicago Sky,Los Angeles Sparks,2026-07-17T23:30:00Z,2026-07-17T23:30:00Z,4a1af047b50cc335d69665ae9b499206,45.73,-121.0,11,2026-07-17T14:54:19.885709+00:00,2026,the-odds-api,odds_2026-07-17.csv|odds_historical.csv,repository_raw,odds_2026_07_17|odds_historical,-1.15,-108.1,182.86,-109.45
2026-07-17,Golden State Valkyries,Washington Mystics,2026-07-19T00:30:00Z,2026-07-19T00:30:00Z,d24612bd3abe34a240d8fd2f3ced9d4f,303.33,-398.33,6,2026-07-17T14:54:19.885816+00:00,2026,the-odds-api,odds_2026-07-17.csv|odds_historical.csv,repository_raw,odds_2026_07_17|odds_historical,-8.5,-110.0,149.17,-109.67
2026-07-17,Indiana Fever,New York Liberty,2026-07-19T00:00:00Z,2026-07-19T00:00:00Z,cb4f9fb87d3e9c98bee6b12fbd21fdab,-125.0,37.0,6,2026-07-17T14:54:19.885783+00:00,2026,the-odds-api,odds_2026-07-17.csv|odds_historical.csv,repository_raw,odds_2026_07_17|odds_historical,1.67,-110.33,174.08,-109.67
2026-07-17,Indiana Fever,Seattle Storm,2026-07-17T23:40:00Z,2026-07-17T23:40:00Z,034012f210532a879b3d1ab5de8306e6,325.1,-427.0,11,2026-07-17T14:54:19.885739+00:00,2026,the-odds-api,odds_2026-07-17.csv|odds_historical.csv,repository_raw,odds_2026_07_17|odds_historical,-9.41,-109.09,177.0,-109.73
2026-07-17,Minnesota Lynx,Portland Fire,2026-07-19T00:00:00Z,2026-07-19T00:00:00Z,f8783a888cf81cf55788aa06d2273f16,501.25,-717.5,6,2026-07-17T14:54:19.885800+00:00,2026,the-odds-api,odds_2026-07-17.csv|odds_historical.csv,repository_raw,odds_2026_07_17|odds_historical,-11.75,-108.67,171.5,-110.0
2026-07-17,Phoenix Mercury,Connecticut Sun,2026-07-18T02:00:00Z,2026-07-18T02:00:00Z,02c8aae5b168305c60aa6f9c66f443d1,163.2,-196.2,11,2026-07-17T14:54:19.885766+00:00,2026,the-odds-api,odds_2026-07-17.csv|odds_historical.csv,repository_raw,odds_2026_07_17|odds_historical,-4.5,-113.09,163.59,-110.91
2026-07-17,Toronto Tempo,Atlanta Dream,2026-07-17T23:30:00Z,2026-07-17T23:30:00Z,571b28ddb7c28b45b2925d493d2085c8,-424.4,324.3,11,2026-07-17T14:54:19.885664+00:00,2026,the-odds-api,odds_2026-07-17.csv|odds_historical.csv,repository_raw,odds_2026_07_17|odds_historical,9.41,-108.55,181.59,-108.64
2026-07-18,Atlanta Dream,Chicago Sky,2026-07-19T20:00:00Z,2026-07-19T20:00:00Z,816ff571af3364f94a70ee7d377cff0d,388.0,-531.0,8,2026-07-18T14:32:42.662224+00:00,2026,the-odds-api,odds_2026-07-18.csv|odds_historical.csv,repository_raw,odds_2026_07_18|odds_historical,-10.19,-109.88,177.81,-110.38
2026-07-18,Dallas Wings,Los Angeles Sparks,2026-07-19T17:00:00Z,2026-07-19T17:00:00Z,c994942b2c3f226511066929a832dcd1,336.0,-448.0,8,2026-07-18T14:32:42.662202+00:00,2026,the-odds-api,odds_2026-07-18.csv|odds_historical.csv,repository_raw,odds_2026_07_18|odds_historical,-9.5,-108.38,181.06,-109.12
2026-07-18,Golden State Valkyries,Washington Mystics,2026-07-19T00:30:00Z,2026-07-19T00:30:00Z,d24612bd3abe34a240d8fd2f3ced9d4f,319.09,-417.27,11,2026-07-18T14:32:42.662179+00:00,2026,the-odds-api,odds_2026-07-18.csv|odds_historical.csv,repository_raw,odds_2026_07_18|odds_historical,-9.09,-109.55,148.18,-108.18
2026-07-18,Indiana Fever,New York Liberty,2026-07-19T00:00:00Z,2026-07-19T00:00:00Z,cb4f9fb87d3e9c98bee6b12fbd21fdab,-140.0,117.36,11,2026-07-18T14:32:42.662100+00:00,2026,the-odds-api,odds_2026-07-18.csv|odds_historical.csv,repository_raw,odds_2026_07_18|odds_historical,2.41,-110.09,179.91,-109.64
2026-07-18,Minnesota Lynx,Portland Fire,2026-07-19T00:00:00Z,2026-07-19T00:00:00Z,f8783a888cf81cf55788aa06d2273f16,537.0,-802.91,11,2026-07-18T14:32:42.662147+00:00,2026,the-odds-api,odds_2026-07-18.csv|odds_historical.csv,repository_raw,odds_2026_07_18|odds_historical,-13.41,-109.0,175.05,-110.64
2026-07-19,Atlanta Dream,Chicago Sky,2026-07-19T20:00:00Z,2026-07-19T20:00:00Z,816ff571af3364f94a70ee7d377cff0d,431.73,-602.64,11,2026-07-19T14:35:53.338944+00:00,2026,the-odds-api,odds_2026-07-19.csv|odds_historical.csv,repository_raw,odds_2026_07_19|odds_historical,-11.68,-111.18,179.36,-107.27
2026-07-19,Dallas Wings,Los Angeles Sparks,2026-07-19T17:00:00Z,2026-07-19T17:00:00Z,c994942b2c3f226511066929a832dcd1,354.09,-474.64,11,2026-07-19T14:35:53.338905+00:00,2026,the-odds-api,odds_2026-07-19.csv|odds_historical.csv,repository_raw,odds_2026_07_19|odds_historical,-9.91,-111.27,183.0,-110.0
2026-07-19,Dallas Wings,New York Liberty,2026-07-21T00:00:00Z,2026-07-21T00:00:00Z,f8d499fa23c7a4576854388ba749a0ad,-121.0,20.4,8,2026-07-19T14:35:53.338998+00:00,2026,the-odds-api,odds_2026-07-19.csv|odds_historical.csv,repository_raw,odds_2026_07_19|odds_historical,1.31,-111.12,176.5,-110.0
2026-07-19,Golden State Valkyries,Washington Mystics,2026-07-21T02:00:00Z,2026-07-21T02:00:00Z,8b88089c696e24b6c7a4cf96e5b401ad,259.0,-336.0,8,2026-07-19T14:35:53.339040+00:00,2026,the-odds-api,odds_2026-07-19.csv|odds_historical.csv,repository_raw,odds_2026_07_19|odds_historical,-7.5,-110.25,147.06,-109.5
2026-07-19,Phoenix Mercury,Connecticut Sun,2026-07-19T23:00:00Z,2026-07-19T23:00:00Z,fc804cb9450e1bdff88768da90a4a79d,140.55,-167.0,11,2026-07-19T14:35:53.338975+00:00,2026,the-odds-api,odds_2026-07-19.csv|odds_historical.csv,repository_raw,odds_2026_07_19|odds_historical,-4.0,-109.73,166.91,-110.36
2026-07-19,Seattle Storm,Minnesota Lynx,2026-07-21T02:00:00Z,2026-07-21T02:00:00Z,dc5bcc793ed414742aabe00774165592,-537.0,388.0,8,2026-07-19T14:35:53.339061+00:00,2026,the-odds-api,odds_2026-07-19.csv|odds_historical.csv,repository_raw,odds_2026_07_19|odds_historical,10.06,-109.75,174.06,-109.75
2026-07-19,Toronto Tempo,Las Vegas Aces,2026-07-21T00:00:00Z,2026-07-21T00:00:00Z,a75dc35960c8468c39ab31bed3861aed,-481.0,356.0,8,2026-07-19T14:35:53.339019+00:00,2026,the-odds-api,odds_2026-07-19.csv|odds_historical.csv,repository_raw,odds_2026_07_19|odds_historical,10.31,-113.62,182.25,-113.0
2026-07-20,Dallas Wings,New York Liberty,2026-07-21T00:00:00Z,2026-07-21T00:00:00Z,f8d499fa23c7a4576854388ba749a0ad,-166.73,140.0,11,2026-07-20T15:22:16.268802+00:00,2026,the-odds-api,odds_2026-07-20.csv|odds_historical.csv,repository_raw,odds_2026_07_20|odds_historical,3.55,-110.36,176.23,-110.09
2026-07-20,Golden State Valkyries,Washington Mystics,2026-07-21T02:00:00Z,2026-07-21T02:00:00Z,8b88089c696e24b6c7a4cf96e5b401ad,283.55,-368.18,11,2026-07-20T15:22:16.268879+00:00,2026,the-odds-api,odds_2026-07-20.csv|odds_historical.csv,repository_raw,odds_2026_07_20|odds_historical,-8.59,-109.64,145.55,-111.55
2026-07-20,Indiana Fever,Connecticut Sun,2026-07-23T00:00:00Z,2026-07-23T00:00:00Z,b24ebe70fbb0e573642f28bf6b003ff5,394.0,-545.0,8,2026-07-20T15:22:16.269041+00:00,2026,the-odds-api,odds_2026-07-20.csv|odds_historical.csv,repository_raw,odds_2026_07_20|odds_historical,-10.38,-110.12,175.69,-112.12
2026-07-20,Los Angeles Sparks,Phoenix Mercury,2026-07-22T19:00:00Z,2026-07-22T19:00:00Z,56af8faef87ceb6598a173fe8e747a37,19.6,-120.8,8,2026-07-20T15:22:16.268955+00:00,2026,the-odds-api,odds_2026-07-20.csv|odds_historical.csv,repository_raw,odds_2026_07_20|odds_historical,-1.5,-106.88,178.5,-110.62
2026-07-20,New York Liberty,Chicago Sky,2026-07-22T23:00:00Z,2026-07-22T23:00:00Z,02193940e2fe74c962cb912cb4cfd284,396.0,-545.0,8,2026-07-20T15:22:16.269000+00:00,2026,the-odds-api,odds_2026-07-20.csv|odds_historical.csv,repository_raw,odds_2026_07_20|odds_historical,-10.44,-113.25,179.5,-108.5
2026-07-20,Seattle Storm,Minnesota Lynx,2026-07-21T02:00:00Z,2026-07-21T02:00:00Z,dc5bcc793ed414742aabe00774165592,-469.18,349.64,11,2026-07-20T15:22:16.268908+00:00,2026,the-odds-api,odds_2026-07-20.csv|odds_historical.csv,repository_raw,odds_2026_07_20|odds_historical,9.5,-111.0,174.05,-110.36
2026-07-20,Seattle Storm,Minnesota Lynx,2026-07-22T19:10:00Z,2026-07-22T19:10:00Z,f7800d314f5d93772712ba995e0f9c9e,-418.75,318.75,7,2026-07-20T15:22:16.268979+00:00,2026,the-odds-api,odds_2026-07-20.csv|odds_historical.csv,repository_raw,odds_2026_07_20|odds_historical,9.5,-110.71,173.71,-110.14
2026-07-20,Toronto Tempo,Las Vegas Aces,2026-07-21T00:00:00Z,2026-07-21T00:00:00Z,a75dc35960c8468c39ab31bed3861aed,-589.45,423.36,11,2026-07-20T15:22:16.268846+00:00,2026,the-odds-api,odds_2026-07-20.csv|odds_historical.csv,repository_raw,odds_2026_07_20|odds_historical,11.05,-111.64,181.36,-111.0
2026-07-20,Washington Mystics,Las Vegas Aces,2026-07-22T23:30:00Z,2026-07-22T23:30:00Z,346fd6195f8bd0619193c6d3713369b7,-230.0,186.0,8,2026-07-20T15:22:16.269021+00:00,2026,the-odds-api,odds_2026-07-20.csv|odds_historical.csv,repository_raw,odds_2026_07_20|odds_historical,5.5,-107.75,160.19,-112.0
2026-07-21,Indiana Fever,Connecticut Sun,2026-07-23T00:00:00Z,2026-07-23T00:00:00Z,b24ebe70fbb0e573642f28bf6b003ff5,365.55,-489.09,11,2026-07-21T15:19:03.575821+00:00,2026,the-odds-api,odds_2026-07-21.csv|odds_historical.csv,repository_raw,odds_2026_07_21|odds_historical,-9.86,-109.91,177.55,-111.73
2026-07-21,Los Angeles Sparks,Phoenix Mercury,2026-07-22T19:00:00Z,2026-07-22T19:00:00Z,56af8faef87ceb6598a173fe8e747a37,8.82,-120.27,11,2026-07-21T15:19:03.575697+00:00,2026,the-odds-api,odds_2026-07-21.csv|odds_historical.csv,repository_raw,odds_2026_07_21|odds_historical,-1.5,-107.1,178.95,-109.18
2026-07-21,New York Liberty,Chicago Sky,2026-07-22T23:00:00Z,2026-07-22T23:00:00Z,02193940e2fe74c962cb912cb4cfd284,375.91,-505.82,11,2026-07-21T15:19:03.575766+00:00,2026,the-odds-api,odds_2026-07-21.csv|odds_historical.csv,repository_raw,odds_2026_07_21|odds_historical,-9.73,-109.73,179.5,-109.73
2026-07-21,Portland Fire,Dallas Wings,2026-07-23T02:00:00Z,2026-07-23T02:00:00Z,296c93e4672aa39391a786d10bcacac7,-225.27,184.0,11,2026-07-21T15:19:03.575849+00:00,2026,the-odds-api,odds_2026-07-21.csv|odds_historical.csv,repository_raw,odds_2026_07_21|odds_historical,5.5,-108.91,172.68,-109.73
2026-07-21,Seattle Storm,Minnesota Lynx,2026-07-22T19:10:00Z,2026-07-22T19:10:00Z,f7800d314f5d93772712ba995e0f9c9e,-421.27,321.36,11,2026-07-21T15:19:03.575734+00:00,2026,the-odds-api,odds_2026-07-21.csv|odds_historical.csv,repository_raw,odds_2026_07_21|odds_historical,9.27,-108.18,177.41,-110.55
2026-07-21,Washington Mystics,Las Vegas Aces,2026-07-22T23:30:00Z,2026-07-22T23:30:00Z,346fd6195f8bd0619193c6d3713369b7,-258.91,208.18,11,2026-07-21T15:19:03.575794+00:00,2026,the-odds-api,odds_2026-07-21.csv|odds_historical.csv,repository_raw,odds_2026_07_21|odds_historical,6.68,-112.09,162.5,-110.18
2026-07-22,Indiana Fever,Connecticut Sun,2026-07-23T00:00:00Z,2026-07-23T00:00:00Z,b24ebe70fbb0e573642f28bf6b003ff5,351.64,-470.45,11,2026-07-22T15:18:19.004142+00:00,2026,the-odds-api,odds_2026-07-22.csv|odds_historical.csv,repository_raw,odds_2026_07_22|odds_historical,-10.05,-107.64,178.14,-108.64
2026-07-22,Los Angeles Sparks,Phoenix Mercury,2026-07-22T19:00:00Z,2026-07-22T19:00:00Z,56af8faef87ceb6598a173fe8e747a37,65.45,-122.64,11,2026-07-22T15:18:19.003971+00:00,2026,the-odds-api,odds_2026-07-22.csv|odds_historical.csv,repository_raw,odds_2026_07_22|odds_historical,-1.45,-109.0,176.45,-110.91
2026-07-22,New York Liberty,Chicago Sky,2026-07-22T23:00:00Z,2026-07-22T23:00:00Z,02193940e2fe74c962cb912cb4cfd284,246.45,-310.27,11,2026-07-22T15:18:19.004047+00:00,2026,the-odds-api,odds_2026-07-22.csv|odds_historical.csv,repository_raw,odds_2026_07_22|odds_historical,-7.36,-111.36,179.14,-111.09
2026-07-22,Portland Fire,Dallas Wings,2026-07-23T02:00:00Z,2026-07-23T02:00:00Z,296c93e4672aa39391a786d10bcacac7,-225.36,184.18,11,2026-07-22T15:18:19.004190+00:00,2026,the-odds-api,odds_2026-07-22.csv|odds_historical.csv,repository_raw,odds_2026_07_22|odds_historical,5.36,-111.09,175.41,-110.55
2026-07-22,Seattle Storm,Minnesota Lynx,2026-07-22T19:10:00Z,2026-07-22T19:10:00Z,f7800d314f5d93772712ba995e0f9c9e,-497.36,367.18,11,2026-07-22T15:18:19.004016+00:00,2026,the-odds-api,odds_2026-07-22.csv|odds_historical.csv,repository_raw,odds_2026_07_22|odds_historical,10.45,-109.09,179.0,-109.91
2026-07-22,Washington Mystics,Las Vegas Aces,2026-07-22T23:30:00Z,2026-07-22T23:30:00Z,346fd6195f8bd0619193c6d3713369b7,-246.64,200.45,11,2026-07-22T15:18:19.004077+00:00,2026,the-odds-api,odds_2026-07-22.csv|odds_historical.csv,repository_raw,odds_2026_07_22|odds_historical,6.36,-110.91,165.45,-109.91
2026-07-23,Dallas Wings,Atlanta Dream,2026-07-30T00:00:00Z,2026-07-30T00:00:00Z,c01616be622aa0fcab0ac0351d05e264,104.0,-128.0,3,2026-07-23T15:26:13.792314+00:00,2026,the-odds-api,odds_2026-07-23.csv|odds_historical.csv,repository_raw,odds_2026_07_23|odds_historical,-1.5,-112.67,178.5,-109.33
2026-07-23,Las Vegas Aces,Portland Fire,2026-07-29T02:00:00Z,2026-07-29T02:00:00Z,606c87e74c7cc6048113e44a4f33506f,551.0,-849.0,7,2026-07-23T15:26:13.792278+00:00,2026,the-odds-api,odds_2026-07-23.csv|odds_historical.csv,repository_raw,odds_2026_07_23|odds_historical,-11.64,-109.0,175.0,-109.57
2026-07-23,Los Angeles Sparks,New York Liberty,2026-07-29T02:00:00Z,2026-07-29T02:00:00Z,fa632e2d144f67960024500509077a4a,-188.8,154.0,7,2026-07-23T15:26:13.792299+00:00,2026,the-odds-api,odds_2026-07-23.csv|odds_historical.csv,repository_raw,odds_2026_07_23|odds_historical,4.5,-112.86,184.5,-111.43
2026-07-23,Minnesota Lynx,Toronto Tempo,2026-07-29T00:00:00Z,2026-07-29T00:00:00Z,786c1161bd8d7bbab01efa2e850df8bb,668.0,-1090.0,7,2026-07-23T15:26:13.792233+00:00,2026,the-odds-api,odds_2026-07-23.csv|odds_historical.csv,repository_raw,odds_2026_07_23|odds_historical,-14.5,-109.71,182.5,-110.0
2026-07-23,Phoenix Mercury,Golden State Valkyries,2026-07-30T02:00:00Z,2026-07-30T02:00:00Z,44c05d0bdf345dc1b2a2eef1bff78ce3,-217.25,176.0,6,2026-07-23T15:26:13.792333+00:00,2026,the-odds-api,odds_2026-07-23.csv|odds_historical.csv,repository_raw,odds_2026_07_23|odds_historical,5.5,-112.0,159.17,-111.17
2026-07-23,Seattle Storm,Indiana Fever,2026-07-29T01:30:00Z,2026-07-29T01:30:00Z,c2e520af9bd7e828a76959862d941068,-310.6,240.6,7,2026-07-23T15:26:13.792257+00:00,2026,the-odds-api,odds_2026-07-23.csv|odds_historical.csv,repository_raw,odds_2026_07_23|odds_historical,6.64,-107.29,181.64,-110.43
2026-07-23,Washington Mystics,Connecticut Sun,2026-07-28T23:30:00Z,2026-07-28T23:30:00Z,e4dc370d08264200533bf3816f82c622,170.2,-210.2,7,2026-07-23T15:26:13.792194+00:00,2026,the-odds-api,odds_2026-07-23.csv|odds_historical.csv,repository_raw,odds_2026_07_23|odds_historical,-5.64,-111.29,157.5,-109.83
2026-07-24,Dallas Wings,Atlanta Dream,2026-07-30T00:00:00Z,2026-07-30T00:00:00Z,c01616be622aa0fcab0ac0351d05e264,52.25,-124.75,7,2026-07-24T15:06:50.969336+00:00,2026,the-odds-api,odds_2026-07-24.csv|odds_historical.csv,repository_raw,odds_2026_07_24|odds_historical,-1.5,-110.0,178.93,-109.43
2026-07-24,Las Vegas Aces,Portland Fire,2026-07-29T02:00:00Z,2026-07-29T02:00:00Z,606c87e74c7cc6048113e44a4f33506f,536.6,-803.0,7,2026-07-24T15:06:50.969306+00:00,2026,the-odds-api,odds_2026-07-24.csv|odds_historical.csv,repository_raw,odds_2026_07_24|odds_historical,-11.79,-110.86,176.93,-112.43
2026-07-24,Los Angeles Sparks,New York Liberty,2026-07-29T02:00:00Z,2026-07-29T02:00:00Z,fa632e2d144f67960024500509077a4a,-183.8,150.0,7,2026-07-24T15:06:50.969322+00:00,2026,the-odds-api,odds_2026-07-24.csv|odds_historical.csv,repository_raw,odds_2026_07_24|odds_historical,4.5,-113.57,183.5,-109.43
2026-07-24,Minnesota Lynx,Toronto Tempo,2026-07-29T00:00:00Z,2026-07-29T00:00:00Z,786c1161bd8d7bbab01efa2e850df8bb,734.0,-1271.0,7,2026-07-24T15:06:50.969274+00:00,2026,the-odds-api,odds_2026-07-24.csv|odds_historical.csv,repository_raw,odds_2026_07_24|odds_historical,-14.64,-111.43,183.79,-111.71
2026-07-24,Phoenix Mercury,Golden State Valkyries,2026-07-30T02:00:00Z,2026-07-30T02:00:00Z,44c05d0bdf345dc1b2a2eef1bff78ce3,-213.2,172.6,7,2026-07-24T15:06:50.969351+00:00,2026,the-odds-api,odds_2026-07-24.csv|odds_historical.csv,repository_raw,odds_2026_07_24|odds_historical,5.36,-111.14,156.5,-110.0
2026-07-24,Seattle Storm,Indiana Fever,2026-07-29T01:30:00Z,2026-07-29T01:30:00Z,c2e520af9bd7e828a76959862d941068,-327.6,251.6,7,2026-07-24T15:06:50.969290+00:00,2026,the-odds-api,odds_2026-07-24.csv|odds_historical.csv,repository_raw,odds_2026_07_24|odds_historical,6.64,-107.14,183.64,-111.29
2026-07-24,Washington Mystics,Connecticut Sun,2026-07-28T23:30:00Z,2026-07-28T23:30:00Z,e4dc370d08264200533bf3816f82c622,177.0,-220.4,7,2026-07-24T15:06:50.969244+00:00,2026,the-odds-api,odds_2026-07-24.csv|odds_historical.csv,repository_raw,odds_2026_07_24|odds_historical,-5.64,-112.71,156.79,-108.71
2026-07-25,Dallas Wings,Atlanta Dream,2026-07-30T00:00:00Z,2026-07-30T00:00:00Z,c01616be622aa0fcab0ac0351d05e264,51.25,-123.5,8,2026-07-25T14:43:18.206899+00:00,2026,the-odds-api,odds_2026-07-25.csv|odds_historical.csv,repository_raw,odds_2026_07_25|odds_historical,-1.5,-109.5,179.0,-109.5
2026-07-25,Las Vegas Aces,Portland Fire,2026-07-29T02:00:00Z,2026-07-29T02:00:00Z,606c87e74c7cc6048113e44a4f33506f,529.0,-787.0,8,2026-07-25T14:43:18.206861+00:00,2026,the-odds-api,odds_2026-07-25.csv|odds_historical.csv,repository_raw,odds_2026_07_25|odds_historical,-11.75,-110.75,177.25,-110.38
2026-07-25,Los Angeles Sparks,New York Liberty,2026-07-29T02:00:00Z,2026-07-29T02:00:00Z,fa632e2d144f67960024500509077a4a,-178.6,146.2,8,2026-07-25T14:43:18.206881+00:00,2026,the-odds-api,odds_2026-07-25.csv|odds_historical.csv,repository_raw,odds_2026_07_25|odds_historical,4.5,-112.5,183.5,-108.88
2026-07-25,Minnesota Lynx,Toronto Tempo,2026-07-29T00:00:00Z,2026-07-29T00:00:00Z,786c1161bd8d7bbab01efa2e850df8bb,754.0,-1331.0,8,2026-07-25T14:43:18.206817+00:00,2026,the-odds-api,odds_2026-07-25.csv|odds_historical.csv,repository_raw,odds_2026_07_25|odds_historical,-14.62,-111.25,184.12,-111.25
2026-07-25,Phoenix Mercury,Golden State Valkyries,2026-07-30T02:00:00Z,2026-07-30T02:00:00Z,44c05d0bdf345dc1b2a2eef1bff78ce3,-212.8,172.2,8,2026-07-25T14:43:18.206919+00:00,2026,the-odds-api,odds_2026-07-25.csv|odds_historical.csv,repository_raw,odds_2026_07_25|odds_historical,5.38,-111.0,156.25,-108.12
2026-07-25,Seattle Storm,Indiana Fever,2026-07-29T01:30:00Z,2026-07-29T01:30:00Z,c2e520af9bd7e828a76959862d941068,-320.4,246.6,8,2026-07-25T14:43:18.206841+00:00,2026,the-odds-api,odds_2026-07-25.csv|odds_historical.csv,repository_raw,odds_2026_07_25|odds_historical,6.62,-108.38,183.69,-111.75
2026-07-25,Washington Mystics,Connecticut Sun,2026-07-28T23:30:00Z,2026-07-28T23:30:00Z,e4dc370d08264200533bf3816f82c622,186.25,-232.5,8,2026-07-25T14:43:18.206779+00:00,2026,the-odds-api,odds_2026-07-25.csv|odds_historical.csv,repository_raw,odds_2026_07_25|odds_historical,-5.38,-113.5,156.5,-108.38
2026-07-26,Dallas Wings,Atlanta Dream,2026-07-30T00:00:00Z,2026-07-30T00:00:00Z,c01616be622aa0fcab0ac0351d05e264,64.4,-126.2,9,2026-07-26T14:45:44.845244+00:00,2026,the-odds-api,odds_2026-07-26.csv|odds_historical.csv,repository_raw,odds_2026_07_26|odds_historical,-1.61,-109.78,179.28,-110.0
2026-07-26,Las Vegas Aces,Portland Fire,2026-07-29T02:00:00Z,2026-07-29T02:00:00Z,606c87e74c7cc6048113e44a4f33506f,535.83,-797.5,10,2026-07-26T14:45:44.845202+00:00,2026,the-odds-api,odds_2026-07-26.csv|odds_historical.csv,repository_raw,odds_2026_07_26|odds_historical,-11.8,-110.6,177.2,-110.3
2026-07-26,Los Angeles Sparks,New York Liberty,2026-07-29T02:00:00Z,2026-07-29T02:00:00Z,fa632e2d144f67960024500509077a4a,-178.33,146.33,10,2026-07-26T14:45:44.845221+00:00,2026,the-odds-api,odds_2026-07-26.csv|odds_historical.csv,repository_raw,odds_2026_07_26|odds_historical,4.5,-112.0,183.5,-108.6
2026-07-26,Minnesota Lynx,Toronto Tempo,2026-07-29T00:00:00Z,2026-07-29T00:00:00Z,786c1161bd8d7bbab01efa2e850df8bb,811.67,-1442.5,10,2026-07-26T14:45:44.845163+00:00,2026,the-odds-api,odds_2026-07-26.csv|odds_historical.csv,repository_raw,odds_2026_07_26|odds_historical,-14.7,-110.6,183.95,-111.7
2026-07-26,Phoenix Mercury,Golden State Valkyries,2026-07-30T02:00:00Z,2026-07-30T02:00:00Z,44c05d0bdf345dc1b2a2eef1bff78ce3,-211.8,171.4,9,2026-07-26T14:45:44.845260+00:00,2026,the-odds-api,odds_2026-07-26.csv|odds_historical.csv,repository_raw,odds_2026_07_26|odds_historical,5.39,-110.89,156.11,-108.33
2026-07-26,Seattle Storm,Indiana Fever,2026-07-29T01:30:00Z,2026-07-29T01:30:00Z,c2e520af9bd7e828a76959862d941068,-320.33,247.17,10,2026-07-26T14:45:44.845183+00:00,2026,the-odds-api,odds_2026-07-26.csv|odds_historical.csv,repository_raw,odds_2026_07_26|odds_historical,6.6,-105.7,183.7,-111.7
2026-07-26,Washington Mystics,Connecticut Sun,2026-07-28T23:30:00Z,2026-07-28T23:30:00Z,e4dc370d08264200533bf3816f82c622,178.83,-221.67,10,2026-07-26T14:45:44.845131+00:00,2026,the-odds-api,odds_2026-07-26.csv|odds_historical.csv,repository_raw,odds_2026_07_26|odds_historical,-5.25,-113.0,156.5,-108.2
2026-07-27,Dallas Wings,Atlanta Dream,2026-07-30T00:00:00Z,2026-07-30T00:00:00Z,c01616be622aa0fcab0ac0351d05e264,81.1,-122.0,10,2026-07-27T16:53:49.590617+00:00,2026,the-odds-api,odds_2026-07-27.csv|odds_historical.csv|odds_today.csv,repository_raw,odds_2026_07_27|odds_historical|odds_today,-1.5,-110.5,179.5,-109.8
2026-07-27,Las Vegas Aces,Portland Fire,2026-07-29T02:00:00Z,2026-07-29T02:00:00Z,606c87e74c7cc6048113e44a4f33506f,466.0,-660.55,11,2026-07-27T16:53:49.590577+00:00,2026,the-odds-api,odds_2026-07-27.csv|odds_historical.csv|odds_today.csv,repository_raw,odds_2026_07_27|odds_historical|odds_today,-11.55,-107.64,178.0,-111.09
2026-07-27,Los Angeles Sparks,New York Liberty,2026-07-29T02:00:00Z,2026-07-29T02:00:00Z,fa632e2d144f67960024500509077a4a,-175.73,146.91,11,2026-07-27T16:53:49.590598+00:00,2026,the-odds-api,odds_2026-07-27.csv|odds_historical.csv|odds_today.csv,repository_raw,odds_2026_07_27|odds_historical|odds_today,4.18,-108.55,183.5,-109.18
2026-07-27,Minnesota Lynx,Toronto Tempo,2026-07-29T00:00:00Z,2026-07-29T00:00:00Z,786c1161bd8d7bbab01efa2e850df8bb,741.18,-1259.0,11,2026-07-27T16:53:49.590533+00:00,2026,the-odds-api,odds_2026-07-27.csv|odds_historical.csv|odds_today.csv,repository_raw,odds_2026_07_27|odds_historical|odds_today,-14.68,-109.64,184.18,-110.64
2026-07-27,Phoenix Mercury,Golden State Valkyries,2026-07-30T02:00:00Z,2026-07-30T02:00:00Z,44c05d0bdf345dc1b2a2eef1bff78ce3,-213.7,175.4,10,2026-07-27T16:53:49.590636+00:00,2026,the-odds-api,odds_2026-07-27.csv|odds_historical.csv|odds_today.csv,repository_raw,odds_2026_07_27|odds_historical|odds_today,5.5,-109.0,156.0,-107.9
2026-07-27,Seattle Storm,Indiana Fever,2026-07-29T01:30:00Z,2026-07-29T01:30:00Z,c2e520af9bd7e828a76959862d941068,-350.18,274.36,11,2026-07-27T16:53:49.590555+00:00,2026,the-odds-api,odds_2026-07-27.csv|odds_historical.csv|odds_today.csv,repository_raw,odds_2026_07_27|odds_historical|odds_today,8.32,-109.45,184.18,-111.64
2026-07-27,Washington Mystics,Connecticut Sun,2026-07-28T23:30:00Z,2026-07-28T23:30:00Z,e4dc370d08264200533bf3816f82c622,171.45,-207.36,11,2026-07-27T16:53:49.590496+00:00,2026,the-odds-api,odds_2026-07-27.csv|odds_historical.csv|odds_today.csv,repository_raw,odds_2026_07_27|odds_historical|odds_today,-5.36,-109.36,156.59,-109.18
