season,team,2p,2p_pct,2pa,3p,3p_pct,3pa,ast,blk,drb,fg,fg_pct,fga,ft,ft_pct,fta,g,mp,orb,pf,pts,rk,source_file,source_system,source_type,stl,tov,trb
2022,Atlanta Dream,21.2,0.452,47.0,7.5,0.351,21.4,17.6,3.1,26.8,28.8,0.42,68.4,13.5,0.777,17.3,36,201.4,8.6,19.5,78.5,11.0,team_stats_2022.csv,repository_raw,team_stats,7.8,15.2,35.4
2022,Chicago Sky*,25.4,0.542,46.9,7.2,0.345,20.9,24.3,4.3,27.6,32.7,0.481,67.9,13.7,0.823,16.6,36,202.1,7.2,16.2,86.3,2.0,team_stats_2022.csv,repository_raw,team_stats,7.3,13.8,34.8
2022,Connecticut Sun*,25.5,0.5,50.9,6.4,0.354,18.0,21.1,2.7,26.9,31.9,0.462,69.0,15.7,0.789,19.9,36,201.4,10.2,17.1,85.8,3.0,team_stats_2022.csv,repository_raw,team_stats,8.9,14.4,37.1
2022,Dallas Wings*,21.9,0.48,45.6,7.8,0.343,22.6,18.8,3.7,24.3,29.7,0.435,68.2,15.9,0.764,20.8,36,200.7,9.6,18.8,82.9,4.0,team_stats_2022.csv,repository_raw,team_stats,7.1,12.7,33.8
2022,Indiana Fever,21.6,0.437,49.3,6.8,0.338,20.1,18.0,3.6,23.5,28.4,0.409,69.4,14.4,0.746,19.4,36,201.4,9.8,20.0,78.0,12.0,team_stats_2022.csv,repository_raw,team_stats,7.2,15.1,33.3
2022,Las Vegas Aces*,22.8,0.52,43.8,9.5,0.361,26.4,20.8,3.9,28.4,32.3,0.46,70.3,16.3,0.823,19.8,36,200.7,6.9,15.8,90.4,1.0,team_stats_2022.csv,repository_raw,team_stats,7.7,11.1,35.4
2022,League Average,22.3,0.489,45.6,7.7,0.346,22.4,20.2,3.7,26.1,30.1,0.442,68.0,14.4,0.794,18.2,36,201.4,8.2,17.7,82.3,,team_stats_2022.csv,repository_raw,team_stats,7.5,13.7,34.3
2022,Los Angeles Sparks,24.4,0.489,50.0,5.4,0.32,16.9,18.9,3.9,23.4,29.8,0.446,66.9,14.4,0.786,18.3,36,200.7,6.9,18.3,79.4,10.0,team_stats_2022.csv,repository_raw,team_stats,8.6,13.8,30.4
2022,Minnesota Lynx,23.4,0.493,47.4,6.8,0.348,19.6,20.6,2.8,28.0,30.2,0.45,67.1,15.2,0.784,19.4,36,201.4,8.9,16.9,82.4,6.0,team_stats_2022.csv,repository_raw,team_stats,6.1,14.6,36.9
2022,New York Liberty*,19.1,0.488,39.1,9.7,0.351,27.6,20.7,4.1,27.3,28.8,0.431,66.8,12.4,0.823,15.0,36,202.1,7.0,18.2,79.6,9.0,team_stats_2022.csv,repository_raw,team_stats,6.1,14.6,34.3
2022,Phoenix Mercury*,19.8,0.497,39.8,8.8,0.329,26.7,19.2,4.5,24.3,28.6,0.429,66.5,15.2,0.817,18.6,36,202.1,6.8,19.8,81.1,7.0,team_stats_2022.csv,repository_raw,team_stats,7.4,13.3,31.2
2022,Seattle Storm*,21.2,0.49,43.2,9.3,0.361,25.6,22.6,4.2,25.8,30.4,0.442,68.8,12.4,0.825,15.1,36,200.7,7.8,15.6,82.5,5.0,team_stats_2022.csv,repository_raw,team_stats,8.3,12.8,33.6
2022,Washington Mystics*,21.7,0.491,44.2,7.6,0.338,22.5,20.3,3.7,26.9,29.3,0.439,66.8,14.0,0.784,17.9,36,202.1,8.0,15.9,80.2,8.0,team_stats_2022.csv,repository_raw,team_stats,7.6,12.8,34.9
2023,Atlanta Dream*,23.0,0.464,49.5,6.4,0.336,19.2,18.6,4.6,28.1,29.4,0.428,68.7,17.3,0.788,22.0,40,201.3,8.0,19.3,82.5,5.0,team_stats_2023.csv,repository_raw,team_stats,6.3,13.6,36.1
2023,Chicago Sky*,22.5,0.474,47.4,8.3,0.372,22.2,20.5,4.5,24.8,30.7,0.442,69.6,12.0,0.752,16.0,40,201.3,8.6,17.3,81.7,6.0,team_stats_2023.csv,repository_raw,team_stats,6.7,13.5,33.3
2023,Connecticut Sun*,23.0,0.481,47.8,7.2,0.36,20.0,20.7,3.8,25.6,30.2,0.445,67.8,15.2,0.766,19.9,40,201.9,8.1,18.4,82.7,4.0,team_stats_2023.csv,repository_raw,team_stats,8.1,12.4,33.6
2023,Dallas Wings*,25.6,0.494,51.8,6.8,0.317,21.3,20.3,4.3,26.9,32.4,0.443,73.2,16.4,0.806,20.3,40,200.6,11.8,18.9,87.9,3.0,team_stats_2023.csv,repository_raw,team_stats,7.6,13.1,38.7
2023,Indiana Fever,23.5,0.484,48.5,6.7,0.34,19.8,18.0,3.0,25.1,30.2,0.442,68.3,13.9,0.783,17.8,40,201.9,8.9,19.7,81.0,7.0,team_stats_2023.csv,repository_raw,team_stats,6.5,14.1,34.0
2023,Las Vegas Aces*,24.3,0.549,44.3,9.3,0.372,24.9,21.7,4.8,28.7,33.6,0.486,69.2,16.4,0.84,19.5,40,200.0,6.2,16.0,92.8,1.0,team_stats_2023.csv,repository_raw,team_stats,8.0,11.1,34.8
2023,League Average,22.5,0.486,46.2,7.7,0.347,22.1,19.8,3.9,26.3,30.1,0.441,68.3,14.8,0.8,18.5,40,201.0,8.0,17.9,82.7,,team_stats_2023.csv,repository_raw,team_stats,7.1,13.2,34.3
2023,Los Angeles Sparks,21.9,0.463,47.3,6.5,0.333,19.5,19.0,2.9,24.8,28.4,0.425,66.8,15.6,0.819,19.1,40,200.6,6.7,16.9,78.9,10.0,team_stats_2023.csv,repository_raw,team_stats,8.5,12.5,31.5
2023,Minnesota Lynx*,22.6,0.484,46.7,6.8,0.325,20.8,19.4,2.6,26.3,29.4,0.435,67.5,14.7,0.801,18.4,40,201.3,8.0,16.9,80.2,9.0,team_stats_2023.csv,repository_raw,team_stats,6.4,13.4,34.3
2023,New York Liberty*,21.1,0.523,40.3,11.1,0.374,29.7,24.1,4.5,29.2,32.2,0.46,69.9,13.8,0.829,16.7,40,201.9,8.7,16.0,89.2,2.0,team_stats_2023.csv,repository_raw,team_stats,6.7,13.5,37.9
2023,Phoenix Mercury,21.6,0.5,43.3,6.8,0.328,20.7,19.1,4.2,24.3,28.4,0.444,63.9,13.0,0.803,16.2,40,200.6,6.6,18.8,76.6,12.0,team_stats_2023.csv,repository_raw,team_stats,5.7,14.8,30.9
2023,Seattle Storm,19.4,0.442,43.8,8.5,0.352,24.2,17.7,4.5,26.7,27.9,0.41,67.9,14.6,0.786,18.6,40,200.6,8.2,17.9,78.8,11.0,team_stats_2023.csv,repository_raw,team_stats,7.0,14.5,34.9
2023,Washington Mystics*,21.2,0.476,44.4,7.8,0.336,23.1,19.2,3.2,25.7,28.9,0.428,67.5,15.0,0.823,18.2,40,200.6,6.6,18.6,80.5,8.0,team_stats_2023.csv,repository_raw,team_stats,7.7,12.2,32.3
2024,Atlanta Dream*,21.8,0.448,48.7,6.0,0.308,19.4,18.4,3.7,26.9,27.8,0.408,68.1,15.4,0.771,20.0,40,201.9,9.2,16.9,77.0,12.0,team_stats_2024.csv,repository_raw,team_stats,7.2,12.5,36.1
2024,Chicago Sky,24.9,0.449,55.4,4.8,0.323,14.9,19.0,3.8,25.8,29.7,0.422,70.3,13.2,0.742,17.8,40,200.0,10.9,19.0,77.4,11.0,team_stats_2024.csv,repository_raw,team_stats,7.0,13.1,36.6
2024,Connecticut Sun*,23.4,0.487,48.0,5.9,0.327,18.0,19.9,3.7,25.1,29.3,0.444,65.9,15.7,0.753,20.9,40,201.2,8.4,16.1,80.1,8.0,team_stats_2024.csv,repository_raw,team_stats,8.2,12.1,33.5
2024,Dallas Wings,25.4,0.49,51.9,6.3,0.326,19.2,20.4,4.0,24.3,31.7,0.446,71.0,14.7,0.786,18.7,40,201.9,10.5,18.5,84.2,4.0,team_stats_2024.csv,repository_raw,team_stats,7.1,14.8,34.8
2024,Indiana Fever*,22.1,0.517,42.7,9.2,0.356,25.9,20.4,4.3,26.8,31.3,0.456,68.5,13.3,0.775,17.1,40,200.6,8.3,18.2,85.0,3.0,team_stats_2024.csv,repository_raw,team_stats,5.9,14.2,35.1
2024,Las Vegas Aces*,21.5,0.516,41.7,9.4,0.355,26.5,20.5,5.0,28.5,30.9,0.454,68.1,15.2,0.828,18.3,40,200.6,5.6,16.5,86.4,1.0,team_stats_2024.csv,repository_raw,team_stats,7.1,10.8,34.1
2024,League Average,22.2,0.488,45.4,7.7,0.338,22.8,20.5,4.1,26.2,29.9,0.438,68.3,14.2,0.785,18.0,40,201.0,8.2,17.2,81.7,,team_stats_2024.csv,repository_raw,team_stats,7.4,13.3,34.4
2024,Los Angeles Sparks,20.9,0.476,43.8,7.2,0.32,22.6,19.7,3.2,25.3,28.1,0.423,66.4,15.0,0.765,19.6,40,200.6,7.4,17.9,78.4,10.0,team_stats_2024.csv,repository_raw,team_stats,7.3,15.0,32.7
2024,Minnesota Lynx*,20.6,0.488,42.3,9.5,0.38,25.0,23.0,4.2,26.8,30.1,0.448,67.3,12.2,0.79,15.5,40,201.9,7.4,16.4,82.0,6.0,team_stats_2024.csv,repository_raw,team_stats,8.6,13.4,34.3
2024,New York Liberty*,20.6,0.52,39.7,10.1,0.349,29.0,22.8,4.5,28.1,30.8,0.448,68.7,14.0,0.814,17.2,40,200.0,8.5,15.4,85.6,2.0,team_stats_2024.csv,repository_raw,team_stats,7.9,12.7,36.6
2024,Phoenix Mercury*,20.6,0.512,40.2,8.5,0.326,26.2,19.9,4.7,25.6,29.1,0.439,66.3,14.7,0.799,18.4,40,201.2,6.7,16.9,81.5,7.0,team_stats_2024.csv,repository_raw,team_stats,6.6,13.3,32.3
2024,Seattle Storm*,25.0,0.497,50.3,6.1,0.288,21.0,20.7,5.2,26.0,31.1,0.435,71.3,15.1,0.84,18.0,40,201.2,8.7,16.5,83.2,5.0,team_stats_2024.csv,repository_raw,team_stats,9.3,12.4,34.7
2024,Washington Mystics,19.3,0.477,40.4,9.7,0.366,26.6,21.6,3.4,24.8,29.0,0.433,67.0,11.5,0.767,15.0,40,201.2,7.1,18.4,79.3,9.0,team_stats_2024.csv,repository_raw,team_stats,7.3,15.1,31.9
2025,Atlanta Dream*,20.5,0.52,39.5,9.6,0.337,28.4,21.4,4.5,27.7,30.1,0.443,67.8,14.7,0.786,18.7,44,200.6,8.9,15.8,84.4,4.0,team_stats_2025.csv,repository_raw,team_stats,6.8,11.2,36.6
2025,Chicago Sky,21.4,0.467,45.8,6.7,0.33,20.2,19.3,4.2,25.7,28.0,0.425,66.0,13.0,0.763,17.1,44,200.0,9.8,17.8,75.8,12.0,team_stats_2025.csv,repository_raw,team_stats,6.0,15.5,35.5
2025,Connecticut Sun,21.5,0.459,46.7,6.2,0.302,20.4,17.4,3.7,23.3,27.6,0.412,67.1,14.5,0.793,18.2,44,200.6,8.5,19.6,75.8,13.0,team_stats_2025.csv,repository_raw,team_stats,7.8,13.1,31.9
2025,Dallas Wings,23.6,0.474,49.8,6.6,0.304,21.6,20.2,4.0,25.3,30.2,0.423,71.4,14.8,0.802,18.4,44,200.6,10.0,18.9,81.7,9.0,team_stats_2025.csv,repository_raw,team_stats,7.3,12.8,35.4
2025,Golden State Valkyries*,16.8,0.476,35.3,9.7,0.325,29.9,18.5,2.9,26.6,26.5,0.407,65.2,15.0,0.815,18.4,44,200.6,8.7,17.5,77.7,10.0,team_stats_2025.csv,repository_raw,team_stats,6.8,12.9,35.3
2025,Indiana Fever*,23.1,0.515,44.8,8.3,0.346,24.0,20.6,2.8,24.6,31.4,0.456,68.8,13.8,0.77,18.0,44,200.6,8.8,18.6,84.9,3.0,team_stats_2025.csv,repository_raw,team_stats,7.7,12.8,33.4
2025,Las Vegas Aces*,20.6,0.493,41.8,9.1,0.351,25.9,19.6,4.9,25.4,29.7,0.439,67.6,15.2,0.824,18.5,44,200.0,8.1,16.6,83.6,6.0,team_stats_2025.csv,repository_raw,team_stats,7.5,11.9,33.5
2025,League Average,21.4,0.496,43.1,8.2,0.338,24.2,20.3,3.9,25.5,29.6,0.439,67.4,14.3,0.787,18.2,44,200.5,8.4,17.5,81.7,,team_stats_2025.csv,repository_raw,team_stats,7.4,12.9,33.9
2025,Los Angeles Sparks,22.0,0.531,41.5,8.6,0.337,25.6,20.7,3.1,25.3,30.7,0.457,67.1,15.7,0.769,20.4,44,201.7,8.0,16.9,85.7,2.0,team_stats_2025.csv,repository_raw,team_stats,7.3,14.1,33.3
2025,Minnesota Lynx*,22.5,0.527,42.8,9.6,0.378,25.4,23.3,4.8,25.6,32.1,0.472,68.1,12.2,0.76,16.1,44,200.6,8.5,16.0,86.1,1.0,team_stats_2025.csv,repository_raw,team_stats,8.2,12.1,34.2
2025,New York Liberty*,20.1,0.522,38.5,9.5,0.355,26.8,21.8,4.4,26.9,29.6,0.453,65.3,15.6,0.837,18.7,44,200.0,6.8,16.2,84.4,5.0,team_stats_2025.csv,repository_raw,team_stats,7.6,12.9,33.7
2025,Phoenix Mercury*,20.3,0.496,40.9,9.4,0.34,27.7,20.9,3.7,26.0,29.7,0.433,68.6,13.9,0.784,17.8,44,200.0,8.7,17.8,82.8,7.0,team_stats_2025.csv,repository_raw,team_stats,7.8,12.5,34.7
2025,Seattle Storm*,23.6,0.501,47.1,7.5,0.342,22.1,21.3,5.1,24.0,31.1,0.45,69.2,12.3,0.771,16.0,44,201.1,6.9,17.1,82.1,8.0,team_stats_2025.csv,repository_raw,team_stats,8.5,11.6,30.9
2025,Washington Mystics,22.3,0.48,46.5,5.6,0.329,17.1,19.2,3.2,25.3,28.0,0.439,63.7,15.6,0.754,20.7,44,200.6,7.7,18.2,77.1,11.0,team_stats_2025.csv,repository_raw,team_stats,6.5,14.2,33.0
2026,Atlanta Dream,22.1,0.5,44.1,8.6,0.321,26.6,19.7,2.9,23.6,30.6,0.433,70.7,18.0,0.748,24.0,20,200.0,11.0,19.3,87.7,8.0,team_stats_2026.csv,repository_raw,team_stats,9.5,12.6,34.6
2026,Chicago Sky,23.0,0.495,46.4,7.0,0.309,22.7,20.8,5.4,24.9,30.0,0.434,69.0,19.7,0.759,26.0,20,202.5,8.5,22.2,86.6,9.0,team_stats_2026.csv,repository_raw,team_stats,6.7,12.9,33.4
2026,Connecticut Sun,24.6,0.487,50.6,5.0,0.272,18.4,18.7,4.5,23.7,29.6,0.43,68.9,15.3,0.682,22.4,20,201.3,10.0,23.3,79.5,15.0,team_stats_2026.csv,repository_raw,team_stats,8.3,13.4,33.7
2026,Dallas Wings,25.1,0.525,47.7,8.2,0.333,24.5,22.1,3.3,25.2,33.2,0.46,72.2,13.8,0.779,17.7,20,201.3,8.4,18.6,88.3,6.0,team_stats_2026.csv,repository_raw,team_stats,7.4,10.9,33.6
2026,Golden State Valkyries,17.4,0.461,37.8,10.8,0.35,30.9,18.3,4.3,24.4,28.2,0.411,68.7,15.6,0.762,20.4,20,200.0,9.2,19.7,82.8,12.0,team_stats_2026.csv,repository_raw,team_stats,6.7,10.6,33.5
2026,Indiana Fever,22.5,0.543,41.4,9.8,0.362,27.1,21.2,4.1,26.2,32.3,0.472,68.4,19.6,0.823,23.8,19,202.6,8.1,24.2,93.9,1.0,team_stats_2026.csv,repository_raw,team_stats,6.1,15.2,34.2
2026,Las Vegas Aces,25.3,0.555,45.5,8.3,0.359,23.0,22.7,5.4,27.2,33.5,0.489,68.5,15.8,0.769,20.6,20,201.3,8.1,17.6,91.1,2.0,team_stats_2026.csv,repository_raw,team_stats,7.1,12.4,35.2
2026,League Average,22.1,0.512,43.2,8.5,0.339,25.0,20.3,4.1,24.8,30.6,0.448,68.2,17.0,0.779,21.8,20,201.8,8.6,20.7,86.6,,team_stats_2026.csv,repository_raw,team_stats,7.3,13.3,33.4
2026,Los Angeles Sparks,22.8,0.544,41.9,8.4,0.316,26.6,20.3,3.2,22.3,31.2,0.455,68.4,18.1,0.791,22.8,18,201.4,8.2,21.1,88.8,5.0,team_stats_2026.csv,repository_raw,team_stats,7.3,13.9,30.6
2026,Minnesota Lynx,26.6,0.531,50.0,7.9,0.369,21.3,21.3,4.9,26.9,34.4,0.482,71.3,13.6,0.793,17.2,20,200.0,9.8,19.2,90.3,4.0,team_stats_2026.csv,repository_raw,team_stats,9.0,13.4,36.7
2026,New York Liberty,19.6,0.55,35.6,10.2,0.359,28.4,20.9,4.1,27.3,29.8,0.465,64.0,18.6,0.85,21.9,21,201.2,7.2,19.2,88.3,7.0,team_stats_2026.csv,repository_raw,team_stats,6.1,14.2,34.5
2026,Phoenix Mercury,20.7,0.501,41.4,8.0,0.329,24.5,19.4,3.6,24.3,28.8,0.437,65.9,18.7,0.789,23.7,21,201.2,8.0,18.3,84.2,11.0,team_stats_2026.csv,repository_raw,team_stats,7.7,12.8,32.2
2026,Portland Fire,20.5,0.502,40.8,9.6,0.347,27.7,20.2,4.4,21.2,30.1,0.439,68.4,15.0,0.806,18.6,20,205.0,7.9,23.2,84.7,10.0,team_stats_2026.csv,repository_raw,team_stats,7.4,14.7,29.0
2026,Seattle Storm,19.3,0.478,40.3,8.9,0.348,25.6,19.0,4.6,25.0,28.2,0.428,65.9,15.1,0.799,19.0,21,201.2,7.0,20.0,80.4,14.0,team_stats_2026.csv,repository_raw,team_stats,7.0,14.0,31.9
2026,Toronto Tempo,20.3,0.501,40.6,10.4,0.366,28.3,20.3,3.5,23.6,30.7,0.445,68.9,19.1,0.825,23.1,19,201.3,8.4,22.9,90.8,3.0,team_stats_2026.csv,repository_raw,team_stats,8.0,12.8,32.0
2026,Washington Mystics,22.6,0.506,44.7,5.9,0.306,19.4,19.4,3.5,26.9,28.6,0.446,64.1,19.7,0.729,27.0,19,207.9,9.4,21.8,82.8,13.0,team_stats_2026.csv,repository_raw,team_stats,5.8,16.7,36.3
