team,stat,games_sampled,player_observations,allowed_avg,league_avg,defense_index,last5_allowed_avg,last10_allowed_avg,home_allowed_avg,away_allowed_avg,allowed_percentile,defense_strength_percentile
Atlanta Dream,AST,3,6,3.1667,3.9733,0.797,3.1667,3.1667,3.5,3.0,31.25,68.75
Atlanta Dream,PA,3,3,17.6667,17.3333,1.0192,17.6667,17.6667,17.6667,,70.59,29.41
Atlanta Dream,PR,1,1,9.0,18.1538,0.4958,9.0,9.0,9.0,,5.88,94.12
Atlanta Dream,PRA,3,3,22.6667,21.8028,1.0396,22.6667,22.6667,21.0,26.0,64.71,35.29
Atlanta Dream,PTS,2,3,13.0,13.8718,0.9372,13.0,13.0,13.0,,35.29,64.71
Atlanta Dream,RA,3,4,10.25,9.4211,1.088,10.25,10.25,10.0,10.5,73.33,26.67
Atlanta Dream,REB,5,8,4.625,4.8158,0.9604,4.625,4.625,5.5,3.75,47.06,52.94
Chicago Sky,3PM,2,2,1.5,1.75,0.8571,1.5,1.5,,1.5,56.25,43.75
Chicago Sky,AST,5,6,2.6667,3.9733,0.6711,2.6667,2.6667,3.0,2.3333,18.75,81.25
Chicago Sky,PA,5,6,17.3333,17.3333,1.0,17.3333,17.3333,17.75,16.5,58.82,41.18
Chicago Sky,PR,3,5,15.8,18.1538,0.8703,15.8,15.8,17.25,10.0,41.18,58.82
Chicago Sky,PRA,5,7,23.4286,21.8028,1.0746,23.4286,23.4286,25.75,20.3333,70.59,29.41
Chicago Sky,PTS,6,8,13.75,13.8718,0.9912,15.7143,13.75,14.5,13.0,52.94,47.06
Chicago Sky,RA,5,5,8.8,9.4211,0.9341,8.8,8.8,10.0,7.0,46.67,53.33
Chicago Sky,REB,5,8,7.0,4.8158,1.4536,7.0,7.0,8.1667,3.5,88.24,11.76
Connecticut Sun,3PM,3,5,1.2,1.75,0.6857,1.2,1.2,1.0,1.5,31.25,68.75
Connecticut Sun,AST,2,2,1.5,3.9733,0.3775,1.5,1.5,2.0,1.0,6.25,93.75
Connecticut Sun,PA,3,3,17.3333,17.3333,1.0,17.3333,17.3333,15.0,18.5,58.82,41.18
Connecticut Sun,PR,4,5,22.6,18.1538,1.2449,22.6,22.6,15.0,24.5,94.12,5.88
Connecticut Sun,PRA,3,3,21.3333,21.8028,0.9785,21.3333,21.3333,18.0,23.0,41.18,58.82
Connecticut Sun,PTS,3,3,20.0,13.8718,1.4418,20.0,20.0,12.0,24.0,94.12,5.88
Connecticut Sun,RA,3,3,6.0,9.4211,0.6369,6.0,6.0,,6.0,20.0,80.0
Connecticut Sun,REB,5,11,4.2727,4.8158,0.8872,4.2727,4.2727,4.0,4.375,35.29,64.71
Dallas Wings,3PM,3,4,1.25,1.75,0.7143,1.25,1.25,1.25,,37.5,62.5
Dallas Wings,AST,5,7,3.7143,3.9733,0.9348,3.7143,3.7143,4.0,2.0,37.5,62.5
Dallas Wings,PA,5,7,9.2857,17.3333,0.5357,9.2857,9.2857,9.2857,,17.65,82.35
Dallas Wings,PR,4,6,12.3333,18.1538,0.6794,12.3333,12.3333,12.3333,,29.41,70.59
Dallas Wings,PRA,5,6,9.6667,21.8028,0.4434,9.6667,9.6667,9.6667,,5.88,94.12
Dallas Wings,PTS,4,9,7.1111,13.8718,0.5126,7.1111,7.1111,7.1111,,5.88,94.12
Dallas Wings,RA,4,6,12.5,9.4211,1.3268,12.5,12.5,12.5,,86.67,13.33
Dallas Wings,REB,3,4,6.0,4.8158,1.2459,6.0,6.0,6.0,,82.35,17.65
Golden State Valkyries,3PM,3,5,2.0,1.75,1.1429,2.0,2.0,0.0,2.5,75.0,25.0
Golden State Valkyries,AST,2,2,5.0,3.9733,1.2584,5.0,5.0,6.0,4.0,81.25,18.75
Golden State Valkyries,PA,2,3,17.3333,17.3333,1.0,17.3333,17.3333,12.0,20.0,58.82,41.18
Golden State Valkyries,PR,3,3,28.6667,18.1538,1.5791,28.6667,28.6667,32.0,22.0,100.0,0.0
Golden State Valkyries,PRA,3,5,26.0,21.8028,1.1925,26.0,26.0,27.3333,24.0,88.24,11.76
Golden State Valkyries,PTS,1,2,17.5,13.8718,1.2616,17.5,17.5,,17.5,82.35,17.65
Golden State Valkyries,REB,3,5,4.6,4.8158,0.9552,4.6,4.6,4.6667,4.5,41.18,58.82
Indiana Fever,3PM,3,4,1.5,1.75,0.8571,1.5,1.5,0.0,2.0,56.25,43.75
Indiana Fever,AST,5,5,4.0,3.9733,1.0067,4.0,4.0,4.3333,3.5,56.25,43.75
Indiana Fever,PA,1,1,5.0,17.3333,0.2885,5.0,5.0,5.0,,5.88,94.12
Indiana Fever,PR,3,4,22.0,18.1538,1.2119,22.0,22.0,3.0,28.3333,82.35,17.65
Indiana Fever,PRA,2,2,20.5,21.8028,0.9402,20.5,20.5,7.0,34.0,29.41,70.59
Indiana Fever,PTS,3,3,20.6667,13.8718,1.4898,20.6667,20.6667,14.5,33.0,100.0,0.0
Indiana Fever,RA,4,4,8.0,9.4211,0.8492,8.0,8.0,4.0,9.3333,40.0,60.0
Indiana Fever,REB,4,7,5.1429,4.8158,1.0679,5.1429,5.1429,4.0,5.6,70.59,29.41
Las Vegas Aces,3PM,4,4,1.5,1.75,0.8571,1.5,1.5,3.0,1.0,56.25,43.75
Las Vegas Aces,AST,4,7,3.8571,3.9733,0.9708,3.8571,3.8571,3.0,4.5,43.75,56.25
Las Vegas Aces,PA,2,2,25.5,17.3333,1.4712,25.5,25.5,30.0,21.0,88.24,11.76
Las Vegas Aces,PR,5,6,21.3333,18.1538,1.1751,21.3333,21.3333,25.0,19.5,76.47,23.53
Las Vegas Aces,PRA,2,3,23.6667,21.8028,1.0855,23.6667,23.6667,33.0,19.0,76.47,23.53
Las Vegas Aces,PTS,3,5,19.6,13.8718,1.4129,19.6,19.6,23.0,17.3333,88.24,11.76
Las Vegas Aces,RA,3,4,9.0,9.4211,0.9553,9.0,9.0,15.0,7.0,60.0,40.0
Las Vegas Aces,REB,5,9,2.8889,4.8158,0.5999,2.8889,2.8889,1.6667,3.5,23.53,76.47
Los Angeles Sparks,3PM,2,3,2.0,1.75,1.1429,2.0,2.0,,2.0,75.0,25.0
Los Angeles Sparks,AST,1,1,6.0,3.9733,1.5101,6.0,6.0,6.0,,87.5,12.5
Los Angeles Sparks,PA,4,5,16.2,17.3333,0.9346,16.2,16.2,,16.2,35.29,64.71
Los Angeles Sparks,PR,4,7,17.5714,18.1538,0.9679,17.5714,17.5714,,17.5714,58.82,41.18
Los Angeles Sparks,PRA,5,8,20.75,21.8028,0.9517,20.75,20.75,,20.75,35.29,64.71
Los Angeles Sparks,PTS,4,8,13.125,13.8718,0.9462,13.125,13.125,,13.125,41.18,58.82
Los Angeles Sparks,RA,4,7,9.7143,9.4211,1.0311,9.7143,9.7143,12.0,8.8,66.67,33.33
Los Angeles Sparks,REB,6,9,5.3333,4.8158,1.1075,5.625,5.3333,6.0,5.0,76.47,23.53
Minnesota Lynx,3PM,3,4,2.25,1.75,1.2857,2.25,2.25,2.0,2.3333,87.5,12.5
Minnesota Lynx,AST,2,2,7.5,3.9733,1.8876,7.5,7.5,7.5,,100.0,0.0
Minnesota Lynx,PA,1,1,28.0,17.3333,1.6154,28.0,28.0,28.0,,100.0,0.0
Minnesota Lynx,PR,2,2,18.5,18.1538,1.0191,18.5,18.5,23.0,14.0,64.71,35.29
Minnesota Lynx,PRA,1,1,40.0,21.8028,1.8346,40.0,40.0,40.0,,100.0,0.0
Minnesota Lynx,PTS,3,3,14.0,13.8718,1.0092,14.0,14.0,14.0,,58.82,41.18
Minnesota Lynx,RA,1,1,20.0,9.4211,2.1229,20.0,20.0,20.0,,100.0,0.0
Minnesota Lynx,REB,5,6,2.8333,4.8158,0.5883,2.8333,2.8333,3.2,1.0,17.65,82.35
New York Liberty,3PM,3,4,2.75,1.75,1.5714,2.75,2.75,2.0,3.0,93.75,6.25
New York Liberty,AST,6,9,5.0,3.9733,1.2584,5.2857,5.0,4.0,5.2857,81.25,18.75
New York Liberty,PA,4,4,19.0,17.3333,1.0962,19.0,19.0,5.0,23.6667,82.35,17.65
New York Liberty,PR,3,4,13.0,18.1538,0.7161,13.0,13.0,,13.0,35.29,64.71
New York Liberty,PRA,4,4,22.25,21.8028,1.0205,22.25,22.25,,22.25,52.94,47.06
New York Liberty,PTS,3,3,13.3333,13.8718,0.9612,13.3333,13.3333,4.0,18.0,47.06,52.94
New York Liberty,RA,2,5,7.8,9.4211,0.8279,7.8,7.8,7.0,9.0,33.33,66.67
New York Liberty,REB,4,7,4.8571,4.8158,1.0086,4.8571,4.8571,6.0,4.0,58.82,41.18
Phoenix Mercury,3PM,4,4,0.75,1.75,0.4286,0.75,0.75,1.0,0.5,25.0,75.0
Phoenix Mercury,AST,3,3,6.3333,3.9733,1.594,6.3333,6.3333,6.0,7.0,93.75,6.25
Phoenix Mercury,PA,2,3,17.6667,17.3333,1.0192,17.6667,17.6667,10.0,21.5,70.59,29.41
Phoenix Mercury,PR,6,8,17.125,18.1538,0.9433,14.3333,17.125,12.25,22.0,52.94,47.06
Phoenix Mercury,PRA,4,5,20.4,21.8028,0.9357,20.4,20.4,14.0,24.6667,23.53,76.47
Phoenix Mercury,PTS,4,6,15.0,13.8718,1.0813,15.0,15.0,11.0,19.0,70.59,29.41
Phoenix Mercury,RA,2,2,12.5,9.4211,1.3268,12.5,12.5,,12.5,86.67,13.33
Phoenix Mercury,REB,3,3,2.6667,4.8158,0.5537,2.6667,2.6667,2.5,3.0,11.76,88.24
Portland Fire,3PM,1,1,0.0,1.75,0.0,0.0,0.0,0.0,,12.5,87.5
Portland Fire,AST,6,8,4.875,3.9733,1.2269,4.3333,4.875,3.75,6.0,62.5,37.5
Portland Fire,PA,4,6,17.3333,17.3333,1.0,17.3333,17.3333,20.5,15.75,58.82,41.18
Portland Fire,PR,4,6,22.1667,18.1538,1.221,22.1667,22.1667,21.5,22.5,88.24,11.76
Portland Fire,PRA,3,5,21.8,21.8028,0.9999,21.8,21.8,13.0,24.0,47.06,52.94
Portland Fire,PTS,3,6,15.0,13.8718,1.0813,15.0,15.0,12.0,18.0,70.59,29.41
Portland Fire,RA,3,5,14.2,9.4211,1.5073,14.2,14.2,13.25,18.0,93.33,6.67
Portland Fire,REB,4,5,8.4,4.8158,1.7443,8.4,8.4,9.5,7.6667,94.12,5.88
Seattle Storm,3PM,7,9,2.1111,1.75,1.2063,1.6667,2.1111,0.75,3.2,81.25,18.75
Seattle Storm,AST,5,7,2.4286,3.9733,0.6112,2.4286,2.4286,1.25,4.0,12.5,87.5
Seattle Storm,PA,4,5,28.0,17.3333,1.6154,28.0,28.0,33.0,26.75,100.0,0.0
Seattle Storm,PR,5,9,20.3333,18.1538,1.1201,20.3333,20.3333,20.5,20.2,70.59,29.41
Seattle Storm,PRA,4,8,26.125,21.8028,1.1982,26.125,26.125,22.25,30.0,94.12,5.88
Seattle Storm,PTS,5,9,16.4444,13.8718,1.1855,16.4444,16.4444,19.5,15.5714,76.47,23.53
Seattle Storm,RA,3,3,4.3333,9.4211,0.46,4.3333,4.3333,4.3333,,13.33,86.67
Seattle Storm,REB,8,13,4.8462,4.8158,1.0063,5.5,4.8462,3.8,5.5,52.94,47.06
TEAM COOP,3PM,1,2,0.5,1.75,0.2857,0.5,0.5,0.5,,18.75,81.25
TEAM COOP,AST,1,1,5.0,3.9733,1.2584,5.0,5.0,5.0,,81.25,18.75
TEAM COOP,PA,1,1,11.0,17.3333,0.6346,11.0,11.0,11.0,,23.53,76.47
TEAM COOP,PR,1,1,11.0,18.1538,0.6059,11.0,11.0,11.0,,11.76,88.24
TEAM COOP,PRA,1,1,14.0,21.8028,0.6421,14.0,14.0,14.0,,17.65,82.35
TEAM COOP,PTS,1,1,8.0,13.8718,0.5767,8.0,8.0,8.0,,17.65,82.35
TEAM COOP,RA,1,2,2.5,9.4211,0.2654,2.5,2.5,2.5,,6.67,93.33
TEAM COOP,REB,1,2,2.0,4.8158,0.4153,2.0,2.0,2.0,,5.88,94.12
TEAM SPOON,3PM,1,1,0.0,1.75,0.0,0.0,0.0,,0.0,12.5,87.5
TEAM SPOON,PA,1,1,8.0,17.3333,0.4615,8.0,8.0,,8.0,11.76,88.24
TEAM SPOON,PR,1,1,12.0,18.1538,0.661,12.0,12.0,,12.0,17.65,82.35
TEAM SPOON,PRA,1,1,12.0,21.8028,0.5504,12.0,12.0,,12.0,11.76,88.24
TEAM SPOON,PTS,1,1,8.0,13.8718,0.5767,8.0,8.0,,8.0,17.65,82.35
TEAM SPOON,REB,1,1,13.0,4.8158,2.6995,13.0,13.0,,13.0,100.0,0.0
Toronto Tempo,3PM,4,5,3.0,1.75,1.7143,3.0,3.0,2.3333,4.0,100.0,0.0
Toronto Tempo,AST,4,5,3.0,3.9733,0.755,3.0,3.0,2.75,4.0,25.0,75.0
Toronto Tempo,PA,2,2,16.0,17.3333,0.9231,16.0,16.0,15.0,17.0,29.41,70.59
Toronto Tempo,PR,6,7,16.2857,18.1538,0.8971,18.0,16.2857,13.6,23.0,47.06,52.94
Toronto Tempo,PRA,4,5,24.2,21.8028,1.1099,24.2,24.2,23.0,26.0,82.35,17.65
Toronto Tempo,PTS,3,4,12.5,13.8718,0.9011,12.5,12.5,12.3333,13.0,29.41,70.59
Toronto Tempo,RA,3,3,7.6667,9.4211,0.8138,7.6667,7.6667,10.0,6.5,26.67,73.33
Toronto Tempo,REB,6,9,5.0,4.8158,1.0383,5.375,5.0,5.375,2.0,64.71,35.29
Washington Mystics,3PM,3,3,1.6667,1.75,0.9524,1.6667,1.6667,2.0,1.5,62.5,37.5
Washington Mystics,AST,3,4,4.0,3.9733,1.0067,4.0,4.0,3.6667,5.0,56.25,43.75
Washington Mystics,PA,2,4,18.25,17.3333,1.0529,18.25,18.25,18.25,,76.47,23.53
Washington Mystics,PR,1,3,12.3333,18.1538,0.6794,12.3333,12.3333,12.3333,,29.41,70.59
Washington Mystics,PRA,2,4,22.5,21.8028,1.032,22.5,22.5,22.5,,58.82,41.18
Washington Mystics,PTS,2,4,8.25,13.8718,0.5947,8.25,8.25,11.0,5.5,23.53,76.47
Washington Mystics,RA,2,3,9.0,9.4211,0.9553,9.0,9.0,5.5,16.0,60.0,40.0
Washington Mystics,REB,6,7,3.7143,4.8158,0.7713,3.5,3.7143,3.8,3.5,29.41,70.59
