archive_index,date,player,game,stat,alt_line,side,audit_classification,warehouse_game_id,warehouse_date,cardinality,classification,requested_stat_values,unique_requested_stat_values,safe_to_collapse,record_ids,sources,candidate_games,same_player_date_candidate_count,legacy_outcome,legacy_actual
220,2026-07-16,Shakira Austin,Portland Fire @ Washington Mystics,PA,17.5,UNDER,EXACT_MATCH,,2026-07-16,0,ZERO_MATCH,,0,False,,,,2,LOSS,23.0
260,2026-07-16,Shakira Austin,Portland Fire @ Washington Mystics,PRA,27.5,UNDER,EXACT_MATCH,,2026-07-16,0,ZERO_MATCH,,0,False,,,,2,LOSS,32.0
273,2026-07-16,Shakira Austin,Portland Fire @ Washington Mystics,AST,3.5,UNDER,EXACT_MATCH,,2026-07-16,0,ZERO_MATCH,,0,False,,,,2,LOSS,4.0
278,2026-07-16,Shakira Austin,Portland Fire @ Washington Mystics,PA,18.5,UNDER,EXACT_MATCH,,2026-07-16,0,ZERO_MATCH,,0,False,,,,2,LOSS,23.0
282,2026-07-16,Shakira Austin,Portland Fire @ Washington Mystics,PRA,28.5,UNDER,EXACT_MATCH,,2026-07-16,0,ZERO_MATCH,,0,False,,,,2,LOSS,32.0
296,2026-07-16,Shakira Austin,Portland Fire @ Washington Mystics,PRA,27.5,UNDER,EXACT_MATCH,,2026-07-16,0,ZERO_MATCH,,0,False,,,,2,LOSS,32.0
302,2026-07-16,Georgia Amoore,Portland Fire @ Washington Mystics,PA,10.5,UNDER,EXACT_MATCH,,2026-07-16,0,ZERO_MATCH,,0,False,,,,2,WIN,5.0
308,2026-07-16,Sarah Ashlee Barker,Portland Fire @ Washington Mystics,3PM,1.5,UNDER,EXACT_MATCH,,2026-07-16,0,ZERO_MATCH,,0,False,,,,2,LOSS,2.0
585,2026-07-22,DeWanna Bonner,Phoenix Mercury @ Los Angeles Sparks,REB,5.5,OVER,EXACT_MATCH,,2026-07-22,0,ZERO_MATCH,,0,False,,,,2,WIN,7.0
589,2026-07-22,Sonia Citron,Las Vegas Aces @ Washington Mystics,3PM,1.5,UNDER,EXACT_MATCH,,2026-07-22,0,ZERO_MATCH,,0,False,,,,2,WIN,1.0
596,2026-07-22,Dearica Hamby,Phoenix Mercury @ Los Angeles Sparks,RA,9.5,UNDER,EXACT_MATCH,,2026-07-22,0,ZERO_MATCH,,0,False,,,,2,LOSS,15.0
602,2026-07-22,NaLyssa Smith,Las Vegas Aces @ Washington Mystics,REB,5.5,UNDER,EXACT_MATCH,,2026-07-22,0,ZERO_MATCH,,0,False,,,,2,WIN,3.0
609,2026-07-22,Ariel Atkins,Phoenix Mercury @ Los Angeles Sparks,PRA,17.5,UNDER,EXACT_MATCH,,2026-07-22,0,ZERO_MATCH,,0,False,,,,2,LOSS,22.0
612,2026-07-22,Ariel Atkins,Phoenix Mercury @ Los Angeles Sparks,PRA,16.5,UNDER,EXACT_MATCH,,2026-07-22,0,ZERO_MATCH,,0,False,,,,2,LOSS,22.0
613,2026-07-22,Ariel Atkins,Phoenix Mercury @ Los Angeles Sparks,PR,14.5,UNDER,EXACT_MATCH,,2026-07-22,0,ZERO_MATCH,,0,False,,,,2,LOSS,19.0
615,2026-07-22,Ariel Atkins,Phoenix Mercury @ Los Angeles Sparks,PR,13.5,UNDER,EXACT_MATCH,,2026-07-22,0,ZERO_MATCH,,0,False,,,,2,LOSS,19.0
617,2026-07-22,Ariel Atkins,Phoenix Mercury @ Los Angeles Sparks,PTS,10.5,UNDER,EXACT_MATCH,,2026-07-22,0,ZERO_MATCH,,0,False,,,,2,LOSS,15.0
622,2026-07-22,Natasha Howard,Minnesota Lynx @ Seattle Storm,RA,9.5,OVER,EXACT_MATCH,,2026-07-22,0,ZERO_MATCH,,0,False,,,,2,LOSS,8.0
623,2026-07-22,Kayla McBride,Minnesota Lynx @ Seattle Storm,AST,2.5,UNDER,EXACT_MATCH,,2026-07-22,0,ZERO_MATCH,,0,False,,,,2,WIN,2.0
626,2026-07-22,DeWanna Bonner,Phoenix Mercury @ Los Angeles Sparks,REB,5.5,OVER,EXACT_MATCH,,2026-07-22,0,ZERO_MATCH,,0,False,,,,2,WIN,7.0
627,2026-07-22,Natasha Howard,Minnesota Lynx @ Seattle Storm,REB,6.5,OVER,EXACT_MATCH,,2026-07-22,0,ZERO_MATCH,,0,False,,,,2,LOSS,5.0
629,2026-07-22,Natisha Hiedeman,Minnesota Lynx @ Seattle Storm,3PM,2.5,UNDER,EXACT_MATCH,,2026-07-22,0,ZERO_MATCH,,0,False,,,,2,WIN,1.0
632,2026-07-22,Sonia Citron,Las Vegas Aces @ Washington Mystics,3PM,1.5,UNDER,EXACT_MATCH,,2026-07-22,0,ZERO_MATCH,,0,False,,,,2,WIN,1.0
644,2026-07-22,Dearica Hamby,Phoenix Mercury @ Los Angeles Sparks,RA,9.5,UNDER,EXACT_MATCH,,2026-07-22,0,ZERO_MATCH,,0,False,,,,2,LOSS,15.0
645,2026-07-22,Dearica Hamby,Phoenix Mercury @ Los Angeles Sparks,3PM,0.5,UNDER,EXACT_MATCH,,2026-07-22,0,ZERO_MATCH,,0,False,,,,2,WIN,0.0
646,2026-07-22,Courtney Williams,Minnesota Lynx @ Seattle Storm,3PM,1.5,UNDER,EXACT_MATCH,,2026-07-22,0,ZERO_MATCH,,0,False,,,,2,WIN,0.0
652,2026-07-22,Kayla McBride,Minnesota Lynx @ Seattle Storm,REB,3.5,UNDER,EXACT_MATCH,,2026-07-22,0,ZERO_MATCH,,0,False,,,,2,WIN,3.0
653,2026-07-22,Ariel Atkins,Phoenix Mercury @ Los Angeles Sparks,PRA,16.5,UNDER,EXACT_MATCH,,2026-07-22,0,ZERO_MATCH,,0,False,,,,2,LOSS,22.0
655,2026-07-22,Natisha Hiedeman,Minnesota Lynx @ Seattle Storm,3PM,1.5,UNDER,EXACT_MATCH,,2026-07-22,0,ZERO_MATCH,,0,False,,,,2,WIN,1.0
656,2026-07-22,NaLyssa Smith,Las Vegas Aces @ Washington Mystics,REB,5.5,UNDER,EXACT_MATCH,,2026-07-22,0,ZERO_MATCH,,0,False,,,,2,WIN,3.0
659,2026-07-22,Natisha Hiedeman,Minnesota Lynx @ Seattle Storm,PR,17.5,UNDER,EXACT_MATCH,,2026-07-22,0,ZERO_MATCH,,0,False,,,,2,WIN,14.0
661,2026-07-22,Ariel Atkins,Phoenix Mercury @ Los Angeles Sparks,PR,13.5,UNDER,EXACT_MATCH,,2026-07-22,0,ZERO_MATCH,,0,False,,,,2,LOSS,19.0
662,2026-07-22,Ariel Atkins,Phoenix Mercury @ Los Angeles Sparks,PTS,10.5,UNDER,EXACT_MATCH,,2026-07-22,0,ZERO_MATCH,,0,False,,,,2,LOSS,15.0
665,2026-07-28,Kayla McBride,Toronto Tempo @ Minnesota Lynx,AST,2.5,UNDER,EXACT_MATCH,,2026-07-28,0,ZERO_MATCH,,0,False,,,,2,LOSS,4.0
666,2026-07-28,Sabrina Ionescu,New York Liberty @ Los Angeles Sparks,AST,5.5,UNDER,EXACT_MATCH,,2026-07-28,0,ZERO_MATCH,,0,False,,,,2,LOSS,6.0
668,2026-07-28,Natisha Hiedeman,Indiana Fever @ Seattle Storm,3PM,2.5,UNDER,EXACT_MATCH,,2026-07-28,0,ZERO_MATCH,,0,False,,,,2,LOSS,6.0
671,2026-07-28,Sabrina Ionescu,New York Liberty @ Los Angeles Sparks,RA,9.5,UNDER,EXACT_MATCH,,2026-07-28,0,ZERO_MATCH,,0,False,,,,2,LOSS,13.0
674,2026-07-28,Kayla McBride,Toronto Tempo @ Minnesota Lynx,RA,5.5,UNDER,EXACT_MATCH,,2026-07-28,0,ZERO_MATCH,,0,False,,,,2,WIN,5.0
676,2026-07-28,Sabrina Ionescu,New York Liberty @ Los Angeles Sparks,REB,4.5,UNDER,EXACT_MATCH,,2026-07-28,0,ZERO_MATCH,,0,False,,,,2,LOSS,7.0
679,2026-07-28,Natisha Hiedeman,Indiana Fever @ Seattle Storm,PTS,15.5,UNDER,EXACT_MATCH,,2026-07-28,0,ZERO_MATCH,,0,False,,,,2,LOSS,33.0
682,2026-07-28,Natisha Hiedeman,Indiana Fever @ Seattle Storm,3PM,1.5,UNDER,EXACT_MATCH,,2026-07-28,0,ZERO_MATCH,,0,False,,,,2,LOSS,6.0
684,2026-07-28,Natisha Hiedeman,Indiana Fever @ Seattle Storm,PR,17.5,UNDER,EXACT_MATCH,,2026-07-28,0,ZERO_MATCH,,0,False,,,,2,LOSS,39.0
685,2026-07-28,Natisha Hiedeman,Indiana Fever @ Seattle Storm,REB,2.5,UNDER,EXACT_MATCH,,2026-07-28,0,ZERO_MATCH,,0,False,,,,2,LOSS,6.0
689,2026-07-28,Awa Fam,Indiana Fever @ Seattle Storm,REB,6.5,OVER,EXACT_MATCH,,2026-07-28,0,ZERO_MATCH,,0,False,,,,2,LOSS,5.0
699,2026-07-28,Kayla McBride,Toronto Tempo @ Minnesota Lynx,AST,2.5,UNDER,EXACT_MATCH,,2026-07-28,0,ZERO_MATCH,,0,False,,,,2,LOSS,4.0
700,2026-07-28,Sabrina Ionescu,New York Liberty @ Los Angeles Sparks,AST,5.5,UNDER,EXACT_MATCH,,2026-07-28,0,ZERO_MATCH,,0,False,,,,2,LOSS,6.0
702,2026-07-28,Natisha Hiedeman,Indiana Fever @ Seattle Storm,3PM,2.5,UNDER,EXACT_MATCH,,2026-07-28,0,ZERO_MATCH,,0,False,,,,2,LOSS,6.0
705,2026-07-28,Sabrina Ionescu,New York Liberty @ Los Angeles Sparks,RA,9.5,UNDER,EXACT_MATCH,,2026-07-28,0,ZERO_MATCH,,0,False,,,,2,LOSS,13.0
708,2026-07-28,Sabrina Ionescu,New York Liberty @ Los Angeles Sparks,REB,4.5,UNDER,EXACT_MATCH,,2026-07-28,0,ZERO_MATCH,,0,False,,,,2,LOSS,7.0
712,2026-07-28,Aliyah Boston,Indiana Fever @ Seattle Storm,RA,11.5,UNDER,EXACT_MATCH,,2026-07-28,0,ZERO_MATCH,,0,False,,,,2,WIN,3.0
713,2026-07-28,Natisha Hiedeman,Indiana Fever @ Seattle Storm,PTS,15.5,UNDER,EXACT_MATCH,,2026-07-28,0,ZERO_MATCH,,0,False,,,,2,LOSS,33.0
714,2026-07-28,Olivia Miles,Toronto Tempo @ Minnesota Lynx,3PM,1.5,UNDER,EXACT_MATCH,,2026-07-28,0,ZERO_MATCH,,0,False,,,,2,LOSS,4.0
716,2026-07-28,A'ja Wilson,Portland Fire @ Las Vegas Aces,REB,9.5,UNDER,EXACT_MATCH,,2026-07-28,0,ZERO_MATCH,,0,False,,,,2,LOSS,14.0
718,2026-07-28,Natisha Hiedeman,Indiana Fever @ Seattle Storm,3PM,1.5,UNDER,EXACT_MATCH,,2026-07-28,0,ZERO_MATCH,,0,False,,,,2,LOSS,6.0
719,2026-07-28,Natasha Howard,Toronto Tempo @ Minnesota Lynx,PTS,12.5,UNDER,EXACT_MATCH,,2026-07-28,0,ZERO_MATCH,,0,False,,,,2,LOSS,13.0
722,2026-07-28,Natisha Hiedeman,Indiana Fever @ Seattle Storm,PR,17.5,UNDER,EXACT_MATCH,,2026-07-28,0,ZERO_MATCH,,0,False,,,,2,LOSS,39.0
723,2026-07-28,A'ja Wilson,Portland Fire @ Las Vegas Aces,RA,13.5,UNDER,EXACT_MATCH,,2026-07-28,0,ZERO_MATCH,,0,False,,,,2,LOSS,18.0
724,2026-07-28,Natisha Hiedeman,Indiana Fever @ Seattle Storm,REB,2.5,UNDER,EXACT_MATCH,,2026-07-28,0,ZERO_MATCH,,0,False,,,,2,LOSS,6.0
725,2026-07-28,Aliyah Boston,Indiana Fever @ Seattle Storm,3PM,1.5,UNDER,EXACT_MATCH,,2026-07-28,0,ZERO_MATCH,,0,False,,,,2,WIN,1.0
726,2026-07-28,Kelsey Mitchell,Indiana Fever @ Seattle Storm,AST,2.5,UNDER,EXACT_MATCH,,2026-07-28,0,ZERO_MATCH,,0,False,,,,2,WIN,2.0
727,2026-07-28,Awa Fam,Indiana Fever @ Seattle Storm,REB,6.5,OVER,EXACT_MATCH,,2026-07-28,0,ZERO_MATCH,,0,False,,,,2,LOSS,5.0
728,2026-07-28,Aliyah Boston,Indiana Fever @ Seattle Storm,REB,8.5,UNDER,EXACT_MATCH,,2026-07-28,0,ZERO_MATCH,,0,False,,,,2,WIN,2.0
729,2026-07-28,Natasha Howard,Toronto Tempo @ Minnesota Lynx,PTS,11.5,UNDER,EXACT_MATCH,,2026-07-28,0,ZERO_MATCH,,0,False,,,,2,LOSS,13.0
730,2026-07-28,Breanna Stewart,New York Liberty @ Los Angeles Sparks,REB,8.5,OVER,EXACT_MATCH,,2026-07-28,0,ZERO_MATCH,,0,False,,,,2,LOSS,4.0
731,2026-07-28,A'ja Wilson,Portland Fire @ Las Vegas Aces,RA,12.5,UNDER,EXACT_MATCH,,2026-07-28,0,ZERO_MATCH,,0,False,,,,2,LOSS,18.0
734,2026-07-28,Natasha Howard,Toronto Tempo @ Minnesota Lynx,PA,14.5,UNDER,EXACT_MATCH,,2026-07-28,0,ZERO_MATCH,,0,False,,,,2,LOSS,17.0
735,2026-07-28,Natasha Howard,Toronto Tempo @ Minnesota Lynx,PR,18.5,UNDER,EXACT_MATCH,,2026-07-28,0,ZERO_MATCH,,0,False,,,,2,LOSS,19.0
736,2026-07-28,Breanna Stewart,New York Liberty @ Los Angeles Sparks,RA,12.5,OVER,EXACT_MATCH,,2026-07-28,0,ZERO_MATCH,,0,False,,,,2,LOSS,11.0
737,2026-07-28,Natasha Howard,Toronto Tempo @ Minnesota Lynx,PRA,21.5,UNDER,EXACT_MATCH,,2026-07-28,0,ZERO_MATCH,,0,False,,,,2,LOSS,23.0
739,2026-07-28,Kayla McBride,Toronto Tempo @ Minnesota Lynx,AST,2.5,UNDER,EXACT_MATCH,,2026-07-28,0,ZERO_MATCH,,0,False,,,,2,LOSS,4.0
740,2026-07-28,Sabrina Ionescu,New York Liberty @ Los Angeles Sparks,AST,5.5,UNDER,EXACT_MATCH,,2026-07-28,0,ZERO_MATCH,,0,False,,,,2,LOSS,6.0
744,2026-07-28,Sabrina Ionescu,New York Liberty @ Los Angeles Sparks,RA,9.5,UNDER,EXACT_MATCH,,2026-07-28,0,ZERO_MATCH,,0,False,,,,2,LOSS,13.0
747,2026-07-28,Nneka Ogwumike,New York Liberty @ Los Angeles Sparks,REB,8.5,OVER,EXACT_MATCH,,2026-07-28,0,ZERO_MATCH,,0,False,,,,2,LOSS,4.0
748,2026-07-28,Sabrina Ionescu,New York Liberty @ Los Angeles Sparks,REB,4.5,UNDER,EXACT_MATCH,,2026-07-28,0,ZERO_MATCH,,0,False,,,,2,LOSS,7.0
751,2026-07-28,Aliyah Boston,Indiana Fever @ Seattle Storm,RA,11.5,UNDER,EXACT_MATCH,,2026-07-28,0,ZERO_MATCH,,0,False,,,,2,WIN,3.0
753,2026-07-28,Natisha Hiedeman,Indiana Fever @ Seattle Storm,PTS,15.5,UNDER,EXACT_MATCH,,2026-07-28,0,ZERO_MATCH,,0,False,,,,2,LOSS,33.0
754,2026-07-28,Olivia Miles,Toronto Tempo @ Minnesota Lynx,3PM,1.5,UNDER,EXACT_MATCH,,2026-07-28,0,ZERO_MATCH,,0,False,,,,2,LOSS,4.0
756,2026-07-28,Natisha Hiedeman,Indiana Fever @ Seattle Storm,PR,18.5,UNDER,EXACT_MATCH,,2026-07-28,0,ZERO_MATCH,,0,False,,,,2,LOSS,39.0
757,2026-07-28,A'ja Wilson,Portland Fire @ Las Vegas Aces,REB,9.5,UNDER,EXACT_MATCH,,2026-07-28,0,ZERO_MATCH,,0,False,,,,2,LOSS,14.0
759,2026-07-28,Natasha Howard,Toronto Tempo @ Minnesota Lynx,PTS,12.5,UNDER,EXACT_MATCH,,2026-07-28,0,ZERO_MATCH,,0,False,,,,2,LOSS,13.0
762,2026-07-28,Natisha Hiedeman,Indiana Fever @ Seattle Storm,3PM,1.5,UNDER,EXACT_MATCH,,2026-07-28,0,ZERO_MATCH,,0,False,,,,2,LOSS,6.0
763,2026-07-28,A'ja Wilson,Portland Fire @ Las Vegas Aces,RA,13.5,UNDER,EXACT_MATCH,,2026-07-28,0,ZERO_MATCH,,0,False,,,,2,LOSS,18.0
765,2026-07-28,Natisha Hiedeman,Indiana Fever @ Seattle Storm,REB,2.5,UNDER,EXACT_MATCH,,2026-07-28,0,ZERO_MATCH,,0,False,,,,2,LOSS,6.0
766,2026-07-28,Nneka Ogwumike,New York Liberty @ Los Angeles Sparks,PTS,17.5,UNDER,EXACT_MATCH,,2026-07-28,0,ZERO_MATCH,,0,False,,,,2,LOSS,21.0
767,2026-07-28,Aliyah Boston,Indiana Fever @ Seattle Storm,3PM,1.5,UNDER,EXACT_MATCH,,2026-07-28,0,ZERO_MATCH,,0,False,,,,2,WIN,1.0
768,2026-07-28,Aliyah Boston,Indiana Fever @ Seattle Storm,REB,8.5,UNDER,EXACT_MATCH,,2026-07-28,0,ZERO_MATCH,,0,False,,,,2,WIN,2.0
769,2026-07-28,Kelsey Mitchell,Indiana Fever @ Seattle Storm,AST,2.5,UNDER,EXACT_MATCH,,2026-07-28,0,ZERO_MATCH,,0,False,,,,2,WIN,2.0
770,2026-07-28,Awa Fam,Indiana Fever @ Seattle Storm,REB,6.5,OVER,EXACT_MATCH,,2026-07-28,0,ZERO_MATCH,,0,False,,,,2,LOSS,5.0
771,2026-07-28,Natasha Howard,Toronto Tempo @ Minnesota Lynx,PTS,11.5,UNDER,EXACT_MATCH,,2026-07-28,0,ZERO_MATCH,,0,False,,,,2,LOSS,13.0
772,2026-07-28,Nneka Ogwumike,New York Liberty @ Los Angeles Sparks,PRA,30.5,UNDER,EXACT_MATCH,,2026-07-28,0,ZERO_MATCH,,0,False,,,,2,LOSS,34.0
773,2026-07-28,A'ja Wilson,Portland Fire @ Las Vegas Aces,RA,12.5,UNDER,EXACT_MATCH,,2026-07-28,0,ZERO_MATCH,,0,False,,,,2,LOSS,18.0
774,2026-07-28,Breanna Stewart,New York Liberty @ Los Angeles Sparks,REB,8.5,OVER,EXACT_MATCH,,2026-07-28,0,ZERO_MATCH,,0,False,,,,2,LOSS,4.0
775,2026-07-28,Nneka Ogwumike,New York Liberty @ Los Angeles Sparks,PA,21.5,UNDER,EXACT_MATCH,,2026-07-28,0,ZERO_MATCH,,0,False,,,,2,LOSS,30.0
776,2026-07-28,Nneka Ogwumike,New York Liberty @ Los Angeles Sparks,AST,3.5,UNDER,EXACT_MATCH,,2026-07-28,0,ZERO_MATCH,,0,False,,,,2,LOSS,9.0
777,2026-07-28,Nneka Ogwumike,New York Liberty @ Los Angeles Sparks,3PM,1.5,UNDER,EXACT_MATCH,,2026-07-28,0,ZERO_MATCH,,0,False,,,,2,LOSS,3.0
780,2026-07-28,Sabrina Ionescu,New York Liberty @ Los Angeles Sparks,AST,4.5,UNDER,EXACT_MATCH,,2026-07-28,0,ZERO_MATCH,,0,False,,,,2,LOSS,6.0
781,2026-07-28,Natasha Howard,Toronto Tempo @ Minnesota Lynx,PA,14.5,UNDER,EXACT_MATCH,,2026-07-28,0,ZERO_MATCH,,0,False,,,,2,LOSS,17.0
782,2026-07-28,Natasha Howard,Toronto Tempo @ Minnesota Lynx,PR,19.5,UNDER,EXACT_MATCH,,2026-07-28,0,ZERO_MATCH,,0,False,,,,2,WIN,19.0
783,2026-07-28,Natasha Howard,Toronto Tempo @ Minnesota Lynx,PR,18.5,UNDER,EXACT_MATCH,,2026-07-28,0,ZERO_MATCH,,0,False,,,,2,LOSS,19.0
784,2026-07-28,Natasha Howard,Toronto Tempo @ Minnesota Lynx,PRA,21.5,UNDER,EXACT_MATCH,,2026-07-28,0,ZERO_MATCH,,0,False,,,,2,LOSS,23.0
792,2026-07-30,Jackie Young,New York Liberty @ Las Vegas Aces,AST,7.5,UNDER,EXACT_MATCH,,2026-07-30,0,ZERO_MATCH,,0,False,,,,2,LOSS,9.0
798,2026-07-30,Breanna Stewart,New York Liberty @ Las Vegas Aces,AST,3.5,OVER,EXACT_MATCH,,2026-07-30,0,ZERO_MATCH,,0,False,,,,2,LOSS,1.0
819,2026-07-30,Pauline Astier,New York Liberty @ Las Vegas Aces,REB,2.5,UNDER,EXACT_MATCH,,2026-07-30,0,ZERO_MATCH,,0,False,,,,2,WIN,1.0
820,2026-07-30,Courtney Williams,Minnesota Lynx @ Toronto Tempo,AST,3.5,OVER,EXACT_MATCH,,2026-07-30,0,ZERO_MATCH,,0,False,,,,2,WIN,5.0
824,2026-07-30,Breanna Stewart,New York Liberty @ Las Vegas Aces,AST,3.5,OVER,EXACT_MATCH,,2026-07-30,0,ZERO_MATCH,,0,False,,,,2,LOSS,1.0
833,2026-07-30,Pauline Astier,New York Liberty @ Las Vegas Aces,PR,10.5,UNDER,EXACT_MATCH,,2026-07-30,0,ZERO_MATCH,,0,False,,,,2,LOSS,20.0
836,2026-07-30,Natasha Howard,Minnesota Lynx @ Toronto Tempo,PR,19.5,UNDER,EXACT_MATCH,,2026-07-30,0,ZERO_MATCH,,0,False,,,,2,WIN,17.0
843,2026-07-30,Sabrina Ionescu,New York Liberty @ Las Vegas Aces,REB,3.5,OVER,EXACT_MATCH,,2026-07-30,0,ZERO_MATCH,,0,False,,,,2,WIN,4.0
844,2026-07-30,Natasha Howard,Minnesota Lynx @ Toronto Tempo,REB,6.5,UNDER,EXACT_MATCH,,2026-07-30,0,ZERO_MATCH,,0,False,,,,2,LOSS,8.0
846,2026-07-30,Courtney Williams,Minnesota Lynx @ Toronto Tempo,PR,15.5,UNDER,EXACT_MATCH,,2026-07-30,0,ZERO_MATCH,,0,False,,,,2,LOSS,19.0
881,2026-08-01,DeWanna Bonner,New York Liberty @ Phoenix Mercury,REB,5.5,OVER,EXACT_MATCH,,2026-08-01,0,ZERO_MATCH,,0,False,,,,2,WIN,7.0
883,2026-08-01,Pauline Astier,New York Liberty @ Phoenix Mercury,REB,2.5,UNDER,EXACT_MATCH,,2026-08-01,0,ZERO_MATCH,,0,False,,,,2,WIN,0.0
885,2026-08-01,NaLyssa Smith,Las Vegas Aces @ Chicago Sky,REB,5.5,UNDER,EXACT_MATCH,,2026-08-01,0,ZERO_MATCH,,0,False,,,,2,LOSS,6.0
887,2026-08-01,Courtney Williams,Indiana Fever @ Minnesota Lynx,AST,3.5,OVER,DATE_SHIFT_UNIQUE_MATCHUP,,2026-08-02,0,ZERO_MATCH,,0,False,,,,2,WIN,5.0
888,2026-08-01,Elizabeth Williams,Las Vegas Aces @ Chicago Sky,REB,4.5,UNDER,EXACT_MATCH,,2026-08-01,0,ZERO_MATCH,,0,False,,,,2,WIN,3.0
889,2026-08-01,Kamilla Cardoso,Las Vegas Aces @ Chicago Sky,RA,10.5,UNDER,EXACT_MATCH,,2026-08-01,0,ZERO_MATCH,,0,False,,,,2,LOSS,14.0
890,2026-08-01,Natasha Cloud,Las Vegas Aces @ Chicago Sky,REB,3.5,UNDER,EXACT_MATCH,,2026-08-01,0,ZERO_MATCH,,0,False,,,,2,WIN,1.0
891,2026-08-01,Janelle Salaun,Toronto Tempo @ Golden State Valkyries,PR,16.5,UNDER,DATE_SHIFT_UNIQUE_MATCHUP,,2026-08-02,0,ZERO_MATCH,,0,False,,,,2,LOSS,27.0
892,2026-08-01,Elizabeth Williams,Las Vegas Aces @ Chicago Sky,RA,5.5,UNDER,EXACT_MATCH,,2026-08-01,0,ZERO_MATCH,,0,False,,,,2,WIN,4.0
893,2026-08-01,Kelsey Mitchell,Indiana Fever @ Minnesota Lynx,AST,2.5,UNDER,DATE_SHIFT_UNIQUE_MATCHUP,,2026-08-02,0,ZERO_MATCH,,0,False,,,,2,LOSS,3.0
894,2026-08-01,Courtney Williams,Indiana Fever @ Minnesota Lynx,REB,4.5,UNDER,DATE_SHIFT_UNIQUE_MATCHUP,,2026-08-02,0,ZERO_MATCH,,0,False,,,,2,WIN,4.0
895,2026-08-01,Janelle Salaun,Toronto Tempo @ Golden State Valkyries,3PM,2.5,UNDER,DATE_SHIFT_UNIQUE_MATCHUP,,2026-08-02,0,ZERO_MATCH,,0,False,,,,2,LOSS,4.0
896,2026-08-01,Aliyah Boston,Indiana Fever @ Minnesota Lynx,PR,25.5,UNDER,DATE_SHIFT_UNIQUE_MATCHUP,,2026-08-02,0,ZERO_MATCH,,0,False,,,,2,WIN,23.0
897,2026-08-01,Janelle Salaun,Toronto Tempo @ Golden State Valkyries,PR,15.5,UNDER,DATE_SHIFT_UNIQUE_MATCHUP,,2026-08-02,0,ZERO_MATCH,,0,False,,,,2,LOSS,27.0
898,2026-08-01,Chelsea Gray,Las Vegas Aces @ Chicago Sky,RA,9.5,UNDER,EXACT_MATCH,,2026-08-01,0,ZERO_MATCH,,0,False,,,,2,LOSS,10.0
899,2026-08-01,Aliyah Boston,Indiana Fever @ Minnesota Lynx,PR,24.5,UNDER,DATE_SHIFT_UNIQUE_MATCHUP,,2026-08-02,0,ZERO_MATCH,,0,False,,,,2,WIN,23.0
900,2026-08-01,Jackie Young,Las Vegas Aces @ Chicago Sky,REB,3.5,UNDER,EXACT_MATCH,,2026-08-01,0,ZERO_MATCH,,0,False,,,,2,LOSS,11.0
901,2026-08-01,Monique Akoa Makani,New York Liberty @ Phoenix Mercury,AST,2.5,UNDER,EXACT_MATCH,,2026-08-01,0,ZERO_MATCH,,0,False,,,,2,LOSS,3.0
904,2026-08-01,Caitlin Clark,Indiana Fever @ Minnesota Lynx,REB,3.5,OVER,DATE_SHIFT_UNIQUE_MATCHUP,,2026-08-02,0,ZERO_MATCH,,0,False,,,,2,LOSS,1.0
905,2026-08-01,Jonquel Jones,New York Liberty @ Phoenix Mercury,AST,2.5,OVER,EXACT_MATCH,,2026-08-01,0,ZERO_MATCH,,0,False,,,,2,WIN,5.0
906,2026-08-01,Aliyah Boston,Indiana Fever @ Minnesota Lynx,PTS,16.5,UNDER,DATE_SHIFT_UNIQUE_MATCHUP,,2026-08-02,0,ZERO_MATCH,,0,False,,,,2,WIN,15.0
907,2026-08-01,Natasha Cloud,Las Vegas Aces @ Chicago Sky,PR,13.5,UNDER,EXACT_MATCH,,2026-08-01,0,ZERO_MATCH,,0,False,,,,2,WIN,12.0
908,2026-08-01,Kamilla Cardoso,Las Vegas Aces @ Chicago Sky,REB,7.5,UNDER,EXACT_MATCH,,2026-08-01,0,ZERO_MATCH,,0,False,,,,2,LOSS,12.0
909,2026-08-01,Natasha Cloud,Las Vegas Aces @ Chicago Sky,3PM,1.5,UNDER,EXACT_MATCH,,2026-08-01,0,ZERO_MATCH,,0,False,,,,2,LOSS,2.0
910,2026-08-01,Courtney Williams,Indiana Fever @ Minnesota Lynx,RA,8.5,UNDER,DATE_SHIFT_UNIQUE_MATCHUP,,2026-08-02,0,ZERO_MATCH,,0,False,,,,2,LOSS,9.0
911,2026-08-01,Natasha Mack,New York Liberty @ Phoenix Mercury,REB,5.5,UNDER,EXACT_MATCH,,2026-08-01,0,ZERO_MATCH,,0,False,,,,2,WIN,3.0
912,2026-08-02,Jordin Canada,Las Vegas Aces @ Atlanta Dream,AST,7.5,OVER,DATE_SHIFT_UNIQUE_MATCHUP,,2026-08-03,0,ZERO_MATCH,,0,False,,,,2,LOSS,7.0
914,2026-08-02,Rhyne Howard,Las Vegas Aces @ Atlanta Dream,PTS,16.5,UNDER,DATE_SHIFT_UNIQUE_MATCHUP,,2026-08-03,0,ZERO_MATCH,,0,False,,,,2,LOSS,19.0
917,2026-08-02,Rhyne Howard,Las Vegas Aces @ Atlanta Dream,PR,20.5,UNDER,DATE_SHIFT_UNIQUE_MATCHUP,,2026-08-03,0,ZERO_MATCH,,0,False,,,,2,WIN,20.0
918,2026-08-02,Rhyne Howard,Las Vegas Aces @ Atlanta Dream,PA,20.5,UNDER,DATE_SHIFT_UNIQUE_MATCHUP,,2026-08-03,0,ZERO_MATCH,,0,False,,,,2,LOSS,21.0
919,2026-08-02,Rhyne Howard,Las Vegas Aces @ Atlanta Dream,PRA,24.5,UNDER,DATE_SHIFT_UNIQUE_MATCHUP,,2026-08-03,0,ZERO_MATCH,,0,False,,,,2,WIN,22.0
920,2026-08-02,Nyara Sabally,Toronto Tempo @ Golden State Valkyries,REB,4.5,UNDER,EXACT_MATCH,,2026-08-02,0,ZERO_MATCH,,0,False,,,,2,LOSS,8.0
922,2026-08-02,Courtney Williams,Indiana Fever @ Minnesota Lynx,AST,3.5,OVER,EXACT_MATCH,,2026-08-02,0,ZERO_MATCH,,0,False,,,,2,WIN,5.0
923,2026-08-02,Courtney Williams,Indiana Fever @ Minnesota Lynx,RA,7.5,OVER,EXACT_MATCH,,2026-08-02,0,ZERO_MATCH,,0,False,,,,2,WIN,9.0
924,2026-08-02,Allisha Gray,Las Vegas Aces @ Atlanta Dream,REB,3.5,UNDER,DATE_SHIFT_UNIQUE_MATCHUP,,2026-08-03,0,ZERO_MATCH,,0,False,,,,2,WIN,1.0
926,2026-08-02,Janelle Salaun,Toronto Tempo @ Golden State Valkyries,PRA,18.5,UNDER,EXACT_MATCH,,2026-08-02,0,ZERO_MATCH,,0,False,,,,2,LOSS,29.0
928,2026-08-02,Janelle Salaun,Toronto Tempo @ Golden State Valkyries,PR,16.5,UNDER,EXACT_MATCH,,2026-08-02,0,ZERO_MATCH,,0,False,,,,2,LOSS,27.0
930,2026-08-02,Allisha Gray,Las Vegas Aces @ Atlanta Dream,RA,5.5,UNDER,DATE_SHIFT_UNIQUE_MATCHUP,,2026-08-03,0,ZERO_MATCH,,0,False,,,,2,WIN,3.0
932,2026-08-02,Jordin Canada,Las Vegas Aces @ Atlanta Dream,PR,14.5,UNDER,DATE_SHIFT_UNIQUE_MATCHUP,,2026-08-03,0,ZERO_MATCH,,0,False,,,,2,WIN,9.0
933,2026-08-02,Kelsey Mitchell,Indiana Fever @ Minnesota Lynx,AST,2.5,UNDER,EXACT_MATCH,,2026-08-02,0,ZERO_MATCH,,0,False,,,,2,LOSS,3.0
934,2026-08-02,Jordin Canada,Las Vegas Aces @ Atlanta Dream,PTS,10.5,UNDER,DATE_SHIFT_UNIQUE_MATCHUP,,2026-08-03,0,ZERO_MATCH,,0,False,,,,2,WIN,7.0
935,2026-08-02,Courtney Williams,Indiana Fever @ Minnesota Lynx,REB,4.5,UNDER,EXACT_MATCH,,2026-08-02,0,ZERO_MATCH,,0,False,,,,2,WIN,4.0
937,2026-08-02,Janelle Salaun,Toronto Tempo @ Golden State Valkyries,3PM,2.5,UNDER,EXACT_MATCH,,2026-08-02,0,ZERO_MATCH,,0,False,,,,2,LOSS,4.0
939,2026-08-02,Allisha Gray,Las Vegas Aces @ Atlanta Dream,AST,2.5,UNDER,DATE_SHIFT_UNIQUE_MATCHUP,,2026-08-03,0,ZERO_MATCH,,0,False,,,,2,WIN,2.0
940,2026-08-02,Aliyah Boston,Indiana Fever @ Minnesota Lynx,PR,25.5,UNDER,EXACT_MATCH,,2026-08-02,0,ZERO_MATCH,,0,False,,,,2,WIN,23.0
941,2026-08-02,Aliyah Boston,Indiana Fever @ Minnesota Lynx,PR,24.5,UNDER,EXACT_MATCH,,2026-08-02,0,ZERO_MATCH,,0,False,,,,2,WIN,23.0
947,2026-08-02,Aliyah Boston,Indiana Fever @ Minnesota Lynx,PTS,16.5,UNDER,EXACT_MATCH,,2026-08-02,0,ZERO_MATCH,,0,False,,,,2,WIN,15.0
948,2026-08-02,Aliyah Boston,Indiana Fever @ Minnesota Lynx,PTS,15.5,UNDER,EXACT_MATCH,,2026-08-02,0,ZERO_MATCH,,0,False,,,,2,WIN,15.0
951,2026-08-02,Courtney Williams,Indiana Fever @ Minnesota Lynx,RA,8.5,UNDER,EXACT_MATCH,,2026-08-02,0,ZERO_MATCH,,0,False,,,,2,LOSS,9.0
952,2026-08-03,Jordin Canada,Las Vegas Aces @ Atlanta Dream,AST,7.5,OVER,EXACT_MATCH,,2026-08-03,0,ZERO_MATCH,,0,False,,,,2,LOSS,7.0
953,2026-08-03,Rhyne Howard,Las Vegas Aces @ Atlanta Dream,PTS,16.5,UNDER,EXACT_MATCH,,2026-08-03,0,ZERO_MATCH,,0,False,,,,2,LOSS,19.0
954,2026-08-03,Rhyne Howard,Las Vegas Aces @ Atlanta Dream,PR,20.5,UNDER,EXACT_MATCH,,2026-08-03,0,ZERO_MATCH,,0,False,,,,2,WIN,20.0
955,2026-08-03,Brionna Jones,Las Vegas Aces @ Atlanta Dream,PRA,19.5,UNDER,EXACT_MATCH,,2026-08-03,0,ZERO_MATCH,,0,False,,,,2,WIN,16.0
957,2026-08-03,Rhyne Howard,Las Vegas Aces @ Atlanta Dream,PA,20.5,UNDER,EXACT_MATCH,,2026-08-03,0,ZERO_MATCH,,0,False,,,,2,LOSS,21.0
960,2026-08-03,Rhyne Howard,Las Vegas Aces @ Atlanta Dream,PRA,24.5,UNDER,EXACT_MATCH,,2026-08-03,0,ZERO_MATCH,,0,False,,,,2,WIN,22.0
961,2026-08-03,DeWanna Bonner,Phoenix Mercury @ Chicago Sky,RA,7.5,OVER,EXACT_MATCH,,2026-08-03,0,ZERO_MATCH,,0,False,,,,2,WIN,12.0
964,2026-08-03,Allisha Gray,Las Vegas Aces @ Atlanta Dream,REB,3.5,UNDER,EXACT_MATCH,,2026-08-03,0,ZERO_MATCH,,0,False,,,,2,WIN,1.0
967,2026-08-03,Veronica Burton,Toronto Tempo @ Golden State Valkyries,RA,9.5,UNDER,DATE_SHIFT_UNIQUE_MATCHUP,,2026-08-02,0,ZERO_MATCH,,0,False,,,,2,WIN,8.0
969,2026-08-03,Allisha Gray,Las Vegas Aces @ Atlanta Dream,RA,5.5,UNDER,EXACT_MATCH,,2026-08-03,0,ZERO_MATCH,,0,False,,,,2,WIN,3.0
970,2026-08-03,Jordin Canada,Las Vegas Aces @ Atlanta Dream,PR,14.5,UNDER,EXACT_MATCH,,2026-08-03,0,ZERO_MATCH,,0,False,,,,2,WIN,9.0
971,2026-08-03,Jordin Canada,Las Vegas Aces @ Atlanta Dream,3PM,0.5,UNDER,EXACT_MATCH,,2026-08-03,0,ZERO_MATCH,,0,False,,,,2,WIN,0.0
972,2026-08-03,Jordin Canada,Las Vegas Aces @ Atlanta Dream,PTS,10.5,UNDER,EXACT_MATCH,,2026-08-03,0,ZERO_MATCH,,0,False,,,,2,WIN,7.0
973,2026-08-03,Veronica Burton,Toronto Tempo @ Golden State Valkyries,REB,3.5,UNDER,DATE_SHIFT_UNIQUE_MATCHUP,,2026-08-02,0,ZERO_MATCH,,0,False,,,,2,WIN,2.0
974,2026-08-03,Allisha Gray,Las Vegas Aces @ Atlanta Dream,AST,2.5,UNDER,EXACT_MATCH,,2026-08-03,0,ZERO_MATCH,,0,False,,,,2,WIN,2.0
976,2026-08-03,Naz Hillmon,Las Vegas Aces @ Atlanta Dream,REB,3.5,UNDER,EXACT_MATCH,,2026-08-03,0,ZERO_MATCH,,0,False,,,,2,WIN,1.0
978,2026-08-03,Natasha Cloud,Phoenix Mercury @ Chicago Sky,PR,13.5,UNDER,EXACT_MATCH,,2026-08-03,0,ZERO_MATCH,,0,False,,,,2,LOSS,18.0
999,2026-08-04,Veronica Burton,Toronto Tempo @ Golden State Valkyries,RA,9.5,UNDER,DATE_SHIFT_UNIQUE_MATCHUP,,2026-08-02,0,ZERO_MATCH,,0,False,,,,2,WIN,8.0
1002,2026-08-04,Veronica Burton,Toronto Tempo @ Golden State Valkyries,REB,3.5,UNDER,DATE_SHIFT_UNIQUE_MATCHUP,,2026-08-02,0,ZERO_MATCH,,0,False,,,,2,WIN,2.0
1006,2026-08-04,Laura Juskaite,Toronto Tempo @ Golden State Valkyries,REB,3.5,OVER,DATE_SHIFT_UNIQUE_MATCHUP,,2026-08-02,0,ZERO_MATCH,,0,False,,,,2,LOSS,3.0
