archive_index,game_date,game_id,player,stat,side,alt_line,american_odds,target_win,market_probability,logistic_v5_probability,ridge_linear_probability,empirical_probability,knn_probability,ensemble_probability,train_rows,snapshot_count,book_count,books,opening_line,opening_odds,latest_line,latest_odds,reference_close_line,reference_close_odds,close_quality,line_move,price_move,elapsed_minutes,movement_class,steam_detected,reverse_move_vs_knn,first_moving_book,knn_implied_side
756,2026-07-28,401857094,Natisha Hiedeman,PR,UNDER,18.5,-121.0,0,0.547511,0.399627,0.480262,0.626948,0.25467,0.461804,40,1,0,,18.5,-121.0,18.5,-121.0,18.5,-121.0,INFERRED_LATEST,0.0,0.0,0.0,STABLE,False,False,,OVER
769,2026-07-28,401857094,Kelsey Mitchell,AST,UNDER,2.5,-127.0,1,0.559471,0.101303,0.171325,0.519824,0.473291,0.365043,41,1,0,,2.5,-127.0,2.5,-127.0,2.5,-127.0,INFERRED_LATEST,0.0,0.0,0.0,STABLE,False,False,,OVER
716,2026-07-28,401857095,A'ja Wilson,REB,UNDER,9.5,-53.0,0,0.346405,0.228429,0.354057,0.559913,0.445648,0.38689,42,1,0,,9.5,-51.25,9.5,-51.25,9.5,-51.25,INFERRED_LATEST,0.0,0.0,0.0,STABLE,False,False,,OVER
723,2026-07-28,401857095,A'ja Wilson,RA,UNDER,13.5,-134.0,0,0.57265,0.497047,0.525192,0.635328,0.34673,0.515389,43,1,0,,13.5,-128.0,13.5,-128.0,13.5,-128.0,INFERRED_LATEST,0.0,0.0,0.0,STABLE,False,False,,OVER
731,2026-07-28,401857095,A'ja Wilson,RA,UNDER,12.5,-112.0,0,0.528302,0.367151,0.443437,0.620545,0.241757,0.440238,44,1,0,,13.5,-128.0,13.5,-128.0,13.5,-128.0,INFERRED_LATEST,0.0,0.0,0.0,STABLE,False,False,,OVER
757,2026-07-28,401857095,A'ja Wilson,REB,UNDER,9.5,-51.25,0,0.338843,0.12086,0.226031,0.557392,0.14351,0.277327,45,1,0,,9.5,-51.25,9.5,-51.25,9.5,-51.25,INFERRED_LATEST,0.0,0.0,0.0,STABLE,False,False,,OVER
763,2026-07-28,401857095,A'ja Wilson,RA,UNDER,13.5,-128.0,0,0.561404,0.361843,0.43058,0.631579,0.169072,0.430895,46,1,0,,13.5,-128.0,13.5,-128.0,13.5,-128.0,INFERRED_LATEST,0.0,0.0,0.0,STABLE,False,False,,OVER
773,2026-07-28,401857095,A'ja Wilson,RA,UNDER,12.5,106.0,0,0.485437,0.231312,0.334768,0.606257,0.079962,0.347547,47,1,0,,13.5,-128.0,13.5,-128.0,13.5,-128.0,INFERRED_LATEST,0.0,0.0,0.0,STABLE,False,False,,OVER
666,2026-07-28,401857096,Sabrina Ionescu,AST,UNDER,5.5,-146.0,0,0.593496,0.84583,0.764575,0.864499,0.765109,0.766702,48,1,0,,5.5,-170.5,5.5,-170.5,5.5,-170.5,INFERRED_LATEST,0.0,0.0,0.0,STABLE,False,False,,UNDER
700,2026-07-28,401857096,Sabrina Ionescu,AST,UNDER,5.5,-143.25,0,0.5889,0.722852,0.674269,0.862967,0.482604,0.666319,49,1,0,,5.5,-170.5,5.5,-170.5,5.5,-170.5,INFERRED_LATEST,0.0,0.0,0.0,STABLE,False,False,,OVER
740,2026-07-28,401857096,Sabrina Ionescu,AST,UNDER,5.5,-170.33,0,0.630082,0.67784,0.646344,0.876694,0.523956,0.636894,50,1,0,,5.5,-170.5,5.5,-170.5,5.5,-170.5,INFERRED_LATEST,0.0,0.0,0.0,STABLE,False,False,,UNDER
766,2026-07-28,401857096,Nneka Ogwumike,PTS,UNDER,17.5,-55.75,0,0.357945,0.02,0.02,0.285982,0.152061,0.161427,51,1,0,,17.5,-58.25,17.5,-58.25,17.5,-58.25,INFERRED_LATEST,0.0,0.0,0.0,STABLE,False,False,,OVER
772,2026-07-28,401857096,Nneka Ogwumike,PRA,UNDER,30.5,-122.0,0,0.54955,0.194244,0.328823,0.405405,0.068116,0.27253,52,1,0,,29.5,-112.0,29.5,-112.0,29.5,-112.0,INFERRED_LATEST,0.0,0.0,0.0,STABLE,False,False,,OVER
775,2026-07-28,401857096,Nneka Ogwumike,PA,UNDER,21.5,-125.0,0,0.555556,0.036457,0.028341,0.351852,0.150321,0.204685,53,1,0,,20.5,-110.0,20.5,-110.0,20.5,-110.0,INFERRED_LATEST,0.0,0.0,0.0,STABLE,False,False,,OVER
776,2026-07-28,401857096,Nneka Ogwumike,AST,UNDER,3.5,-148.5,0,0.597586,0.136844,0.202701,0.421417,0.222057,0.290051,54,1,0,,3.5,-149.0,3.5,-149.0,3.5,-149.0,INFERRED_LATEST,0.0,0.0,0.0,STABLE,False,False,,OVER
780,2026-07-28,401857096,Sabrina Ionescu,AST,UNDER,4.5,120.0,0,0.454545,0.184712,0.291403,0.651515,0.36534,0.363858,55,1,0,,5.5,-170.5,5.5,-170.5,5.5,-170.5,INFERRED_LATEST,0.0,0.0,0.0,STABLE,False,False,,OVER
703,2026-07-29,401857097,Rhyne Howard,PA,UNDER,21.5,-128.0,1,0.561404,0.411483,0.499085,0.853801,0.476967,0.524545,56,1,0,,21.5,-124.5,21.5,-124.5,21.5,-124.5,INFERRED_LATEST,0.0,0.0,0.0,STABLE,False,False,,OVER
706,2026-07-29,401857097,Rhyne Howard,PRA,UNDER,25.5,-121.0,1,0.547511,0.514853,0.557258,0.84917,0.449761,0.549347,57,1,0,,25.5,-122.67,25.5,-122.67,25.5,-122.67,INFERRED_LATEST,0.0,0.0,0.0,STABLE,False,False,,OVER
707,2026-07-29,401857097,Rhyne Howard,PTS,UNDER,17.5,-117.67,1,0.540589,0.609952,0.601247,0.846863,0.854247,0.700302,58,1,0,,17.5,-114.0,17.5,-114.0,17.5,-114.0,INFERRED_LATEST,0.0,0.0,0.0,STABLE,False,False,,UNDER
709,2026-07-29,401857097,Rhyne Howard,PR,UNDER,21.5,-111.5,1,0.527187,0.644425,0.62771,0.842396,0.891267,0.722958,59,1,0,,21.5,-114.0,21.5,-114.0,21.5,-114.0,INFERRED_LATEST,0.0,0.0,0.0,STABLE,False,False,,UNDER
711,2026-07-29,401857097,Rhyne Howard,PA,UNDER,20.5,-102.0,1,0.50495,0.548643,0.570903,0.834983,0.570209,0.591576,60,1,0,,21.5,-124.5,21.5,-124.5,21.5,-124.5,INFERRED_LATEST,0.0,0.0,0.0,STABLE,False,False,,UNDER
742,2026-07-29,401857097,Rhyne Howard,PA,UNDER,21.5,-127.0,1,0.559471,0.653613,0.632531,0.853157,0.711168,0.67992,61,1,0,,21.5,-124.5,21.5,-124.5,21.5,-124.5,INFERRED_LATEST,0.0,0.0,0.0,STABLE,False,False,,UNDER
745,2026-07-29,401857097,Rhyne Howard,PRA,UNDER,25.5,-119.33,1,0.544066,0.702216,0.670528,0.848022,0.773269,0.713122,62,1,0,,25.5,-122.67,25.5,-122.67,25.5,-122.67,INFERRED_LATEST,0.0,0.0,0.0,STABLE,False,False,,UNDER
746,2026-07-29,401857097,Rhyne Howard,PTS,UNDER,17.5,-116.5,1,0.538106,0.708171,0.669297,0.846035,0.98,0.776215,63,1,0,,17.5,-114.0,17.5,-114.0,17.5,-114.0,INFERRED_LATEST,0.0,0.0,0.0,STABLE,False,False,,UNDER
787,2026-07-29,401857097,Rhyne Howard,PA,UNDER,21.5,-124.5,1,0.554566,0.715943,0.680274,0.851522,0.769156,0.720566,64,1,0,,21.5,-124.5,21.5,-124.5,21.5,-124.5,INFERRED_LATEST,0.0,0.0,0.0,STABLE,False,False,,UNDER
789,2026-07-29,401857097,Rhyne Howard,PRA,UNDER,25.5,-122.67,1,0.550905,0.761926,0.719598,0.850302,0.827384,0.754953,65,1,0,,25.5,-122.67,25.5,-122.67,25.5,-122.67,INFERRED_LATEST,0.0,0.0,0.0,STABLE,False,False,,UNDER
790,2026-07-29,401857097,Rhyne Howard,PTS,UNDER,17.5,-114.0,1,0.53271,0.734929,0.69281,0.844237,0.98,0.788745,66,1,0,,17.5,-114.0,17.5,-114.0,17.5,-114.0,INFERRED_LATEST,0.0,0.0,0.0,STABLE,False,False,,UNDER
791,2026-07-29,401857097,Rhyne Howard,PR,UNDER,21.5,-114.0,1,0.53271,0.771436,0.723902,0.844237,0.926562,0.786882,67,1,0,,21.5,-114.0,21.5,-114.0,21.5,-114.0,INFERRED_LATEST,0.0,0.0,0.0,STABLE,False,False,,UNDER
813,2026-07-29,401857097,Rhyne Howard,PA,UNDER,21.5,-127.5,1,0.56044,0.769107,0.727222,0.85348,0.877259,0.778275,68,1,0,,21.5,-124.5,21.5,-124.5,21.5,-124.5,INFERRED_LATEST,0.0,0.0,0.0,STABLE,False,False,,UNDER
815,2026-07-29,401857097,Rhyne Howard,PRA,UNDER,25.5,-112.0,1,0.528302,0.785663,0.744384,0.842767,0.870738,0.777304,69,1,0,,25.5,-122.67,25.5,-122.67,25.5,-122.67,INFERRED_LATEST,0.0,0.0,0.0,STABLE,False,False,,UNDER
816,2026-07-29,401857097,Rhyne Howard,PTS,UNDER,17.5,-118.5,1,0.542334,0.776812,0.730136,0.847445,0.98,0.811331,70,1,0,,17.5,-114.0,17.5,-114.0,17.5,-114.0,INFERRED_LATEST,0.0,0.0,0.0,STABLE,False,False,,UNDER
817,2026-07-29,401857097,Rhyne Howard,PR,UNDER,21.5,-107.5,1,0.518072,0.792096,0.744826,0.839357,0.93421,0.799093,71,1,0,,21.5,-114.0,21.5,-114.0,21.5,-114.0,INFERRED_LATEST,0.0,0.0,0.0,STABLE,False,False,,UNDER
836,2026-07-30,401857099,Natasha Howard,PR,UNDER,19.5,-115.0,1,0.534884,0.814833,0.775329,0.844961,0.814309,0.774782,72,1,0,,19.5,-115.0,19.5,-115.0,19.5,-115.0,INFERRED_LATEST,0.0,0.0,0.0,STABLE,False,False,,UNDER
831,2026-07-30,401857100,Charlisse Leger-Walker,PR,UNDER,9.5,-119.0,0,0.543379,0.763941,0.719173,0.847793,0.98,0.810098,73,1,0,,9.5,-119.0,9.5,-119.0,9.5,-119.0,INFERRED_LATEST,0.0,0.0,0.0,STABLE,False,False,,UNDER
835,2026-07-30,401857100,Charlisse Leger-Walker,PRA,UNDER,13.5,-112.0,1,0.528302,0.321748,0.421938,0.620545,0.072371,0.349739,74,1,0,,13.5,-111.5,13.5,-111.5,13.5,-111.5,INFERRED_LATEST,0.0,0.0,0.0,STABLE,False,False,,OVER
838,2026-07-30,401857100,Charlisse Leger-Walker,PA,UNDER,10.5,-114.0,0,0.53271,0.331506,0.426214,0.622015,0.167064,0.39084,75,1,0,,10.5,-110.0,10.5,-110.0,10.5,-110.0,INFERRED_LATEST,0.0,0.0,0.0,STABLE,False,False,,OVER
874,2026-07-30,401857100,Kamilla Cardoso,REB,UNDER,7.5,-115.33,1,0.535597,0.345835,0.428604,0.622977,0.08017,0.369497,76,1,0,,8.5,-103.5,8.5,-103.5,8.5,-103.5,INFERRED_LATEST,0.0,0.0,0.0,STABLE,False,False,,OVER
819,2026-07-30,401857101,Pauline Astier,REB,UNDER,2.5,-208.0,1,0.675325,0.779742,0.743062,0.891775,0.729719,0.763722,77,1,0,,2.5,-208.0,2.5,-208.0,2.5,-208.0,INFERRED_LATEST,0.0,0.0,0.0,STABLE,False,False,,UNDER
833,2026-07-30,401857101,Pauline Astier,PR,UNDER,10.5,-119.0,0,0.543379,0.774257,0.738159,0.847793,0.935489,0.782327,78,1,0,,10.5,-120.0,10.5,-120.0,10.5,-120.0,INFERRED_LATEST,0.0,0.0,0.0,STABLE,False,False,,UNDER
852,2026-07-31,401857102,Rhyne Howard,PRA,UNDER,25.5,-131.5,1,0.568035,0.789574,0.752705,0.856012,0.680232,0.731645,79,1,0,,24.5,-112.0,24.5,-112.0,24.5,-112.0,INFERRED_LATEST,0.0,0.0,0.0,STABLE,False,False,,UNDER
853,2026-07-31,401857102,Rhyne Howard,PTS,UNDER,17.5,-131.67,1,0.568352,0.774242,0.735481,0.856117,0.818091,0.756895,80,1,0,,16.5,-116.0,16.5,-116.0,16.5,-116.0,INFERRED_LATEST,0.0,0.0,0.0,STABLE,False,False,,UNDER
854,2026-07-31,401857102,Rhyne Howard,PTS,UNDER,16.5,-116.0,1,0.537037,0.748563,0.718214,0.845679,0.890019,0.757744,81,1,0,,16.5,-116.0,16.5,-116.0,16.5,-116.0,INFERRED_LATEST,0.0,0.0,0.0,STABLE,False,False,,UNDER
856,2026-07-31,401857102,Rhyne Howard,PR,UNDER,21.5,-124.5,1,0.554566,0.809503,0.76988,0.851522,0.943005,0.798366,82,1,0,,20.5,-107.0,20.5,-107.0,20.5,-107.0,INFERRED_LATEST,0.0,0.0,0.0,STABLE,False,False,,UNDER
857,2026-07-31,401857102,Rhyne Howard,PA,UNDER,20.5,-110.5,1,0.524941,0.786711,0.755227,0.841647,0.901822,0.775107,83,1,0,,20.5,-114.0,20.5,-114.0,20.5,-114.0,INFERRED_LATEST,0.0,0.0,0.0,STABLE,False,False,,UNDER
861,2026-07-31,401857102,Rhyne Howard,PRA,UNDER,24.5,-107.0,1,0.516908,0.830253,0.796319,0.838969,0.956702,0.804757,84,1,0,,24.5,-112.0,24.5,-112.0,24.5,-112.0,INFERRED_LATEST,0.0,0.0,0.0,STABLE,False,False,,UNDER
865,2026-07-31,401857103,Azzi Fudd,AST,OVER,1.5,-188.5,0,0.65338,0.735496,0.721821,0.88446,0.720534,0.744465,85,0,0,,,,,,,,UNAVAILABLE,,,,NO_SNAPSHOT_MATCH,False,False,,
867,2026-07-31,401857103,Jessica Shepard,AST,OVER,4.5,-142.5,1,0.587629,0.650846,0.664445,0.862543,0.735832,0.702619,86,1,0,,4.5,-147.0,4.5,-147.0,4.5,-147.0,INFERRED_LATEST,0.0,0.0,0.0,STABLE,False,False,,OVER
818,2026-07-31,401857104,Aliyah Boston,RA,UNDER,11.5,-108.0,0,0.519231,0.407035,0.445047,0.617521,0.127711,0.406819,87,1,0,,11.5,-115.0,11.5,-115.0,11.5,-115.0,INFERRED_LATEST,0.0,0.0,0.0,STABLE,False,False,,OVER
832,2026-07-31,401857104,Aliyah Boston,REB,UNDER,8.5,-127.75,0,0.560922,0.73067,0.693668,0.853641,0.828117,0.741785,88,1,0,,8.5,-134.0,8.5,-134.0,8.5,-134.0,INFERRED_LATEST,0.0,0.0,0.0,STABLE,False,False,,UNDER
839,2026-07-31,401857104,Aliyah Boston,3PM,UNDER,1.5,-270.0,1,0.72973,0.353419,0.44129,0.687688,0.650504,0.563394,89,1,0,,1.5,-263.75,1.5,-263.75,1.5,-263.75,INFERRED_LATEST,0.0,0.0,0.0,STABLE,False,False,,UNDER
851,2026-07-31,401857104,Kelsey Mitchell,AST,UNDER,3.5,-217.0,1,0.684543,0.648121,0.621195,0.761514,0.623036,0.663591,90,1,0,,3.5,-217.0,3.5,-217.0,3.5,-217.0,INFERRED_LATEST,0.0,0.0,0.0,STABLE,False,False,,UNDER
855,2026-07-31,401857104,Aliyah Boston,RA,UNDER,11.5,-115.5,0,0.535963,0.370445,0.428352,0.623099,0.103017,0.394618,91,1,0,,11.5,-115.0,11.5,-115.0,11.5,-115.0,INFERRED_LATEST,0.0,0.0,0.0,STABLE,False,False,,OVER
866,2026-07-31,401857104,Aliyah Boston,REB,UNDER,8.5,-138.25,0,0.580273,0.72092,0.69084,0.860091,0.700609,0.711797,92,1,0,,8.5,-134.0,8.5,-134.0,8.5,-134.0,INFERRED_LATEST,0.0,0.0,0.0,STABLE,False,False,,UNDER
875,2026-07-31,401857104,Aliyah Boston,3PM,UNDER,1.5,-286.5,1,0.741268,0.468887,0.495034,0.691534,0.762114,0.629731,93,1,0,,1.5,-263.75,1.5,-263.75,1.5,-263.75,INFERRED_LATEST,0.0,0.0,0.0,STABLE,False,False,,UNDER
890,2026-08-01,401857105,Natasha Cloud,REB,UNDER,3.5,-168.33,1,0.627325,0.409036,0.465329,0.653553,0.533714,0.53188,94,1,0,,3.5,-161.67,3.5,-161.67,3.5,-161.67,INFERRED_LATEST,0.0,0.0,0.0,STABLE,False,False,,UNDER
907,2026-08-01,401857105,Natasha Cloud,PR,UNDER,13.5,-116.0,1,0.537037,0.375887,0.451952,0.623457,0.173279,0.416593,95,1,0,,12.5,-114.0,12.5,-114.0,12.5,-114.0,INFERRED_LATEST,0.0,0.0,0.0,STABLE,False,False,,OVER
908,2026-08-01,401857105,Kamilla Cardoso,REB,UNDER,7.5,56.5,0,0.638978,0.661988,0.623189,0.712993,0.439814,0.608687,96,1,0,,7.5,55.0,7.5,55.0,7.5,55.0,INFERRED_LATEST,0.0,0.0,0.0,STABLE,False,False,,OVER
883,2026-08-01,401857106,Pauline Astier,REB,UNDER,2.5,-233.0,1,0.6997,0.81743,0.777256,0.8999,0.614264,0.756586,97,1,0,,2.5,-233.0,2.5,-233.0,2.5,-233.0,INFERRED_LATEST,0.0,0.0,0.0,STABLE,False,False,,UNDER
905,2026-08-01,401857106,Jonquel Jones,AST,OVER,2.5,57.25,1,0.63593,0.179443,0.257703,0.434199,0.558263,0.410678,98,0,0,,,,,,,,UNAVAILABLE,,,,NO_SNAPSHOT_MATCH,False,False,,
893,2026-08-02,401857107,Kelsey Mitchell,AST,UNDER,2.5,-133.0,0,0.570815,0.526054,0.557593,0.679161,0.488451,0.56048,99,1,0,,2.5,-118.0,2.5,-118.0,2.5,-118.0,INFERRED_LATEST,0.0,0.0,0.0,STABLE,False,False,,OVER
906,2026-08-02,401857107,Aliyah Boston,PTS,UNDER,16.5,-123.33,1,0.552232,0.281717,0.347168,0.4063,0.440514,0.4041,100,1,0,,15.5,-108.0,15.5,-108.0,15.5,-108.0,INFERRED_LATEST,0.0,0.0,0.0,STABLE,False,False,,OVER
933,2026-08-02,401857107,Kelsey Mitchell,AST,UNDER,2.5,-118.0,0,0.541284,0.370897,0.46771,0.669317,0.319643,0.465314,101,1,0,,2.5,-118.0,2.5,-118.0,2.5,-118.0,INFERRED_LATEST,0.0,0.0,0.0,STABLE,False,False,,OVER
947,2026-08-02,401857107,Aliyah Boston,PTS,UNDER,16.5,-123.5,1,0.552573,0.362863,0.401043,0.406413,0.720482,0.497362,102,1,0,,15.5,-108.0,15.5,-108.0,15.5,-108.0,INFERRED_LATEST,0.0,0.0,0.0,STABLE,False,False,,UNDER
948,2026-08-02,401857107,Aliyah Boston,PTS,UNDER,15.5,-108.5,1,0.520384,0.373209,0.414945,0.395683,0.60572,0.468152,103,1,0,,15.5,-108.0,15.5,-108.0,15.5,-108.0,INFERRED_LATEST,0.0,0.0,0.0,STABLE,False,False,,UNDER
915,2026-08-02,401857109,Charlisse Leger-Walker,PRA,UNDER,15.5,-133.0,1,0.570815,0.739751,0.713071,0.856938,0.840157,0.748614,104,1,0,,14.5,-124.0,14.5,-124.0,14.5,-124.0,INFERRED_LATEST,0.0,0.0,0.0,STABLE,False,False,,UNDER
916,2026-08-02,401857109,Charlisse Leger-Walker,PA,UNDER,12.5,-128.0,1,0.561404,0.722934,0.701383,0.853801,0.81771,0.735706,105,1,0,,11.5,-112.0,11.5,-112.0,11.5,-112.0,INFERRED_LATEST,0.0,0.0,0.0,STABLE,False,False,,UNDER
931,2026-08-02,401857109,Charlisse Leger-Walker,PRA,UNDER,14.5,-129.0,1,0.563319,0.593019,0.593829,0.687773,0.354465,0.547582,106,1,0,,14.5,-124.0,14.5,-124.0,14.5,-124.0,INFERRED_LATEST,0.0,0.0,0.0,STABLE,False,False,,OVER
895,2026-08-02,401857110,Janelle Salaun,3PM,UNDER,2.5,-200.0,0,0.666667,0.784219,0.751429,0.888889,0.699053,0.755376,107,1,0,,2.5,-195.75,2.5,-195.75,2.5,-195.75,INFERRED_LATEST,0.0,0.0,0.0,STABLE,False,False,,UNDER
937,2026-08-02,401857110,Janelle Salaun,3PM,UNDER,2.5,-195.75,0,0.661877,0.743964,0.717186,0.887292,0.559502,0.706024,108,1,0,,2.5,-195.75,2.5,-195.75,2.5,-195.75,INFERRED_LATEST,0.0,0.0,0.0,STABLE,False,False,,UNDER
1006,2026-08-02,401857110,Laura Juskaite,REB,OVER,3.5,-167.0,1,0.625468,0.497283,0.527323,0.652934,0.642719,0.590093,109,0,0,,,,,,,,UNAVAILABLE,,,,NO_SNAPSHOT_MATCH,False,False,,
914,2026-08-03,401857111,Rhyne Howard,PTS,UNDER,16.5,-115.5,0,0.535963,0.688171,0.673137,0.845321,0.893286,0.734313,110,1,0,,16.5,-111.0,16.5,-111.0,16.5,-111.0,INFERRED_LATEST,0.0,0.0,0.0,STABLE,False,False,,UNDER
917,2026-08-03,401857111,Rhyne Howard,PR,UNDER,20.5,-119.5,1,0.544419,0.701467,0.6806,0.84814,0.894068,0.738832,111,1,0,,20.5,-120.5,20.5,-120.5,20.5,-120.5,INFERRED_LATEST,0.0,0.0,0.0,STABLE,False,False,,UNDER
918,2026-08-03,401857111,Rhyne Howard,PA,UNDER,20.5,-124.0,0,0.553571,0.719115,0.694846,0.85119,0.801808,0.72628,112,1,0,,20.5,-117.5,20.5,-117.5,20.5,-117.5,INFERRED_LATEST,0.0,0.0,0.0,STABLE,False,False,,UNDER
919,2026-08-03,401857111,Rhyne Howard,PRA,UNDER,24.5,-126.0,1,0.557522,0.697717,0.680787,0.852507,0.789416,0.716499,113,1,0,,24.5,-124.67,24.5,-124.67,24.5,-124.67,INFERRED_LATEST,0.0,0.0,0.0,STABLE,False,False,,UNDER
953,2026-08-03,401857111,Rhyne Howard,PTS,UNDER,16.5,-111.0,0,0.526066,0.624315,0.634986,0.842022,0.71653,0.668497,114,1,0,,16.5,-111.0,16.5,-111.0,16.5,-111.0,INFERRED_LATEST,0.0,0.0,0.0,STABLE,False,False,,UNDER
954,2026-08-03,401857111,Rhyne Howard,PR,UNDER,20.5,-120.5,1,0.546485,0.66947,0.660359,0.848828,0.811719,0.70874,115,1,0,,20.5,-120.5,20.5,-120.5,20.5,-120.5,INFERRED_LATEST,0.0,0.0,0.0,STABLE,False,False,,UNDER
957,2026-08-03,401857111,Rhyne Howard,PA,UNDER,20.5,-117.5,0,0.54023,0.650533,0.652708,0.846743,0.64908,0.664736,116,1,0,,20.5,-117.5,20.5,-117.5,20.5,-117.5,INFERRED_LATEST,0.0,0.0,0.0,STABLE,False,False,,UNDER
960,2026-08-03,401857111,Rhyne Howard,PRA,UNDER,24.5,-124.67,1,0.554903,0.669337,0.66265,0.851634,0.751064,0.69706,117,1,0,,24.5,-124.67,24.5,-124.67,24.5,-124.67,INFERRED_LATEST,0.0,0.0,0.0,STABLE,False,False,,UNDER
938,2026-08-03,401857112,Jonquel Jones,AST,OVER,2.5,-152.0,0,0.603175,0.396614,0.452202,0.534392,0.635741,0.527524,118,0,0,,,,,,,,UNAVAILABLE,,,,NO_SNAPSHOT_MATCH,False,False,,
966,2026-08-03,401857112,Natisha Hiedeman,AST,UNDER,5.5,-127.75,0,0.560922,0.532688,0.538444,0.631418,0.513673,0.552617,119,1,0,,5.5,-128.0,5.5,-128.0,5.5,-128.0,INFERRED_LATEST,0.0,0.0,0.0,STABLE,False,False,,UNDER
975,2026-08-03,401857112,Jonquel Jones,AST,OVER,2.5,-154.25,0,0.606686,0.366932,0.427345,0.535562,0.398896,0.462729,120,0,0,,,,,,,,UNAVAILABLE,,,,NO_SNAPSHOT_MATCH,False,False,,
987,2026-08-03,401857112,Awa Fam,REB,OVER,5.5,-127.0,1,0.559471,0.270475,0.342203,0.408713,0.554583,0.429997,121,1,0,,5.5,-113.2,5.5,-113.2,5.5,-113.2,INFERRED_LATEST,0.0,0.0,0.0,STABLE,False,False,,OVER
978,2026-08-03,401857113,Natasha Cloud,PR,UNDER,13.5,-122.0,0,0.54955,0.54089,0.558237,0.683183,0.407934,0.540802,122,1,0,,13.5,-121.0,13.5,-121.0,13.5,-121.0,INFERRED_LATEST,0.0,0.0,0.0,STABLE,False,False,,OVER
