candidate_id,date,player,team,game,stat,side,line,sportsbook,odds,score,reason_key,reason,expected_game_id,actual_to_fill,verified_source_to_fill,notes_to_fill
2026-07-15|kamilla cardoso|seattle storm @ chicago sky|reb|under|8.5||-103.67,2026-07-15,Kamilla Cardoso,,Seattle Storm @ Chicago Sky,REB,UNDER,8.5,,-103.67,64.9,missing_verified_game_log,player-game actual unavailable,2026-07-15|seattle-storm-@-chicago-sky,,,
2026-07-15|azzi fudd|new york liberty @ dallas wings|pa|under|16.5||-116.5,2026-07-15,Azzi Fudd,,New York Liberty @ Dallas Wings,PA,UNDER,16.5,,-116.5,64.5,missing_verified_game_log,player-game actual unavailable,2026-07-15|new-york-liberty-@-dallas-wings,,,
2026-07-15|kamilla cardoso|seattle storm @ chicago sky|ra|under|11.5||-119.5,2026-07-15,Kamilla Cardoso,,Seattle Storm @ Chicago Sky,RA,UNDER,11.5,,-119.5,64.5,missing_verified_game_log,player-game actual unavailable,2026-07-15|seattle-storm-@-chicago-sky,,,
2026-07-15|paige bueckers|new york liberty @ dallas wings|ast|under|6.5||-142.0,2026-07-15,Paige Bueckers,,New York Liberty @ Dallas Wings,AST,UNDER,6.5,,-142.0,56.7,missing_verified_game_log,player-game actual unavailable,2026-07-15|new-york-liberty-@-dallas-wings,,,
2026-07-15|kamilla cardoso|seattle storm @ chicago sky|pra|under|26.5||-121.5,2026-07-15,Kamilla Cardoso,,Seattle Storm @ Chicago Sky,PRA,UNDER,26.5,,-121.5,55.6,missing_verified_game_log,player-game actual unavailable,2026-07-15|seattle-storm-@-chicago-sky,,,
2026-07-15|kamilla cardoso|seattle storm @ chicago sky|pr|under|23.5||-113.5,2026-07-15,Kamilla Cardoso,,Seattle Storm @ Chicago Sky,PR,UNDER,23.5,,-113.5,55.1,missing_verified_game_log,player-game actual unavailable,2026-07-15|seattle-storm-@-chicago-sky,,,
2026-07-16|azzi fudd|new york liberty @ dallas wings|pts|under|14.5||-116.0,2026-07-16,Azzi Fudd,,New York Liberty @ Dallas Wings,PTS,UNDER,14.5,,-116.0,65.5,missing_verified_game_log,player-game actual unavailable,2026-07-16|new-york-liberty-@-dallas-wings,,,
2026-07-16|azzi fudd|new york liberty @ dallas wings|pa|under|16.5||-105.5,2026-07-16,Azzi Fudd,,New York Liberty @ Dallas Wings,PA,UNDER,16.5,,-105.5,64.8,missing_verified_game_log,player-game actual unavailable,2026-07-16|new-york-liberty-@-dallas-wings,,,
2026-07-16|paige bueckers|new york liberty @ dallas wings|ast|under|6.5||-131.33,2026-07-16,Paige Bueckers,,New York Liberty @ Dallas Wings,AST,UNDER,6.5,,-131.33,57.0,missing_verified_game_log,player-game actual unavailable,2026-07-16|new-york-liberty-@-dallas-wings,,,
2026-07-19|janelle salaun|washington mystics @ golden state valkyries|3pm|over|1.5||-184.0,2026-07-19,Janelle Salaun,,Washington Mystics @ Golden State Valkyries,3PM,OVER,1.5,,-184.0,70.1,missing_verified_game_log,player-game actual unavailable,2026-07-19|washington-mystics-@-golden-state-valkyries,,,
2026-07-19|shakira austin|washington mystics @ golden state valkyries|pra|over|25.5||-122.0,2026-07-19,Shakira Austin,,Washington Mystics @ Golden State Valkyries,PRA,OVER,25.5,,-122.0,56.8,missing_verified_game_log,player-game actual unavailable,2026-07-19|washington-mystics-@-golden-state-valkyries,,,
2026-07-19|shakira austin|washington mystics @ golden state valkyries|pr|over|22.5||-130.0,2026-07-19,Shakira Austin,,Washington Mystics @ Golden State Valkyries,PR,OVER,22.5,,-130.0,55.7,missing_verified_game_log,player-game actual unavailable,2026-07-19|washington-mystics-@-golden-state-valkyries,,,
2026-07-19|janelle salaun|washington mystics @ golden state valkyries|3pm|over|1.5||-177.0,2026-07-19,Janelle Salaun,,Washington Mystics @ Golden State Valkyries,3PM,OVER,1.5,,-177.0,70.2,missing_verified_game_log,player-game actual unavailable,2026-07-19|washington-mystics-@-golden-state-valkyries,,,
2026-07-19|shakira austin|washington mystics @ golden state valkyries|pra|over|25.5||-128.0,2026-07-19,Shakira Austin,,Washington Mystics @ Golden State Valkyries,PRA,OVER,25.5,,-128.0,56.6,missing_verified_game_log,player-game actual unavailable,2026-07-19|washington-mystics-@-golden-state-valkyries,,,
2026-07-21|kayla mcbride|minnesota lynx @ seattle storm|ast|under|2.5||-186.0,2026-07-21,Kayla McBride,,Minnesota Lynx @ Seattle Storm,AST,UNDER,2.5,,-186.0,77.3,missing_verified_game_log,player-game actual unavailable,2026-07-21|minnesota-lynx-@-seattle-storm,,,
2026-07-21|natisha hiedeman|minnesota lynx @ seattle storm|3pm|under|2.5||-197.0,2026-07-21,Natisha Hiedeman,,Minnesota Lynx @ Seattle Storm,3PM,UNDER,2.5,,-197.0,71.2,missing_verified_game_log,player-game actual unavailable,2026-07-21|minnesota-lynx-@-seattle-storm,,,
2026-07-21|natasha howard|minnesota lynx @ seattle storm|ast|over|2.5||-168.75,2026-07-21,Natasha Howard,,Minnesota Lynx @ Seattle Storm,AST,OVER,2.5,,-168.75,64.8,missing_verified_game_log,player-game actual unavailable,2026-07-21|minnesota-lynx-@-seattle-storm,,,
2026-07-21|courtney williams|minnesota lynx @ seattle storm|3pm|under|1.5||-201.5,2026-07-21,Courtney Williams,,Minnesota Lynx @ Seattle Storm,3PM,UNDER,1.5,,-201.5,63.3,missing_verified_game_log,player-game actual unavailable,2026-07-21|minnesota-lynx-@-seattle-storm,,,
2026-07-21|natasha howard|minnesota lynx @ seattle storm|pr|under|23.5||-121.5,2026-07-21,Natasha Howard,,Minnesota Lynx @ Seattle Storm,PR,UNDER,23.5,,-121.5,60.8,missing_verified_game_log,player-game actual unavailable,2026-07-21|minnesota-lynx-@-seattle-storm,,,
2026-07-21|kayla mcbride|minnesota lynx @ seattle storm|reb|under|3.5||-179.5,2026-07-21,Kayla McBride,,Minnesota Lynx @ Seattle Storm,REB,UNDER,3.5,,-179.5,60.7,missing_verified_game_log,player-game actual unavailable,2026-07-21|minnesota-lynx-@-seattle-storm,,,
2026-07-21|natasha howard|minnesota lynx @ seattle storm|pra|under|26.5||-118.33,2026-07-21,Natasha Howard,,Minnesota Lynx @ Seattle Storm,PRA,UNDER,26.5,,-118.33,60.3,missing_verified_game_log,player-game actual unavailable,2026-07-21|minnesota-lynx-@-seattle-storm,,,
2026-07-21|natisha hiedeman|minnesota lynx @ seattle storm|3pm|under|1.5||144.0,2026-07-21,Natisha Hiedeman,,Minnesota Lynx @ Seattle Storm,3PM,UNDER,1.5,,144.0,59.2,missing_verified_game_log,player-game actual unavailable,2026-07-21|minnesota-lynx-@-seattle-storm,,,
2026-07-21|natisha hiedeman|minnesota lynx @ seattle storm|pr|under|17.5||-127.5,2026-07-21,Natisha Hiedeman,,Minnesota Lynx @ Seattle Storm,PR,UNDER,17.5,,-127.5,58.2,missing_verified_game_log,player-game actual unavailable,2026-07-21|minnesota-lynx-@-seattle-storm,,,
2026-07-21|courtney williams|minnesota lynx @ seattle storm|reb|under|4.5||-107.0,2026-07-21,Courtney Williams,,Minnesota Lynx @ Seattle Storm,REB,UNDER,4.5,,-107.0,54.1,missing_verified_game_log,player-game actual unavailable,2026-07-21|minnesota-lynx-@-seattle-storm,,,
2026-07-22|megan gustafson|dallas wings @ portland fire|reb|under|4.5||-151.5,2026-07-22,Megan Gustafson,,Dallas Wings @ Portland Fire,REB,UNDER,4.5,,-151.5,59.4,missing_verified_game_log,player-game actual unavailable,2026-07-22|dallas-wings-@-portland-fire,,,
2026-07-26|nalyssa smith|portland fire @ las vegas aces|reb|under|5.5||-125.0,2026-07-26,NaLyssa Smith,,Portland Fire @ Las Vegas Aces,REB,UNDER,5.5,,-125.0,62.9,missing_verified_game_log,player-game actual unavailable,2026-07-26|portland-fire-@-las-vegas-aces,,,
2026-07-27|nalyssa smith|portland fire @ las vegas aces|reb|under|5.5||-127.5,2026-07-27,NaLyssa Smith,,Portland Fire @ Las Vegas Aces,REB,UNDER,5.5,,-127.5,62.8,missing_verified_game_log,player-game actual unavailable,2026-07-27|portland-fire-@-las-vegas-aces,,,
2026-07-28|nalyssa smith|portland fire @ las vegas aces|reb|under|5.5||-133.0,2026-07-28,NaLyssa Smith,,Portland Fire @ Las Vegas Aces,REB,UNDER,5.5,,-133.0,62.7,missing_verified_game_log,player-game actual unavailable,2026-07-28|portland-fire-@-las-vegas-aces,,,
2026-07-29|courtney williams|minnesota lynx @ toronto tempo|ast|over|3.5||-163.0,2026-07-29,Courtney Williams,,Minnesota Lynx @ Toronto Tempo,AST,OVER,3.5,,-163.0,67.8,missing_verified_game_log,player-game actual unavailable,2026-07-29|minnesota-lynx-@-toronto-tempo,,,
2026-07-29|courtney williams|minnesota lynx @ toronto tempo|pr|under|15.5||-110.0,2026-07-29,Courtney Williams,,Minnesota Lynx @ Toronto Tempo,PR,UNDER,15.5,,-110.0,52.2,missing_verified_game_log,player-game actual unavailable,2026-07-29|minnesota-lynx-@-toronto-tempo,,,
2026-08-01|kelsey mitchell|indiana fever @ minnesota lynx|ast|under|2.5||-133.0,2026-08-01,Kelsey Mitchell,,Indiana Fever @ Minnesota Lynx,AST,UNDER,2.5,,-133.0,62.9,missing_verified_game_log,player-game actual unavailable,2026-08-01|indiana-fever-@-minnesota-lynx,,,
2026-08-01|aliyah boston|indiana fever @ minnesota lynx|pr|under|25.5||-118.0,2026-08-01,Aliyah Boston,,Indiana Fever @ Minnesota Lynx,PR,UNDER,25.5,,-118.0,60.9,missing_verified_game_log,player-game actual unavailable,2026-08-01|indiana-fever-@-minnesota-lynx,,,
2026-08-01|aliyah boston|indiana fever @ minnesota lynx|pr|under|24.5||-110.0,2026-08-01,Aliyah Boston,,Indiana Fever @ Minnesota Lynx,PR,UNDER,24.5,,-110.0,60.1,missing_verified_game_log,player-game actual unavailable,2026-08-01|indiana-fever-@-minnesota-lynx,,,
2026-08-01|paige bueckers|connecticut sun @ dallas wings|pra|under|30.5||-113.0,2026-08-01,Paige Bueckers,,Connecticut Sun @ Dallas Wings,PRA,UNDER,30.5,,-113.0,58.1,missing_verified_game_log,player-game actual unavailable,2026-08-01|connecticut-sun-@-dallas-wings,,,
2026-08-01|paige bueckers|connecticut sun @ dallas wings|pa|under|26.5||-121.0,2026-08-01,Paige Bueckers,,Connecticut Sun @ Dallas Wings,PA,UNDER,26.5,,-121.0,58.1,missing_verified_game_log,player-game actual unavailable,2026-08-01|connecticut-sun-@-dallas-wings,,,
2026-08-01|caitlin clark|indiana fever @ minnesota lynx|reb|over|3.5||-157.0,2026-08-01,Caitlin Clark,,Indiana Fever @ Minnesota Lynx,REB,OVER,3.5,,-157.0,58.0,missing_verified_game_log,player-game actual unavailable,2026-08-01|indiana-fever-@-minnesota-lynx,,,
2026-08-01|aliyah boston|indiana fever @ minnesota lynx|pts|under|16.5||-123.33,2026-08-01,Aliyah Boston,,Indiana Fever @ Minnesota Lynx,PTS,UNDER,16.5,,-123.33,56.7,missing_verified_game_log,player-game actual unavailable,2026-08-01|indiana-fever-@-minnesota-lynx,,,
2026-08-02|flau'jae johnson|seattle storm @ new york liberty|3pm|under|1.5||-200.5,2026-08-02,Flau'jae Johnson,,Seattle Storm @ New York Liberty,3PM,UNDER,1.5,,-200.5,66.7,missing_verified_game_log,actual stat unavailable,2026-08-02|seattle-storm-@-new-york-liberty,,,
2026-08-02|megan gustafson|los angeles sparks @ portland fire|reb|under|4.5||-150.5,2026-08-02,Megan Gustafson,,Los Angeles Sparks @ Portland Fire,REB,UNDER,4.5,,-150.5,59.5,missing_verified_game_log,player-game actual unavailable,2026-08-02|los-angeles-sparks-@-portland-fire,,,
2026-08-02|jonquel jones|seattle storm @ new york liberty|3pm|under|1.5||-4.0,2026-08-02,Jonquel Jones,,Seattle Storm @ New York Liberty,3PM,UNDER,1.5,,-4.0,59.1,missing_verified_game_log,actual stat unavailable,2026-08-02|seattle-storm-@-new-york-liberty,,,
2026-08-04|rae burrell|los angeles sparks @ chicago sky|ra|over|4.5||-122.0,2026-08-04,Rae Burrell,,Los Angeles Sparks @ Chicago Sky,RA,OVER,4.5,,-122.0,75.0,missing_verified_game_log,player-game actual unavailable,2026-08-04|los-angeles-sparks-@-chicago-sky,,,
2026-08-04|arike ogunbowale|dallas wings @ washington mystics|pa|over|17.5||-131.0,2026-08-04,Arike Ogunbowale,,Dallas Wings @ Washington Mystics,PA,OVER,17.5,,-131.0,68.1,missing_verified_game_log,player-game actual unavailable,2026-08-04|dallas-wings-@-washington-mystics,,,
2026-08-04|arike ogunbowale|dallas wings @ washington mystics|pra|over|20.5||-132.0,2026-08-04,Arike Ogunbowale,,Dallas Wings @ Washington Mystics,PRA,OVER,20.5,,-132.0,67.7,missing_verified_game_log,player-game actual unavailable,2026-08-04|dallas-wings-@-washington-mystics,,,
2026-08-04|erica wheeler|los angeles sparks @ chicago sky|reb|under|2.5||-173.0,2026-08-04,Erica Wheeler,,Los Angeles Sparks @ Chicago Sky,REB,UNDER,2.5,,-173.0,62.0,missing_verified_game_log,player-game actual unavailable,2026-08-04|los-angeles-sparks-@-chicago-sky,,,
2026-08-04|laura juskaite|toronto tempo @ golden state valkyries|reb|over|3.5||-167.0,2026-08-04,Laura Juskaite,,Toronto Tempo @ Golden State Valkyries,REB,OVER,3.5,,-167.0,60.9,missing_verified_game_log,player-game actual unavailable,2026-08-04|toronto-tempo-@-golden-state-valkyries,,,
2026-08-04|michaela onyenwere|dallas wings @ washington mystics|ast|over|1.5||-188.0,2026-08-04,Michaela Onyenwere,,Dallas Wings @ Washington Mystics,AST,OVER,1.5,,-188.0,60.0,missing_verified_game_log,player-game actual unavailable,2026-08-04|dallas-wings-@-washington-mystics,,,
2026-08-04|paige bueckers|dallas wings @ washington mystics|pa|under|25.5||-106.5,2026-08-04,Paige Bueckers,,Dallas Wings @ Washington Mystics,PA,UNDER,25.5,,-106.5,59.8,missing_verified_game_log,player-game actual unavailable,2026-08-04|dallas-wings-@-washington-mystics,,,
2026-08-04|aliyah boston|las vegas aces @ indiana fever|pr|under|24.5||-118.0,2026-08-04,Aliyah Boston,,Las Vegas Aces @ Indiana Fever,PR,UNDER,24.5,,-118.0,58.2,missing_verified_game_log,player-game actual unavailable,2026-08-04|las-vegas-aces-@-indiana-fever,,,
2026-08-04|allisha gray|phoenix mercury @ atlanta dream|3pm|under|1.5||52.75,2026-08-04,Allisha Gray,,Phoenix Mercury @ Atlanta Dream,3PM,UNDER,1.5,,52.75,57.3,missing_verified_game_log,actual stat unavailable,2026-08-04|phoenix-mercury-@-atlanta-dream,,,
2026-08-04|aliyah boston|las vegas aces @ indiana fever|pts|under|15.5||-110.0,2026-08-04,Aliyah Boston,,Las Vegas Aces @ Indiana Fever,PTS,UNDER,15.5,,-110.0,56.4,missing_verified_game_log,player-game actual unavailable,2026-08-04|las-vegas-aces-@-indiana-fever,,,
