game_date,game_id,player,player_team,opponent_team,home_team,away_team,home_away,position,stat,target_actual
2026-07-12,401857060,Julie Allemand,Toronto Tempo,New York Liberty,Toronto Tempo,New York Liberty,HOME,G,PR,5.0
2026-07-12,401857060,Julie Allemand,Toronto Tempo,New York Liberty,Toronto Tempo,New York Liberty,HOME,G,PRA,11.0
2026-07-12,401857060,Maria Conde,Toronto Tempo,New York Liberty,Toronto Tempo,New York Liberty,HOME,F,PR,12.0
2026-07-12,401857060,Pauline Astier,New York Liberty,Toronto Tempo,Toronto Tempo,New York Liberty,AWAY,G,PR,6.0
2026-07-12,401857060,Pauline Astier,New York Liberty,Toronto Tempo,Toronto Tempo,New York Liberty,AWAY,G,PTS,4.0
2026-07-12,401857060,Pauline Astier,New York Liberty,Toronto Tempo,Toronto Tempo,New York Liberty,AWAY,G,REB,2.0
2026-07-12,401857060,Sabrina Ionescu,New York Liberty,Toronto Tempo,Toronto Tempo,New York Liberty,AWAY,G,AST,5.0
2026-07-12,401857061,Awa Fam,Seattle Storm,Washington Mystics,Washington Mystics,Seattle Storm,AWAY,C,PR,5.0
2026-07-12,401857061,Awa Fam,Seattle Storm,Washington Mystics,Washington Mystics,Seattle Storm,AWAY,C,REB,5.0
2026-07-12,401857061,Dominique Malonga,Seattle Storm,Washington Mystics,Washington Mystics,Seattle Storm,AWAY,C,PA,5.0
2026-07-12,401857061,Dominique Malonga,Seattle Storm,Washington Mystics,Washington Mystics,Seattle Storm,AWAY,C,PR,12.0
2026-07-12,401857061,Dominique Malonga,Seattle Storm,Washington Mystics,Washington Mystics,Seattle Storm,AWAY,C,PRA,13.0
2026-07-12,401857061,Dominique Malonga,Seattle Storm,Washington Mystics,Washington Mystics,Seattle Storm,AWAY,C,PTS,4.0
2026-07-12,401857061,Kiki Iriafen,Washington Mystics,Seattle Storm,Washington Mystics,Seattle Storm,HOME,F,REB,10.0
2026-07-12,401857061,Michaela Onyenwere,Washington Mystics,Seattle Storm,Washington Mystics,Seattle Storm,HOME,F,3PM,0.0
2026-07-12,401857061,Michaela Onyenwere,Washington Mystics,Seattle Storm,Washington Mystics,Seattle Storm,HOME,F,PR,0.0
2026-07-12,401857061,Michaela Onyenwere,Washington Mystics,Seattle Storm,Washington Mystics,Seattle Storm,HOME,F,PTS,0.0
2026-07-12,401857061,Michaela Onyenwere,Washington Mystics,Seattle Storm,Washington Mystics,Seattle Storm,HOME,F,REB,0.0
2026-07-12,401857061,Natisha Hiedeman,Seattle Storm,Washington Mystics,Washington Mystics,Seattle Storm,AWAY,G,AST,3.0
2026-07-12,401857061,Natisha Hiedeman,Seattle Storm,Washington Mystics,Washington Mystics,Seattle Storm,AWAY,G,PA,21.0
2026-07-12,401857061,Natisha Hiedeman,Seattle Storm,Washington Mystics,Washington Mystics,Seattle Storm,AWAY,G,PR,20.0
2026-07-12,401857061,Natisha Hiedeman,Seattle Storm,Washington Mystics,Washington Mystics,Seattle Storm,AWAY,G,PRA,23.0
2026-07-12,401857061,Natisha Hiedeman,Seattle Storm,Washington Mystics,Washington Mystics,Seattle Storm,AWAY,G,PTS,18.0
2026-07-12,401857062,Arike Ogunbowale,Dallas Wings,Chicago Sky,Dallas Wings,Chicago Sky,HOME,G,3PM,2.0
2026-07-12,401857062,Azura Stevens,Chicago Sky,Dallas Wings,Dallas Wings,Chicago Sky,AWAY,F,PA,2.0
2026-07-12,401857062,Azura Stevens,Chicago Sky,Dallas Wings,Dallas Wings,Chicago Sky,AWAY,F,PR,4.0
2026-07-12,401857062,Azura Stevens,Chicago Sky,Dallas Wings,Dallas Wings,Chicago Sky,AWAY,F,PRA,4.0
2026-07-12,401857062,Azura Stevens,Chicago Sky,Dallas Wings,Dallas Wings,Chicago Sky,AWAY,F,PRA,4.0
2026-07-12,401857062,Azura Stevens,Chicago Sky,Dallas Wings,Dallas Wings,Chicago Sky,AWAY,F,PTS,2.0
2026-07-12,401857062,Azzi Fudd,Dallas Wings,Chicago Sky,Dallas Wings,Chicago Sky,HOME,G,PRA,0.0
2026-07-12,401857062,Azzi Fudd,Dallas Wings,Chicago Sky,Dallas Wings,Chicago Sky,HOME,G,PTS,0.0
2026-07-12,401857062,Courtney Vandersloot,Chicago Sky,Dallas Wings,Dallas Wings,Chicago Sky,AWAY,G,PA,5.0
2026-07-12,401857062,Courtney Vandersloot,Chicago Sky,Dallas Wings,Dallas Wings,Chicago Sky,AWAY,G,PTS,4.0
2026-07-12,401857062,Kamilla Cardoso,Chicago Sky,Dallas Wings,Dallas Wings,Chicago Sky,AWAY,C,PA,6.0
2026-07-12,401857062,Kamilla Cardoso,Chicago Sky,Dallas Wings,Dallas Wings,Chicago Sky,AWAY,C,PR,9.0
2026-07-12,401857062,Kamilla Cardoso,Chicago Sky,Dallas Wings,Dallas Wings,Chicago Sky,AWAY,C,PRA,9.0
2026-07-12,401857062,Kamilla Cardoso,Chicago Sky,Dallas Wings,Dallas Wings,Chicago Sky,AWAY,C,PTS,6.0
2026-07-12,401857062,Kamilla Cardoso,Chicago Sky,Dallas Wings,Dallas Wings,Chicago Sky,AWAY,C,RA,3.0
2026-07-12,401857062,Kamilla Cardoso,Chicago Sky,Dallas Wings,Dallas Wings,Chicago Sky,AWAY,C,REB,3.0
2026-07-12,401857062,Natasha Cloud,Chicago Sky,Dallas Wings,Dallas Wings,Chicago Sky,AWAY,G,AST,1.0
2026-07-12,401857062,Natasha Cloud,Chicago Sky,Dallas Wings,Dallas Wings,Chicago Sky,AWAY,G,PTS,0.0
2026-07-12,401857062,Sydney Taylor,Chicago Sky,Dallas Wings,Dallas Wings,Chicago Sky,AWAY,G,3PM,2.0
2026-07-12,401857063,A'ja Wilson,Las Vegas Aces,Indiana Fever,Las Vegas Aces,Indiana Fever,HOME,C,3PM,0.0
2026-07-12,401857063,A'ja Wilson,Las Vegas Aces,Indiana Fever,Las Vegas Aces,Indiana Fever,HOME,C,AST,2.0
2026-07-12,401857063,A'ja Wilson,Las Vegas Aces,Indiana Fever,Las Vegas Aces,Indiana Fever,HOME,C,PR,32.0
2026-07-12,401857063,A'ja Wilson,Las Vegas Aces,Indiana Fever,Las Vegas Aces,Indiana Fever,HOME,C,PRA,34.0
2026-07-12,401857063,A'ja Wilson,Las Vegas Aces,Indiana Fever,Las Vegas Aces,Indiana Fever,HOME,C,RA,14.0
2026-07-12,401857063,A'ja Wilson,Las Vegas Aces,Indiana Fever,Las Vegas Aces,Indiana Fever,HOME,C,REB,12.0
2026-07-12,401857063,Aliyah Boston,Indiana Fever,Las Vegas Aces,Las Vegas Aces,Indiana Fever,AWAY,C,PTS,19.0
2026-07-12,401857063,Aliyah Boston,Indiana Fever,Las Vegas Aces,Las Vegas Aces,Indiana Fever,AWAY,C,RA,15.0
2026-07-12,401857063,Aliyah Boston,Indiana Fever,Las Vegas Aces,Las Vegas Aces,Indiana Fever,AWAY,C,RA,15.0
2026-07-12,401857063,Jackie Young,Las Vegas Aces,Indiana Fever,Las Vegas Aces,Indiana Fever,HOME,G,REB,1.0
2026-07-12,401857063,Jewell Loyd,Las Vegas Aces,Indiana Fever,Las Vegas Aces,Indiana Fever,HOME,G,3PM,0.0
2026-07-12,401857063,Jewell Loyd,Las Vegas Aces,Indiana Fever,Las Vegas Aces,Indiana Fever,HOME,G,3PM,0.0
2026-07-12,401857063,Kelsey Mitchell,Indiana Fever,Las Vegas Aces,Las Vegas Aces,Indiana Fever,AWAY,G,3PM,3.0
2026-07-12,401857063,Kelsey Mitchell,Indiana Fever,Las Vegas Aces,Las Vegas Aces,Indiana Fever,AWAY,G,AST,3.0
2026-07-12,401857063,Kelsey Mitchell,Indiana Fever,Las Vegas Aces,Las Vegas Aces,Indiana Fever,AWAY,G,PA,30.0
2026-07-12,401857063,Kelsey Mitchell,Indiana Fever,Las Vegas Aces,Las Vegas Aces,Indiana Fever,AWAY,G,PR,30.0
2026-07-12,401857063,Kelsey Mitchell,Indiana Fever,Las Vegas Aces,Las Vegas Aces,Indiana Fever,AWAY,G,PRA,33.0
2026-07-12,401857063,Kelsey Mitchell,Indiana Fever,Las Vegas Aces,Las Vegas Aces,Indiana Fever,AWAY,G,PTS,27.0
2026-07-12,401857063,Kelsey Mitchell,Indiana Fever,Las Vegas Aces,Las Vegas Aces,Indiana Fever,AWAY,G,PTS,27.0
2026-07-12,401857063,NaLyssa Smith,Las Vegas Aces,Indiana Fever,Las Vegas Aces,Indiana Fever,HOME,F,PR,14.0
2026-07-12,401857063,Sophie Cunningham,Indiana Fever,Las Vegas Aces,Las Vegas Aces,Indiana Fever,AWAY,G,REB,0.0
2026-07-13,401857064,Allisha Gray,Atlanta Dream,Los Angeles Sparks,Atlanta Dream,Los Angeles Sparks,HOME,G,3PM,3.0
2026-07-13,401857064,Allisha Gray,Atlanta Dream,Los Angeles Sparks,Atlanta Dream,Los Angeles Sparks,HOME,G,3PM,3.0
2026-07-13,401857064,Allisha Gray,Atlanta Dream,Los Angeles Sparks,Atlanta Dream,Los Angeles Sparks,HOME,G,PR,21.0
2026-07-13,401857064,Ariel Atkins,Los Angeles Sparks,Atlanta Dream,Atlanta Dream,Los Angeles Sparks,AWAY,G,REB,3.0
2026-07-13,401857064,Ariel Atkins,Los Angeles Sparks,Atlanta Dream,Atlanta Dream,Los Angeles Sparks,AWAY,G,REB,3.0
2026-07-13,401857064,Ariel Atkins,Los Angeles Sparks,Atlanta Dream,Atlanta Dream,Los Angeles Sparks,AWAY,G,REB,3.0
2026-07-13,401857064,Dearica Hamby,Los Angeles Sparks,Atlanta Dream,Atlanta Dream,Los Angeles Sparks,AWAY,F,AST,2.0
2026-07-13,401857064,Dearica Hamby,Los Angeles Sparks,Atlanta Dream,Atlanta Dream,Los Angeles Sparks,AWAY,F,PTS,12.0
2026-07-13,401857064,Dearica Hamby,Los Angeles Sparks,Atlanta Dream,Atlanta Dream,Los Angeles Sparks,AWAY,F,PTS,12.0
2026-07-13,401857064,Jordin Canada,Atlanta Dream,Los Angeles Sparks,Atlanta Dream,Los Angeles Sparks,HOME,G,REB,3.0
2026-07-13,401857064,Naz Hillmon,Atlanta Dream,Los Angeles Sparks,Atlanta Dream,Los Angeles Sparks,HOME,F,3PM,1.0
2026-07-13,401857064,Naz Hillmon,Atlanta Dream,Los Angeles Sparks,Atlanta Dream,Los Angeles Sparks,HOME,F,3PM,1.0
2026-07-13,401857064,Nneka Ogwumike,Los Angeles Sparks,Atlanta Dream,Atlanta Dream,Los Angeles Sparks,AWAY,F,AST,5.0
2026-07-13,401857064,Nneka Ogwumike,Los Angeles Sparks,Atlanta Dream,Atlanta Dream,Los Angeles Sparks,AWAY,F,AST,5.0
2026-07-13,401857064,Nneka Ogwumike,Los Angeles Sparks,Atlanta Dream,Atlanta Dream,Los Angeles Sparks,AWAY,F,PA,24.0
2026-07-13,401857064,Nneka Ogwumike,Los Angeles Sparks,Atlanta Dream,Atlanta Dream,Los Angeles Sparks,AWAY,F,PA,24.0
2026-07-13,401857064,Nneka Ogwumike,Los Angeles Sparks,Atlanta Dream,Atlanta Dream,Los Angeles Sparks,AWAY,F,PRA,29.0
2026-07-13,401857064,Nneka Ogwumike,Los Angeles Sparks,Atlanta Dream,Atlanta Dream,Los Angeles Sparks,AWAY,F,PTS,19.0
2026-07-13,401857064,Nneka Ogwumike,Los Angeles Sparks,Atlanta Dream,Atlanta Dream,Los Angeles Sparks,AWAY,F,PTS,19.0
2026-07-13,401857064,Rhyne Howard,Atlanta Dream,Los Angeles Sparks,Atlanta Dream,Los Angeles Sparks,HOME,G,PA,14.0
2026-07-13,401857064,Rhyne Howard,Atlanta Dream,Los Angeles Sparks,Atlanta Dream,Los Angeles Sparks,HOME,G,PA,14.0
2026-07-13,401857064,Rhyne Howard,Atlanta Dream,Los Angeles Sparks,Atlanta Dream,Los Angeles Sparks,HOME,G,PR,16.0
2026-07-13,401857064,Rhyne Howard,Atlanta Dream,Los Angeles Sparks,Atlanta Dream,Los Angeles Sparks,HOME,G,PR,16.0
2026-07-13,401857064,Rhyne Howard,Atlanta Dream,Los Angeles Sparks,Atlanta Dream,Los Angeles Sparks,HOME,G,PRA,19.0
2026-07-13,401857064,Rhyne Howard,Atlanta Dream,Los Angeles Sparks,Atlanta Dream,Los Angeles Sparks,HOME,G,PRA,19.0
2026-07-13,401857064,Rhyne Howard,Atlanta Dream,Los Angeles Sparks,Atlanta Dream,Los Angeles Sparks,HOME,G,PTS,11.0
2026-07-13,401857064,Rhyne Howard,Atlanta Dream,Los Angeles Sparks,Atlanta Dream,Los Angeles Sparks,HOME,G,PTS,11.0
2026-07-13,401857064,Rhyne Howard,Atlanta Dream,Los Angeles Sparks,Atlanta Dream,Los Angeles Sparks,HOME,G,PTS,11.0
2026-07-13,401857064,Rhyne Howard,Atlanta Dream,Los Angeles Sparks,Atlanta Dream,Los Angeles Sparks,HOME,G,RA,8.0
2026-07-13,401857065,Alyssa Thomas,Phoenix Mercury,Minnesota Lynx,Minnesota Lynx,Phoenix Mercury,AWAY,F,AST,12.0
2026-07-13,401857065,Alyssa Thomas,Phoenix Mercury,Minnesota Lynx,Minnesota Lynx,Phoenix Mercury,AWAY,F,RA,20.0
2026-07-13,401857065,Alyssa Thomas,Phoenix Mercury,Minnesota Lynx,Minnesota Lynx,Phoenix Mercury,AWAY,F,RA,20.0
2026-07-13,401857065,Alyssa Thomas,Phoenix Mercury,Minnesota Lynx,Minnesota Lynx,Phoenix Mercury,AWAY,F,REB,8.0
2026-07-13,401857065,Courtney Williams,Minnesota Lynx,Phoenix Mercury,Minnesota Lynx,Phoenix Mercury,HOME,G,RA,10.0
2026-07-13,401857065,Courtney Williams,Minnesota Lynx,Phoenix Mercury,Minnesota Lynx,Phoenix Mercury,HOME,G,RA,10.0
2026-07-13,401857065,Courtney Williams,Minnesota Lynx,Phoenix Mercury,Minnesota Lynx,Phoenix Mercury,HOME,G,RA,10.0
2026-07-13,401857065,Kahleah Copper,Phoenix Mercury,Minnesota Lynx,Minnesota Lynx,Phoenix Mercury,AWAY,G,REB,3.0
2026-07-13,401857065,Kahleah Copper,Phoenix Mercury,Minnesota Lynx,Minnesota Lynx,Phoenix Mercury,AWAY,G,REB,3.0
2026-07-13,401857065,Kayla McBride,Minnesota Lynx,Phoenix Mercury,Minnesota Lynx,Phoenix Mercury,HOME,G,PA,38.0
2026-07-13,401857065,Kayla McBride,Minnesota Lynx,Phoenix Mercury,Minnesota Lynx,Phoenix Mercury,HOME,G,PA,38.0
2026-07-13,401857065,Kayla McBride,Minnesota Lynx,Phoenix Mercury,Minnesota Lynx,Phoenix Mercury,HOME,G,PR,43.0
2026-07-13,401857065,Kayla McBride,Minnesota Lynx,Phoenix Mercury,Minnesota Lynx,Phoenix Mercury,HOME,G,PR,43.0
2026-07-13,401857065,Kayla McBride,Minnesota Lynx,Phoenix Mercury,Minnesota Lynx,Phoenix Mercury,HOME,G,PRA,44.0
2026-07-13,401857065,Kayla McBride,Minnesota Lynx,Phoenix Mercury,Minnesota Lynx,Phoenix Mercury,HOME,G,PRA,44.0
2026-07-13,401857065,Kayla McBride,Minnesota Lynx,Phoenix Mercury,Minnesota Lynx,Phoenix Mercury,HOME,G,PTS,37.0
2026-07-13,401857065,Kayla McBride,Minnesota Lynx,Phoenix Mercury,Minnesota Lynx,Phoenix Mercury,HOME,G,PTS,37.0
2026-07-13,401857065,Natasha Howard,Minnesota Lynx,Phoenix Mercury,Minnesota Lynx,Phoenix Mercury,HOME,F,AST,7.0
2026-07-13,401857065,Nia Coffey,Minnesota Lynx,Phoenix Mercury,Minnesota Lynx,Phoenix Mercury,HOME,F,3PM,1.0
2026-07-13,401857065,Nia Coffey,Minnesota Lynx,Phoenix Mercury,Minnesota Lynx,Phoenix Mercury,HOME,F,3PM,1.0
2026-07-13,401857065,Nia Coffey,Minnesota Lynx,Phoenix Mercury,Minnesota Lynx,Phoenix Mercury,HOME,F,PA,5.0
2026-07-13,401857065,Nia Coffey,Minnesota Lynx,Phoenix Mercury,Minnesota Lynx,Phoenix Mercury,HOME,F,PA,5.0
2026-07-13,401857065,Nia Coffey,Minnesota Lynx,Phoenix Mercury,Minnesota Lynx,Phoenix Mercury,HOME,F,PR,8.0
2026-07-13,401857065,Nia Coffey,Minnesota Lynx,Phoenix Mercury,Minnesota Lynx,Phoenix Mercury,HOME,F,PR,8.0
2026-07-13,401857065,Nia Coffey,Minnesota Lynx,Phoenix Mercury,Minnesota Lynx,Phoenix Mercury,HOME,F,PR,8.0
2026-07-13,401857065,Nia Coffey,Minnesota Lynx,Phoenix Mercury,Minnesota Lynx,Phoenix Mercury,HOME,F,PRA,8.0
2026-07-13,401857065,Nia Coffey,Minnesota Lynx,Phoenix Mercury,Minnesota Lynx,Phoenix Mercury,HOME,F,PRA,8.0
2026-07-13,401857065,Nia Coffey,Minnesota Lynx,Phoenix Mercury,Minnesota Lynx,Phoenix Mercury,HOME,F,PTS,5.0
2026-07-13,401857065,Nia Coffey,Minnesota Lynx,Phoenix Mercury,Minnesota Lynx,Phoenix Mercury,HOME,F,PTS,5.0
2026-07-13,401857065,Nia Coffey,Minnesota Lynx,Phoenix Mercury,Minnesota Lynx,Phoenix Mercury,HOME,F,REB,3.0
2026-07-13,401857065,Nia Coffey,Minnesota Lynx,Phoenix Mercury,Minnesota Lynx,Phoenix Mercury,HOME,F,REB,3.0
2026-07-13,401857065,Valeriane Ayayi,Phoenix Mercury,Minnesota Lynx,Minnesota Lynx,Phoenix Mercury,AWAY,F,PTS,4.0
2026-07-14,401857066,Aaliyah Edwards,Connecticut Sun,Portland Fire,Connecticut Sun,Portland Fire,HOME,F,PR,29.0
2026-07-14,401857066,Bridget Carleton,Portland Fire,Connecticut Sun,Connecticut Sun,Portland Fire,AWAY,F,3PM,2.0
2026-07-14,401857066,Bridget Carleton,Portland Fire,Connecticut Sun,Connecticut Sun,Portland Fire,AWAY,F,PA,15.0
2026-07-14,401857066,Bridget Carleton,Portland Fire,Connecticut Sun,Connecticut Sun,Portland Fire,AWAY,F,PR,15.0
2026-07-14,401857066,Bridget Carleton,Portland Fire,Connecticut Sun,Connecticut Sun,Portland Fire,AWAY,F,PRA,18.0
2026-07-14,401857066,Bridget Carleton,Portland Fire,Connecticut Sun,Connecticut Sun,Portland Fire,AWAY,F,PTS,12.0
2026-07-14,401857066,Bridget Carleton,Portland Fire,Connecticut Sun,Connecticut Sun,Portland Fire,AWAY,F,PTS,12.0
2026-07-14,401857066,Brittney Griner,Connecticut Sun,Portland Fire,Connecticut Sun,Portland Fire,HOME,C,AST,6.0
2026-07-14,401857066,Brittney Griner,Connecticut Sun,Portland Fire,Connecticut Sun,Portland Fire,HOME,C,AST,6.0
2026-07-14,401857066,Carla Leite,Portland Fire,Connecticut Sun,Connecticut Sun,Portland Fire,AWAY,G,REB,1.0
2026-07-14,401857066,Carla Leite,Portland Fire,Connecticut Sun,Connecticut Sun,Portland Fire,AWAY,G,REB,1.0
2026-07-14,401857066,Carla Leite,Portland Fire,Connecticut Sun,Connecticut Sun,Portland Fire,AWAY,G,REB,1.0
2026-07-14,401857066,Charlisse Leger-Walker,Connecticut Sun,Portland Fire,Connecticut Sun,Portland Fire,HOME,G,AST,7.0
2026-07-14,401857066,Charlisse Leger-Walker,Connecticut Sun,Portland Fire,Connecticut Sun,Portland Fire,HOME,G,PA,11.0
2026-07-14,401857066,Emily Engstler,Portland Fire,Connecticut Sun,Connecticut Sun,Portland Fire,AWAY,F,3PM,1.0
2026-07-14,401857066,Emily Engstler,Portland Fire,Connecticut Sun,Connecticut Sun,Portland Fire,AWAY,F,REB,6.0
2026-07-14,401857066,Emily Engstler,Portland Fire,Connecticut Sun,Connecticut Sun,Portland Fire,AWAY,F,REB,6.0
2026-07-14,401857066,Olivia Nelson-Ododa,Connecticut Sun,Portland Fire,Connecticut Sun,Portland Fire,HOME,C,PR,22.0
2026-07-14,401857066,Olivia Nelson-Ododa,Connecticut Sun,Portland Fire,Connecticut Sun,Portland Fire,HOME,C,REB,6.0
2026-07-14,401857066,Sarah Ashlee Barker,Portland Fire,Connecticut Sun,Connecticut Sun,Portland Fire,AWAY,G,3PM,0.0
2026-07-14,401857066,Sarah Ashlee Barker,Portland Fire,Connecticut Sun,Connecticut Sun,Portland Fire,AWAY,G,3PM,0.0
2026-07-14,401857066,Sarah Ashlee Barker,Portland Fire,Connecticut Sun,Connecticut Sun,Portland Fire,AWAY,G,AST,2.0
2026-07-14,401857066,Sarah Ashlee Barker,Portland Fire,Connecticut Sun,Connecticut Sun,Portland Fire,AWAY,G,REB,5.0
2026-07-14,401857066,Sarah Ashlee Barker,Portland Fire,Connecticut Sun,Connecticut Sun,Portland Fire,AWAY,G,REB,5.0
2026-07-14,401857067,Georgia Amoore,Washington Mystics,Toronto Tempo,Toronto Tempo,Washington Mystics,AWAY,G,3PM,1.0
2026-07-14,401857067,Georgia Amoore,Washington Mystics,Toronto Tempo,Toronto Tempo,Washington Mystics,AWAY,G,3PM,1.0
2026-07-14,401857067,Georgia Amoore,Washington Mystics,Toronto Tempo,Toronto Tempo,Washington Mystics,AWAY,G,PRA,10.0
2026-07-14,401857067,Georgia Amoore,Washington Mystics,Toronto Tempo,Toronto Tempo,Washington Mystics,AWAY,G,PRA,10.0
2026-07-14,401857067,Kiki Iriafen,Washington Mystics,Toronto Tempo,Toronto Tempo,Washington Mystics,AWAY,F,AST,1.0
2026-07-14,401857067,Kiki Iriafen,Washington Mystics,Toronto Tempo,Toronto Tempo,Washington Mystics,AWAY,F,AST,1.0
2026-07-14,401857067,Kiki Iriafen,Washington Mystics,Toronto Tempo,Toronto Tempo,Washington Mystics,AWAY,F,AST,1.0
2026-07-14,401857067,Kiki Iriafen,Washington Mystics,Toronto Tempo,Toronto Tempo,Washington Mystics,AWAY,F,PRA,40.0
2026-07-14,401857067,Kiki Iriafen,Washington Mystics,Toronto Tempo,Toronto Tempo,Washington Mystics,AWAY,F,PRA,40.0
2026-07-14,401857067,Kiki Iriafen,Washington Mystics,Toronto Tempo,Toronto Tempo,Washington Mystics,AWAY,F,REB,14.0
2026-07-14,401857067,Kiki Iriafen,Washington Mystics,Toronto Tempo,Toronto Tempo,Washington Mystics,AWAY,F,REB,14.0
2026-07-14,401857067,Kiki Iriafen,Washington Mystics,Toronto Tempo,Toronto Tempo,Washington Mystics,AWAY,F,REB,14.0
2026-07-14,401857067,Kiki Iriafen,Washington Mystics,Toronto Tempo,Toronto Tempo,Washington Mystics,AWAY,F,REB,14.0
2026-07-14,401857067,Laura Juskaite,Toronto Tempo,Washington Mystics,Toronto Tempo,Washington Mystics,HOME,F,REB,4.0
2026-07-14,401857067,Laura Juskaite,Toronto Tempo,Washington Mystics,Toronto Tempo,Washington Mystics,HOME,F,REB,4.0
2026-07-14,401857067,Michaela Onyenwere,Washington Mystics,Toronto Tempo,Toronto Tempo,Washington Mystics,AWAY,F,3PM,2.0
2026-07-14,401857067,Shakira Austin,Washington Mystics,Toronto Tempo,Toronto Tempo,Washington Mystics,AWAY,C,AST,0.0
2026-07-14,401857067,Shakira Austin,Washington Mystics,Toronto Tempo,Toronto Tempo,Washington Mystics,AWAY,C,AST,0.0
2026-07-14,401857067,Shakira Austin,Washington Mystics,Toronto Tempo,Toronto Tempo,Washington Mystics,AWAY,C,AST,0.0
2026-07-15,401857068,Awa Fam,Seattle Storm,Chicago Sky,Chicago Sky,Seattle Storm,AWAY,C,PA,17.0
2026-07-15,401857068,Awa Fam,Seattle Storm,Chicago Sky,Chicago Sky,Seattle Storm,AWAY,C,PR,21.0
2026-07-15,401857068,Awa Fam,Seattle Storm,Chicago Sky,Chicago Sky,Seattle Storm,AWAY,C,PRA,24.0
2026-07-15,401857068,Awa Fam,Seattle Storm,Chicago Sky,Chicago Sky,Seattle Storm,AWAY,C,PTS,14.0
2026-07-15,401857068,Awa Fam,Seattle Storm,Chicago Sky,Chicago Sky,Seattle Storm,AWAY,C,REB,7.0
2026-07-15,401857068,Azura Stevens,Chicago Sky,Seattle Storm,Chicago Sky,Seattle Storm,HOME,F,PA,24.0
2026-07-15,401857068,Azura Stevens,Chicago Sky,Seattle Storm,Chicago Sky,Seattle Storm,HOME,F,PR,28.0
2026-07-15,401857068,Azura Stevens,Chicago Sky,Seattle Storm,Chicago Sky,Seattle Storm,HOME,F,PRA,32.0
2026-07-15,401857068,Azura Stevens,Chicago Sky,Seattle Storm,Chicago Sky,Seattle Storm,HOME,F,PRA,32.0
2026-07-15,401857068,Azura Stevens,Chicago Sky,Seattle Storm,Chicago Sky,Seattle Storm,HOME,F,PTS,20.0
2026-07-15,401857068,Courtney Vandersloot,Chicago Sky,Seattle Storm,Chicago Sky,Seattle Storm,HOME,G,PA,14.0
2026-07-15,401857068,Courtney Vandersloot,Chicago Sky,Seattle Storm,Chicago Sky,Seattle Storm,HOME,G,PRA,15.0
2026-07-15,401857068,Courtney Vandersloot,Chicago Sky,Seattle Storm,Chicago Sky,Seattle Storm,HOME,G,PTS,8.0
2026-07-15,401857068,Courtney Vandersloot,Chicago Sky,Seattle Storm,Chicago Sky,Seattle Storm,HOME,G,PTS,8.0
2026-07-15,401857068,Dominique Malonga,Seattle Storm,Chicago Sky,Chicago Sky,Seattle Storm,AWAY,C,PA,20.0
2026-07-15,401857068,Dominique Malonga,Seattle Storm,Chicago Sky,Chicago Sky,Seattle Storm,AWAY,C,PR,28.0
2026-07-15,401857068,Dominique Malonga,Seattle Storm,Chicago Sky,Chicago Sky,Seattle Storm,AWAY,C,PRA,32.0
2026-07-15,401857068,Dominique Malonga,Seattle Storm,Chicago Sky,Chicago Sky,Seattle Storm,AWAY,C,PTS,16.0
2026-07-15,401857068,Dominique Malonga,Seattle Storm,Chicago Sky,Chicago Sky,Seattle Storm,AWAY,C,REB,12.0
2026-07-15,401857068,Flau'jae Johnson,Seattle Storm,Chicago Sky,Chicago Sky,Seattle Storm,AWAY,G,REB,6.0
2026-07-15,401857068,Natasha Cloud,Chicago Sky,Seattle Storm,Chicago Sky,Seattle Storm,HOME,G,PR,15.0
2026-07-15,401857068,Natasha Cloud,Chicago Sky,Seattle Storm,Chicago Sky,Seattle Storm,HOME,G,PTS,13.0
2026-07-15,401857068,Natasha Cloud,Chicago Sky,Seattle Storm,Chicago Sky,Seattle Storm,HOME,G,REB,2.0
2026-07-15,401857068,Natisha Hiedeman,Seattle Storm,Chicago Sky,Chicago Sky,Seattle Storm,AWAY,G,AST,3.0
2026-07-15,401857068,Natisha Hiedeman,Seattle Storm,Chicago Sky,Chicago Sky,Seattle Storm,AWAY,G,PR,9.0
2026-07-15,401857069,Ariel Atkins,Los Angeles Sparks,Minnesota Lynx,Minnesota Lynx,Los Angeles Sparks,AWAY,G,REB,2.0
2026-07-15,401857069,Ariel Atkins,Los Angeles Sparks,Minnesota Lynx,Minnesota Lynx,Los Angeles Sparks,AWAY,G,REB,2.0
2026-07-15,401857069,Ariel Atkins,Los Angeles Sparks,Minnesota Lynx,Minnesota Lynx,Los Angeles Sparks,AWAY,G,REB,2.0
2026-07-15,401857069,Courtney Williams,Minnesota Lynx,Los Angeles Sparks,Minnesota Lynx,Los Angeles Sparks,HOME,G,PA,23.0
2026-07-15,401857069,Courtney Williams,Minnesota Lynx,Los Angeles Sparks,Minnesota Lynx,Los Angeles Sparks,HOME,G,PA,23.0
2026-07-15,401857069,Courtney Williams,Minnesota Lynx,Los Angeles Sparks,Minnesota Lynx,Los Angeles Sparks,HOME,G,PA,23.0
2026-07-15,401857069,Courtney Williams,Minnesota Lynx,Los Angeles Sparks,Minnesota Lynx,Los Angeles Sparks,HOME,G,PRA,25.0
2026-07-15,401857069,Courtney Williams,Minnesota Lynx,Los Angeles Sparks,Minnesota Lynx,Los Angeles Sparks,HOME,G,PRA,25.0
2026-07-15,401857069,Courtney Williams,Minnesota Lynx,Los Angeles Sparks,Minnesota Lynx,Los Angeles Sparks,HOME,G,PTS,19.0
2026-07-15,401857069,Courtney Williams,Minnesota Lynx,Los Angeles Sparks,Minnesota Lynx,Los Angeles Sparks,HOME,G,PTS,19.0
2026-07-15,401857069,Courtney Williams,Minnesota Lynx,Los Angeles Sparks,Minnesota Lynx,Los Angeles Sparks,HOME,G,RA,6.0
2026-07-15,401857069,Courtney Williams,Minnesota Lynx,Los Angeles Sparks,Minnesota Lynx,Los Angeles Sparks,HOME,G,RA,6.0
2026-07-15,401857069,Kayla McBride,Minnesota Lynx,Los Angeles Sparks,Minnesota Lynx,Los Angeles Sparks,HOME,G,PR,25.0
2026-07-15,401857069,Kayla McBride,Minnesota Lynx,Los Angeles Sparks,Minnesota Lynx,Los Angeles Sparks,HOME,G,PR,25.0
2026-07-15,401857069,Kayla McBride,Minnesota Lynx,Los Angeles Sparks,Minnesota Lynx,Los Angeles Sparks,HOME,G,PRA,26.0
2026-07-15,401857069,Kayla McBride,Minnesota Lynx,Los Angeles Sparks,Minnesota Lynx,Los Angeles Sparks,HOME,G,PRA,26.0
2026-07-15,401857069,Kayla McBride,Minnesota Lynx,Los Angeles Sparks,Minnesota Lynx,Los Angeles Sparks,HOME,G,PRA,26.0
2026-07-15,401857069,Kayla McBride,Minnesota Lynx,Los Angeles Sparks,Minnesota Lynx,Los Angeles Sparks,HOME,G,PTS,24.0
2026-07-15,401857069,Kayla McBride,Minnesota Lynx,Los Angeles Sparks,Minnesota Lynx,Los Angeles Sparks,HOME,G,PTS,24.0
2026-07-15,401857069,Kayla McBride,Minnesota Lynx,Los Angeles Sparks,Minnesota Lynx,Los Angeles Sparks,HOME,G,REB,1.0
2026-07-15,401857069,Kayla McBride,Minnesota Lynx,Los Angeles Sparks,Minnesota Lynx,Los Angeles Sparks,HOME,G,REB,1.0
2026-07-15,401857069,Natasha Howard,Minnesota Lynx,Los Angeles Sparks,Minnesota Lynx,Los Angeles Sparks,HOME,F,PTS,10.0
2026-07-15,401857069,Nia Coffey,Minnesota Lynx,Los Angeles Sparks,Minnesota Lynx,Los Angeles Sparks,HOME,F,3PM,2.0
2026-07-15,401857069,Nia Coffey,Minnesota Lynx,Los Angeles Sparks,Minnesota Lynx,Los Angeles Sparks,HOME,F,PA,10.0
2026-07-15,401857069,Nia Coffey,Minnesota Lynx,Los Angeles Sparks,Minnesota Lynx,Los Angeles Sparks,HOME,F,PR,13.0
2026-07-15,401857069,Nia Coffey,Minnesota Lynx,Los Angeles Sparks,Minnesota Lynx,Los Angeles Sparks,HOME,F,PTS,8.0
2026-07-15,401857069,Nia Coffey,Minnesota Lynx,Los Angeles Sparks,Minnesota Lynx,Los Angeles Sparks,HOME,F,REB,5.0
2026-07-15,401857069,Nneka Ogwumike,Los Angeles Sparks,Minnesota Lynx,Minnesota Lynx,Los Angeles Sparks,AWAY,F,PA,28.0
2026-07-15,401857069,Nneka Ogwumike,Los Angeles Sparks,Minnesota Lynx,Minnesota Lynx,Los Angeles Sparks,AWAY,F,PA,28.0
2026-07-15,401857069,Nneka Ogwumike,Los Angeles Sparks,Minnesota Lynx,Minnesota Lynx,Los Angeles Sparks,AWAY,F,PRA,40.0
2026-07-15,401857069,Nneka Ogwumike,Los Angeles Sparks,Minnesota Lynx,Minnesota Lynx,Los Angeles Sparks,AWAY,F,PTS,23.0
2026-07-15,401857069,Nneka Ogwumike,Los Angeles Sparks,Minnesota Lynx,Minnesota Lynx,Los Angeles Sparks,AWAY,F,PTS,23.0
2026-07-15,401857069,Rae Burrell,Los Angeles Sparks,Minnesota Lynx,Minnesota Lynx,Los Angeles Sparks,AWAY,G,3PM,2.0
2026-07-15,401857070,Aliyah Boston,Indiana Fever,Golden State Valkyries,Indiana Fever,Golden State Valkyries,HOME,C,3PM,2.0
2026-07-15,401857070,Aliyah Boston,Indiana Fever,Golden State Valkyries,Indiana Fever,Golden State Valkyries,HOME,C,PA,16.0
2026-07-15,401857070,Aliyah Boston,Indiana Fever,Golden State Valkyries,Indiana Fever,Golden State Valkyries,HOME,C,PA,16.0
2026-07-15,401857070,Aliyah Boston,Indiana Fever,Golden State Valkyries,Indiana Fever,Golden State Valkyries,HOME,C,PR,22.0
2026-07-15,401857070,Aliyah Boston,Indiana Fever,Golden State Valkyries,Indiana Fever,Golden State Valkyries,HOME,C,PR,22.0
2026-07-15,401857070,Aliyah Boston,Indiana Fever,Golden State Valkyries,Indiana Fever,Golden State Valkyries,HOME,C,PRA,23.0
2026-07-15,401857070,Aliyah Boston,Indiana Fever,Golden State Valkyries,Indiana Fever,Golden State Valkyries,HOME,C,PRA,23.0
2026-07-15,401857070,Aliyah Boston,Indiana Fever,Golden State Valkyries,Indiana Fever,Golden State Valkyries,HOME,C,PTS,15.0
2026-07-15,401857070,Aliyah Boston,Indiana Fever,Golden State Valkyries,Indiana Fever,Golden State Valkyries,HOME,C,PTS,15.0
2026-07-15,401857070,Aliyah Boston,Indiana Fever,Golden State Valkyries,Indiana Fever,Golden State Valkyries,HOME,C,REB,7.0
2026-07-15,401857070,Aliyah Boston,Indiana Fever,Golden State Valkyries,Indiana Fever,Golden State Valkyries,HOME,C,REB,7.0
2026-07-15,401857070,Gabby Williams,Golden State Valkyries,Indiana Fever,Indiana Fever,Golden State Valkyries,AWAY,F,AST,1.0
2026-07-15,401857070,Gabby Williams,Golden State Valkyries,Indiana Fever,Indiana Fever,Golden State Valkyries,AWAY,F,AST,1.0
2026-07-15,401857070,Gabby Williams,Golden State Valkyries,Indiana Fever,Indiana Fever,Golden State Valkyries,AWAY,F,RA,4.0
2026-07-15,401857070,Gabby Williams,Golden State Valkyries,Indiana Fever,Indiana Fever,Golden State Valkyries,AWAY,F,RA,4.0
2026-07-15,401857070,Gabby Williams,Golden State Valkyries,Indiana Fever,Indiana Fever,Golden State Valkyries,AWAY,F,REB,3.0
2026-07-15,401857070,Gabby Williams,Golden State Valkyries,Indiana Fever,Indiana Fever,Golden State Valkyries,AWAY,F,REB,3.0
2026-07-15,401857070,Kelsey Mitchell,Indiana Fever,Golden State Valkyries,Indiana Fever,Golden State Valkyries,HOME,G,3PM,3.0
2026-07-15,401857070,Kelsey Mitchell,Indiana Fever,Golden State Valkyries,Indiana Fever,Golden State Valkyries,HOME,G,3PM,3.0
2026-07-15,401857070,Kelsey Mitchell,Indiana Fever,Golden State Valkyries,Indiana Fever,Golden State Valkyries,HOME,G,AST,4.0
2026-07-15,401857070,Kelsey Mitchell,Indiana Fever,Golden State Valkyries,Indiana Fever,Golden State Valkyries,HOME,G,AST,4.0
2026-07-15,401857070,Kelsey Mitchell,Indiana Fever,Golden State Valkyries,Indiana Fever,Golden State Valkyries,HOME,G,PA,24.0
2026-07-15,401857070,Kelsey Mitchell,Indiana Fever,Golden State Valkyries,Indiana Fever,Golden State Valkyries,HOME,G,PA,24.0
2026-07-15,401857070,Kelsey Mitchell,Indiana Fever,Golden State Valkyries,Indiana Fever,Golden State Valkyries,HOME,G,PA,24.0
2026-07-15,401857070,Kelsey Mitchell,Indiana Fever,Golden State Valkyries,Indiana Fever,Golden State Valkyries,HOME,G,PRA,25.0
2026-07-15,401857070,Kelsey Mitchell,Indiana Fever,Golden State Valkyries,Indiana Fever,Golden State Valkyries,HOME,G,PTS,20.0
2026-07-15,401857070,Kelsey Mitchell,Indiana Fever,Golden State Valkyries,Indiana Fever,Golden State Valkyries,HOME,G,PTS,20.0
2026-07-15,401857070,Sophie Cunningham,Indiana Fever,Golden State Valkyries,Indiana Fever,Golden State Valkyries,HOME,G,REB,2.0
2026-07-15,401857070,Veronica Burton,Golden State Valkyries,Indiana Fever,Indiana Fever,Golden State Valkyries,AWAY,G,3PM,0.0
2026-07-15,401857070,Veronica Burton,Golden State Valkyries,Indiana Fever,Indiana Fever,Golden State Valkyries,AWAY,G,3PM,0.0
2026-07-15,401857070,Veronica Burton,Golden State Valkyries,Indiana Fever,Indiana Fever,Golden State Valkyries,AWAY,G,REB,5.0
2026-07-15,401857070,Veronica Burton,Golden State Valkyries,Indiana Fever,Indiana Fever,Golden State Valkyries,AWAY,G,REB,5.0
2026-07-16,401857071,Georgia Amoore,Washington Mystics,Portland Fire,Washington Mystics,Portland Fire,HOME,G,PA,5.0
2026-07-16,401857071,Sarah Ashlee Barker,Portland Fire,Washington Mystics,Washington Mystics,Portland Fire,AWAY,G,3PM,2.0
2026-07-16,401857071,Shakira Austin,Washington Mystics,Portland Fire,Washington Mystics,Portland Fire,HOME,C,AST,4.0
2026-07-16,401857071,Shakira Austin,Washington Mystics,Portland Fire,Washington Mystics,Portland Fire,HOME,C,PA,23.0
2026-07-16,401857071,Shakira Austin,Washington Mystics,Portland Fire,Washington Mystics,Portland Fire,HOME,C,PA,23.0
2026-07-16,401857071,Shakira Austin,Washington Mystics,Portland Fire,Washington Mystics,Portland Fire,HOME,C,PRA,32.0
2026-07-16,401857071,Shakira Austin,Washington Mystics,Portland Fire,Washington Mystics,Portland Fire,HOME,C,PRA,32.0
2026-07-16,401857071,Shakira Austin,Washington Mystics,Portland Fire,Washington Mystics,Portland Fire,HOME,C,PRA,32.0
2026-07-17,401857073,Caitlin Clark,Indiana Fever,Seattle Storm,Indiana Fever,Seattle Storm,HOME,G,3PM,6.0
2026-07-17,401857073,Caitlin Clark,Indiana Fever,Seattle Storm,Indiana Fever,Seattle Storm,HOME,G,3PM,6.0
2026-07-17,401857073,Caitlin Clark,Indiana Fever,Seattle Storm,Indiana Fever,Seattle Storm,HOME,G,AST,10.0
2026-07-17,401857073,Caitlin Clark,Indiana Fever,Seattle Storm,Indiana Fever,Seattle Storm,HOME,G,PA,55.0
2026-07-17,401857073,Caitlin Clark,Indiana Fever,Seattle Storm,Indiana Fever,Seattle Storm,HOME,G,PR,47.0
2026-07-17,401857073,Caitlin Clark,Indiana Fever,Seattle Storm,Indiana Fever,Seattle Storm,HOME,G,PRA,57.0
2026-07-17,401857073,Caitlin Clark,Indiana Fever,Seattle Storm,Indiana Fever,Seattle Storm,HOME,G,PTS,45.0
2026-07-17,401857073,Dominique Malonga,Seattle Storm,Indiana Fever,Indiana Fever,Seattle Storm,AWAY,C,PTS,28.0
2026-07-17,401857073,Dominique Malonga,Seattle Storm,Indiana Fever,Indiana Fever,Seattle Storm,AWAY,C,PTS,28.0
2026-07-17,401857073,Kelsey Mitchell,Indiana Fever,Seattle Storm,Indiana Fever,Seattle Storm,HOME,G,3PM,3.0
2026-07-17,401857073,Kelsey Mitchell,Indiana Fever,Seattle Storm,Indiana Fever,Seattle Storm,HOME,G,3PM,3.0
2026-07-17,401857073,Kelsey Mitchell,Indiana Fever,Seattle Storm,Indiana Fever,Seattle Storm,HOME,G,AST,0.0
2026-07-17,401857073,Kelsey Mitchell,Indiana Fever,Seattle Storm,Indiana Fever,Seattle Storm,HOME,G,AST,0.0
2026-07-17,401857073,Lexie Hull,Indiana Fever,Seattle Storm,Indiana Fever,Seattle Storm,HOME,G,REB,2.0
2026-07-17,401857073,Monique Billings,Indiana Fever,Seattle Storm,Indiana Fever,Seattle Storm,HOME,F,REB,5.0
2026-07-17,401857073,Monique Billings,Indiana Fever,Seattle Storm,Indiana Fever,Seattle Storm,HOME,F,REB,5.0
2026-07-17,401857073,Natisha Hiedeman,Seattle Storm,Indiana Fever,Indiana Fever,Seattle Storm,AWAY,G,AST,8.0
2026-07-17,401857073,Natisha Hiedeman,Seattle Storm,Indiana Fever,Indiana Fever,Seattle Storm,AWAY,G,AST,8.0
2026-07-17,401857074,Allisha Gray,Atlanta Dream,Toronto Tempo,Toronto Tempo,Atlanta Dream,AWAY,G,REB,3.0
2026-07-17,401857074,Angel Reese,Atlanta Dream,Toronto Tempo,Toronto Tempo,Atlanta Dream,AWAY,F,PTS,23.0
2026-07-17,401857074,Isabelle Harrison,Toronto Tempo,Atlanta Dream,Toronto Tempo,Atlanta Dream,HOME,F,AST,0.0
2026-07-17,401857074,Laura Juskaite,Toronto Tempo,Atlanta Dream,Toronto Tempo,Atlanta Dream,HOME,F,REB,4.0
2026-07-17,401857074,Naz Hillmon,Atlanta Dream,Toronto Tempo,Toronto Tempo,Atlanta Dream,AWAY,F,3PM,4.0
2026-07-17,401857074,Nyara Sabally,Toronto Tempo,Atlanta Dream,Toronto Tempo,Atlanta Dream,HOME,F,REB,1.0
2026-07-17,401857074,Rhyne Howard,Atlanta Dream,Toronto Tempo,Toronto Tempo,Atlanta Dream,AWAY,G,PA,15.0
2026-07-17,401857074,Rhyne Howard,Atlanta Dream,Toronto Tempo,Toronto Tempo,Atlanta Dream,AWAY,G,PA,15.0
2026-07-17,401857074,Rhyne Howard,Atlanta Dream,Toronto Tempo,Toronto Tempo,Atlanta Dream,AWAY,G,PR,14.0
2026-07-17,401857074,Rhyne Howard,Atlanta Dream,Toronto Tempo,Toronto Tempo,Atlanta Dream,AWAY,G,PR,14.0
2026-07-17,401857074,Rhyne Howard,Atlanta Dream,Toronto Tempo,Toronto Tempo,Atlanta Dream,AWAY,G,PRA,19.0
2026-07-17,401857074,Rhyne Howard,Atlanta Dream,Toronto Tempo,Toronto Tempo,Atlanta Dream,AWAY,G,PRA,19.0
2026-07-17,401857074,Rhyne Howard,Atlanta Dream,Toronto Tempo,Toronto Tempo,Atlanta Dream,AWAY,G,PTS,10.0
2026-07-17,401857074,Rhyne Howard,Atlanta Dream,Toronto Tempo,Toronto Tempo,Atlanta Dream,AWAY,G,PTS,10.0
2026-07-17,401857075,Courtney Vandersloot,Chicago Sky,Los Angeles Sparks,Chicago Sky,Los Angeles Sparks,HOME,G,PR,9.0
2026-07-17,401857075,Courtney Vandersloot,Chicago Sky,Los Angeles Sparks,Chicago Sky,Los Angeles Sparks,HOME,G,PR,9.0
2026-07-17,401857075,Courtney Vandersloot,Chicago Sky,Los Angeles Sparks,Chicago Sky,Los Angeles Sparks,HOME,G,PRA,10.0
2026-07-17,401857075,Courtney Vandersloot,Chicago Sky,Los Angeles Sparks,Chicago Sky,Los Angeles Sparks,HOME,G,PRA,10.0
2026-07-17,401857075,Courtney Vandersloot,Chicago Sky,Los Angeles Sparks,Chicago Sky,Los Angeles Sparks,HOME,G,PRA,10.0
2026-07-17,401857075,Courtney Vandersloot,Chicago Sky,Los Angeles Sparks,Chicago Sky,Los Angeles Sparks,HOME,G,PTS,9.0
2026-07-17,401857075,Courtney Vandersloot,Chicago Sky,Los Angeles Sparks,Chicago Sky,Los Angeles Sparks,HOME,G,PTS,9.0
2026-07-17,401857075,Courtney Vandersloot,Chicago Sky,Los Angeles Sparks,Chicago Sky,Los Angeles Sparks,HOME,G,RA,1.0
2026-07-17,401857075,Courtney Vandersloot,Chicago Sky,Los Angeles Sparks,Chicago Sky,Los Angeles Sparks,HOME,G,RA,1.0
2026-07-17,401857075,Dearica Hamby,Los Angeles Sparks,Chicago Sky,Chicago Sky,Los Angeles Sparks,AWAY,F,RA,8.0
2026-07-17,401857075,Dearica Hamby,Los Angeles Sparks,Chicago Sky,Chicago Sky,Los Angeles Sparks,AWAY,F,RA,8.0
2026-07-17,401857075,Kamilla Cardoso,Chicago Sky,Los Angeles Sparks,Chicago Sky,Los Angeles Sparks,HOME,C,PR,24.0
2026-07-17,401857075,Kamilla Cardoso,Chicago Sky,Los Angeles Sparks,Chicago Sky,Los Angeles Sparks,HOME,C,PR,24.0
2026-07-17,401857075,Kamilla Cardoso,Chicago Sky,Los Angeles Sparks,Chicago Sky,Los Angeles Sparks,HOME,C,PRA,27.0
2026-07-17,401857075,Kamilla Cardoso,Chicago Sky,Los Angeles Sparks,Chicago Sky,Los Angeles Sparks,HOME,C,PRA,27.0
2026-07-17,401857075,Kamilla Cardoso,Chicago Sky,Los Angeles Sparks,Chicago Sky,Los Angeles Sparks,HOME,C,PRA,27.0
2026-07-17,401857075,Kamilla Cardoso,Chicago Sky,Los Angeles Sparks,Chicago Sky,Los Angeles Sparks,HOME,C,PTS,13.0
2026-07-17,401857075,Kamilla Cardoso,Chicago Sky,Los Angeles Sparks,Chicago Sky,Los Angeles Sparks,HOME,C,RA,14.0
2026-07-17,401857075,Kamilla Cardoso,Chicago Sky,Los Angeles Sparks,Chicago Sky,Los Angeles Sparks,HOME,C,RA,14.0
2026-07-17,401857075,Kamilla Cardoso,Chicago Sky,Los Angeles Sparks,Chicago Sky,Los Angeles Sparks,HOME,C,REB,11.0
2026-07-17,401857075,Kamilla Cardoso,Chicago Sky,Los Angeles Sparks,Chicago Sky,Los Angeles Sparks,HOME,C,REB,11.0
2026-07-17,401857075,Kamilla Cardoso,Chicago Sky,Los Angeles Sparks,Chicago Sky,Los Angeles Sparks,HOME,C,REB,11.0
2026-07-17,401857075,Natasha Cloud,Chicago Sky,Los Angeles Sparks,Chicago Sky,Los Angeles Sparks,HOME,G,PRA,30.0
2026-07-17,401857075,Natasha Cloud,Chicago Sky,Los Angeles Sparks,Chicago Sky,Los Angeles Sparks,HOME,G,RA,15.0
2026-07-17,401857075,Natasha Cloud,Chicago Sky,Los Angeles Sparks,Chicago Sky,Los Angeles Sparks,HOME,G,REB,6.0
2026-07-17,401857075,Natasha Cloud,Chicago Sky,Los Angeles Sparks,Chicago Sky,Los Angeles Sparks,HOME,G,REB,6.0
2026-07-17,401857075,Nneka Ogwumike,Los Angeles Sparks,Chicago Sky,Chicago Sky,Los Angeles Sparks,AWAY,F,AST,4.0
2026-07-17,401857075,Nneka Ogwumike,Los Angeles Sparks,Chicago Sky,Chicago Sky,Los Angeles Sparks,AWAY,F,PA,22.0
2026-07-17,401857075,Nneka Ogwumike,Los Angeles Sparks,Chicago Sky,Chicago Sky,Los Angeles Sparks,AWAY,F,PA,22.0
2026-07-17,401857075,Nneka Ogwumike,Los Angeles Sparks,Chicago Sky,Chicago Sky,Los Angeles Sparks,AWAY,F,PRA,34.0
2026-07-17,401857075,Nneka Ogwumike,Los Angeles Sparks,Chicago Sky,Chicago Sky,Los Angeles Sparks,AWAY,F,PRA,34.0
2026-07-17,401857075,Nneka Ogwumike,Los Angeles Sparks,Chicago Sky,Chicago Sky,Los Angeles Sparks,AWAY,F,PTS,18.0
2026-07-17,401857075,Nneka Ogwumike,Los Angeles Sparks,Chicago Sky,Chicago Sky,Los Angeles Sparks,AWAY,F,PTS,18.0
2026-07-17,401857075,Nneka Ogwumike,Los Angeles Sparks,Chicago Sky,Chicago Sky,Los Angeles Sparks,AWAY,F,PTS,18.0
2026-07-17,401857075,Sydney Taylor,Chicago Sky,Los Angeles Sparks,Chicago Sky,Los Angeles Sparks,HOME,G,PA,21.0
2026-07-17,401857076,Charlisse Leger-Walker,Connecticut Sun,Phoenix Mercury,Phoenix Mercury,Connecticut Sun,AWAY,G,AST,7.0
2026-07-17,401857076,Charlisse Leger-Walker,Connecticut Sun,Phoenix Mercury,Phoenix Mercury,Connecticut Sun,AWAY,G,AST,7.0
2026-07-17,401857076,Charlisse Leger-Walker,Connecticut Sun,Phoenix Mercury,Phoenix Mercury,Connecticut Sun,AWAY,G,PR,8.0
2026-07-17,401857076,Charlisse Leger-Walker,Connecticut Sun,Phoenix Mercury,Phoenix Mercury,Connecticut Sun,AWAY,G,PR,8.0
2026-07-17,401857076,Charlisse Leger-Walker,Connecticut Sun,Phoenix Mercury,Phoenix Mercury,Connecticut Sun,AWAY,G,PRA,15.0
2026-07-17,401857076,Charlisse Leger-Walker,Connecticut Sun,Phoenix Mercury,Phoenix Mercury,Connecticut Sun,AWAY,G,PRA,15.0
2026-07-17,401857076,Kahleah Copper,Phoenix Mercury,Connecticut Sun,Phoenix Mercury,Connecticut Sun,HOME,G,AST,1.0
2026-07-17,401857076,Monique Akoa Makani,Phoenix Mercury,Connecticut Sun,Phoenix Mercury,Connecticut Sun,HOME,G,RA,6.0
2026-07-17,401857076,Monique Akoa Makani,Phoenix Mercury,Connecticut Sun,Phoenix Mercury,Connecticut Sun,HOME,G,RA,6.0
2026-07-17,401857076,Monique Akoa Makani,Phoenix Mercury,Connecticut Sun,Phoenix Mercury,Connecticut Sun,HOME,G,REB,2.0
2026-07-18,401857077,Caitlin Clark,Indiana Fever,New York Liberty,Indiana Fever,New York Liberty,HOME,G,3PM,2.0
2026-07-18,401857077,Caitlin Clark,Indiana Fever,New York Liberty,Indiana Fever,New York Liberty,HOME,G,AST,7.0
2026-07-18,401857077,Caitlin Clark,Indiana Fever,New York Liberty,Indiana Fever,New York Liberty,HOME,G,PA,24.0
2026-07-18,401857077,Caitlin Clark,Indiana Fever,New York Liberty,Indiana Fever,New York Liberty,HOME,G,PR,19.0
2026-07-18,401857077,Caitlin Clark,Indiana Fever,New York Liberty,Indiana Fever,New York Liberty,HOME,G,PRA,26.0
2026-07-18,401857077,Caitlin Clark,Indiana Fever,New York Liberty,Indiana Fever,New York Liberty,HOME,G,PRA,26.0
2026-07-18,401857077,Kelsey Mitchell,Indiana Fever,New York Liberty,Indiana Fever,New York Liberty,HOME,G,3PM,4.0
2026-07-18,401857077,Kelsey Mitchell,Indiana Fever,New York Liberty,Indiana Fever,New York Liberty,HOME,G,AST,1.0
2026-07-18,401857077,Sabrina Ionescu,New York Liberty,Indiana Fever,Indiana Fever,New York Liberty,AWAY,G,AST,4.0
2026-07-18,401857077,Sabrina Ionescu,New York Liberty,Indiana Fever,Indiana Fever,New York Liberty,AWAY,G,AST,4.0
2026-07-18,401857078,Courtney Williams,Minnesota Lynx,Portland Fire,Minnesota Lynx,Portland Fire,HOME,G,AST,7.0
2026-07-18,401857078,Courtney Williams,Minnesota Lynx,Portland Fire,Minnesota Lynx,Portland Fire,HOME,G,PRA,24.0
2026-07-18,401857078,Courtney Williams,Minnesota Lynx,Portland Fire,Minnesota Lynx,Portland Fire,HOME,G,PRA,24.0
2026-07-18,401857078,Kayla McBride,Minnesota Lynx,Portland Fire,Minnesota Lynx,Portland Fire,HOME,G,PA,24.0
2026-07-18,401857078,Kayla McBride,Minnesota Lynx,Portland Fire,Minnesota Lynx,Portland Fire,HOME,G,PA,24.0
2026-07-18,401857078,Kayla McBride,Minnesota Lynx,Portland Fire,Minnesota Lynx,Portland Fire,HOME,G,PR,27.0
2026-07-18,401857078,Kayla McBride,Minnesota Lynx,Portland Fire,Minnesota Lynx,Portland Fire,HOME,G,PR,27.0
2026-07-18,401857078,Kayla McBride,Minnesota Lynx,Portland Fire,Minnesota Lynx,Portland Fire,HOME,G,PRA,27.0
2026-07-18,401857078,Kayla McBride,Minnesota Lynx,Portland Fire,Minnesota Lynx,Portland Fire,HOME,G,PRA,27.0
2026-07-18,401857078,Kayla McBride,Minnesota Lynx,Portland Fire,Minnesota Lynx,Portland Fire,HOME,G,PRA,27.0
2026-07-18,401857078,Kayla McBride,Minnesota Lynx,Portland Fire,Minnesota Lynx,Portland Fire,HOME,G,PTS,24.0
2026-07-18,401857078,Kayla McBride,Minnesota Lynx,Portland Fire,Minnesota Lynx,Portland Fire,HOME,G,PTS,24.0
2026-07-18,401857078,Natasha Howard,Minnesota Lynx,Portland Fire,Minnesota Lynx,Portland Fire,HOME,F,PTS,16.0
2026-07-18,401857078,Nia Coffey,Minnesota Lynx,Portland Fire,Minnesota Lynx,Portland Fire,HOME,F,PR,12.0
2026-07-18,401857078,Nia Coffey,Minnesota Lynx,Portland Fire,Minnesota Lynx,Portland Fire,HOME,F,PRA,13.0
2026-07-18,401857078,Nia Coffey,Minnesota Lynx,Portland Fire,Minnesota Lynx,Portland Fire,HOME,F,REB,3.0
2026-07-18,401857078,Olivia Miles,Minnesota Lynx,Portland Fire,Minnesota Lynx,Portland Fire,HOME,G,PTS,14.0
2026-07-18,401857078,Serah Williams,Portland Fire,Minnesota Lynx,Minnesota Lynx,Portland Fire,AWAY,C,REB,2.0
2026-07-18,401857079,Gabby Williams,Golden State Valkyries,Washington Mystics,Golden State Valkyries,Washington Mystics,HOME,F,AST,5.0
2026-07-18,401857079,Gabby Williams,Golden State Valkyries,Washington Mystics,Golden State Valkyries,Washington Mystics,HOME,F,REB,3.0
2026-07-18,401857079,Gabby Williams,Golden State Valkyries,Washington Mystics,Golden State Valkyries,Washington Mystics,HOME,F,REB,3.0
2026-07-18,401857079,Georgia Amoore,Washington Mystics,Golden State Valkyries,Golden State Valkyries,Washington Mystics,AWAY,G,PA,12.0
2026-07-18,401857079,Georgia Amoore,Washington Mystics,Golden State Valkyries,Golden State Valkyries,Washington Mystics,AWAY,G,PRA,15.0
2026-07-18,401857079,Georgia Amoore,Washington Mystics,Golden State Valkyries,Golden State Valkyries,Washington Mystics,AWAY,G,PRA,15.0
2026-07-18,401857079,Janelle Salaun,Golden State Valkyries,Washington Mystics,Golden State Valkyries,Washington Mystics,HOME,F,3PM,2.0
2026-07-18,401857079,Janelle Salaun,Golden State Valkyries,Washington Mystics,Golden State Valkyries,Washington Mystics,HOME,F,3PM,2.0
2026-07-18,401857079,Janelle Salaun,Golden State Valkyries,Washington Mystics,Golden State Valkyries,Washington Mystics,HOME,F,PTS,9.0
2026-07-18,401857079,Janelle Salaun,Golden State Valkyries,Washington Mystics,Golden State Valkyries,Washington Mystics,HOME,F,PTS,9.0
2026-07-18,401857079,Kaitlyn Chen,Golden State Valkyries,Washington Mystics,Golden State Valkyries,Washington Mystics,HOME,G,PTS,2.0
2026-07-18,401857079,Shakira Austin,Washington Mystics,Golden State Valkyries,Golden State Valkyries,Washington Mystics,AWAY,C,PR,34.0
2026-07-18,401857079,Shakira Austin,Washington Mystics,Golden State Valkyries,Golden State Valkyries,Washington Mystics,AWAY,C,PRA,35.0
2026-07-18,401857079,Shakira Austin,Washington Mystics,Golden State Valkyries,Golden State Valkyries,Washington Mystics,AWAY,C,PRA,35.0
2026-07-18,401857079,Veronica Burton,Golden State Valkyries,Washington Mystics,Golden State Valkyries,Washington Mystics,HOME,G,RA,16.0
2026-07-18,401857079,Veronica Burton,Golden State Valkyries,Washington Mystics,Golden State Valkyries,Washington Mystics,HOME,G,RA,16.0
2026-07-19,401857080,Ariel Atkins,Los Angeles Sparks,Dallas Wings,Dallas Wings,Los Angeles Sparks,AWAY,G,PR,11.0
2026-07-19,401857080,Ariel Atkins,Los Angeles Sparks,Dallas Wings,Dallas Wings,Los Angeles Sparks,AWAY,G,PRA,14.0
2026-07-19,401857080,Ariel Atkins,Los Angeles Sparks,Dallas Wings,Dallas Wings,Los Angeles Sparks,AWAY,G,PRA,14.0
2026-07-19,401857080,Ariel Atkins,Los Angeles Sparks,Dallas Wings,Dallas Wings,Los Angeles Sparks,AWAY,G,PTS,9.0
2026-07-19,401857080,Ariel Atkins,Los Angeles Sparks,Dallas Wings,Dallas Wings,Los Angeles Sparks,AWAY,G,PTS,9.0
2026-07-19,401857080,Azzi Fudd,Dallas Wings,Los Angeles Sparks,Dallas Wings,Los Angeles Sparks,HOME,G,PA,13.0
2026-07-19,401857080,Azzi Fudd,Dallas Wings,Los Angeles Sparks,Dallas Wings,Los Angeles Sparks,HOME,G,PR,15.0
2026-07-19,401857080,Azzi Fudd,Dallas Wings,Los Angeles Sparks,Dallas Wings,Los Angeles Sparks,HOME,G,PRA,17.0
2026-07-19,401857080,Azzi Fudd,Dallas Wings,Los Angeles Sparks,Dallas Wings,Los Angeles Sparks,HOME,G,PTS,11.0
2026-07-19,401857080,Azzi Fudd,Dallas Wings,Los Angeles Sparks,Dallas Wings,Los Angeles Sparks,HOME,G,PTS,11.0
2026-07-19,401857080,Azzi Fudd,Dallas Wings,Los Angeles Sparks,Dallas Wings,Los Angeles Sparks,HOME,G,REB,4.0
2026-07-19,401857080,Cameron Brink,Los Angeles Sparks,Dallas Wings,Dallas Wings,Los Angeles Sparks,AWAY,F,PTS,10.0
2026-07-19,401857080,Cameron Brink,Los Angeles Sparks,Dallas Wings,Dallas Wings,Los Angeles Sparks,AWAY,F,PTS,10.0
2026-07-19,401857080,Cameron Brink,Los Angeles Sparks,Dallas Wings,Dallas Wings,Los Angeles Sparks,AWAY,F,PTS,10.0
2026-07-19,401857080,Dearica Hamby,Los Angeles Sparks,Dallas Wings,Dallas Wings,Los Angeles Sparks,AWAY,F,RA,8.0
2026-07-19,401857080,Nneka Ogwumike,Los Angeles Sparks,Dallas Wings,Dallas Wings,Los Angeles Sparks,AWAY,F,AST,3.0
2026-07-19,401857080,Nneka Ogwumike,Los Angeles Sparks,Dallas Wings,Dallas Wings,Los Angeles Sparks,AWAY,F,PA,20.0
2026-07-19,401857080,Nneka Ogwumike,Los Angeles Sparks,Dallas Wings,Dallas Wings,Los Angeles Sparks,AWAY,F,PA,20.0
2026-07-19,401857080,Nneka Ogwumike,Los Angeles Sparks,Dallas Wings,Dallas Wings,Los Angeles Sparks,AWAY,F,PR,27.0
2026-07-19,401857080,Nneka Ogwumike,Los Angeles Sparks,Dallas Wings,Dallas Wings,Los Angeles Sparks,AWAY,F,PTS,17.0
2026-07-19,401857080,Nneka Ogwumike,Los Angeles Sparks,Dallas Wings,Dallas Wings,Los Angeles Sparks,AWAY,F,PTS,17.0
2026-07-19,401857080,Nneka Ogwumike,Los Angeles Sparks,Dallas Wings,Dallas Wings,Los Angeles Sparks,AWAY,F,RA,13.0
2026-07-19,401857081,Allisha Gray,Atlanta Dream,Chicago Sky,Atlanta Dream,Chicago Sky,HOME,G,PRA,38.0
2026-07-19,401857081,Allisha Gray,Atlanta Dream,Chicago Sky,Atlanta Dream,Chicago Sky,HOME,G,PRA,38.0
2026-07-19,401857081,Allisha Gray,Atlanta Dream,Chicago Sky,Atlanta Dream,Chicago Sky,HOME,G,PTS,29.0
2026-07-19,401857081,Allisha Gray,Atlanta Dream,Chicago Sky,Atlanta Dream,Chicago Sky,HOME,G,REB,6.0
2026-07-19,401857081,Allisha Gray,Atlanta Dream,Chicago Sky,Atlanta Dream,Chicago Sky,HOME,G,REB,6.0
2026-07-19,401857081,Allisha Gray,Atlanta Dream,Chicago Sky,Atlanta Dream,Chicago Sky,HOME,G,REB,6.0
2026-07-19,401857081,Angel Reese,Atlanta Dream,Chicago Sky,Atlanta Dream,Chicago Sky,HOME,F,AST,1.0
2026-07-19,401857081,Angel Reese,Atlanta Dream,Chicago Sky,Atlanta Dream,Chicago Sky,HOME,F,RA,6.0
2026-07-19,401857081,Angel Reese,Atlanta Dream,Chicago Sky,Atlanta Dream,Chicago Sky,HOME,F,RA,6.0
2026-07-19,401857081,Kamilla Cardoso,Chicago Sky,Atlanta Dream,Atlanta Dream,Chicago Sky,AWAY,C,REB,4.0
2026-07-19,401857081,Natasha Cloud,Chicago Sky,Atlanta Dream,Atlanta Dream,Chicago Sky,AWAY,G,PR,9.0
2026-07-19,401857081,Natasha Cloud,Chicago Sky,Atlanta Dream,Atlanta Dream,Chicago Sky,AWAY,G,PRA,13.0
2026-07-19,401857081,Natasha Cloud,Chicago Sky,Atlanta Dream,Atlanta Dream,Chicago Sky,AWAY,G,RA,6.0
2026-07-19,401857081,Natasha Cloud,Chicago Sky,Atlanta Dream,Atlanta Dream,Chicago Sky,AWAY,G,REB,2.0
2026-07-19,401857081,Naz Hillmon,Atlanta Dream,Chicago Sky,Atlanta Dream,Chicago Sky,HOME,F,3PM,1.0
2026-07-19,401857081,Rhyne Howard,Atlanta Dream,Chicago Sky,Atlanta Dream,Chicago Sky,HOME,G,PA,17.0
2026-07-19,401857081,Rhyne Howard,Atlanta Dream,Chicago Sky,Atlanta Dream,Chicago Sky,HOME,G,PA,17.0
2026-07-19,401857081,Rhyne Howard,Atlanta Dream,Chicago Sky,Atlanta Dream,Chicago Sky,HOME,G,PRA,23.0
2026-07-19,401857081,Rhyne Howard,Atlanta Dream,Chicago Sky,Atlanta Dream,Chicago Sky,HOME,G,PRA,23.0
2026-07-19,401857081,Sydney Taylor,Chicago Sky,Atlanta Dream,Atlanta Dream,Chicago Sky,AWAY,G,PA,20.0
2026-07-19,401857082,Brittney Griner,Connecticut Sun,Phoenix Mercury,Phoenix Mercury,Connecticut Sun,AWAY,C,REB,5.0
2026-07-19,401857082,Charlisse Leger-Walker,Connecticut Sun,Phoenix Mercury,Phoenix Mercury,Connecticut Sun,AWAY,G,PA,10.0
2026-07-19,401857082,Charlisse Leger-Walker,Connecticut Sun,Phoenix Mercury,Phoenix Mercury,Connecticut Sun,AWAY,G,PA,10.0
2026-07-19,401857082,Charlisse Leger-Walker,Connecticut Sun,Phoenix Mercury,Phoenix Mercury,Connecticut Sun,AWAY,G,PA,10.0
2026-07-19,401857082,Charlisse Leger-Walker,Connecticut Sun,Phoenix Mercury,Phoenix Mercury,Connecticut Sun,AWAY,G,PA,10.0
2026-07-19,401857082,Charlisse Leger-Walker,Connecticut Sun,Phoenix Mercury,Phoenix Mercury,Connecticut Sun,AWAY,G,PR,8.0
2026-07-19,401857082,Charlisse Leger-Walker,Connecticut Sun,Phoenix Mercury,Phoenix Mercury,Connecticut Sun,AWAY,G,PR,8.0
2026-07-19,401857082,Charlisse Leger-Walker,Connecticut Sun,Phoenix Mercury,Phoenix Mercury,Connecticut Sun,AWAY,G,PRA,13.0
2026-07-19,401857082,Charlisse Leger-Walker,Connecticut Sun,Phoenix Mercury,Phoenix Mercury,Connecticut Sun,AWAY,G,PRA,13.0
2026-07-19,401857082,Charlisse Leger-Walker,Connecticut Sun,Phoenix Mercury,Phoenix Mercury,Connecticut Sun,AWAY,G,PRA,13.0
2026-07-19,401857082,Charlisse Leger-Walker,Connecticut Sun,Phoenix Mercury,Phoenix Mercury,Connecticut Sun,AWAY,G,PRA,13.0
2026-07-19,401857082,Charlisse Leger-Walker,Connecticut Sun,Phoenix Mercury,Phoenix Mercury,Connecticut Sun,AWAY,G,PTS,5.0
2026-07-19,401857082,DeWanna Bonner,Phoenix Mercury,Connecticut Sun,Phoenix Mercury,Connecticut Sun,HOME,F,PR,27.0
2026-07-19,401857082,DeWanna Bonner,Phoenix Mercury,Connecticut Sun,Phoenix Mercury,Connecticut Sun,HOME,F,REB,6.0
2026-07-19,401857082,DeWanna Bonner,Phoenix Mercury,Connecticut Sun,Phoenix Mercury,Connecticut Sun,HOME,F,REB,6.0
2026-07-19,401857082,Diamond Miller,Connecticut Sun,Phoenix Mercury,Phoenix Mercury,Connecticut Sun,AWAY,F,3PM,0.0
2026-07-19,401857082,Diamond Miller,Connecticut Sun,Phoenix Mercury,Phoenix Mercury,Connecticut Sun,AWAY,F,3PM,0.0
2026-07-19,401857082,Monique Akoa Makani,Phoenix Mercury,Connecticut Sun,Phoenix Mercury,Connecticut Sun,HOME,G,REB,6.0
2026-07-19,401857082,Monique Akoa Makani,Phoenix Mercury,Connecticut Sun,Phoenix Mercury,Connecticut Sun,HOME,G,REB,6.0
2026-07-19,401857082,Natasha Mack,Phoenix Mercury,Connecticut Sun,Phoenix Mercury,Connecticut Sun,HOME,F,RA,5.0
2026-07-19,401857082,Natasha Mack,Phoenix Mercury,Connecticut Sun,Phoenix Mercury,Connecticut Sun,HOME,F,REB,5.0
2026-07-19,401857082,Natasha Mack,Phoenix Mercury,Connecticut Sun,Phoenix Mercury,Connecticut Sun,HOME,F,REB,5.0
2026-07-20,401857083,A'ja Wilson,Las Vegas Aces,Toronto Tempo,Toronto Tempo,Las Vegas Aces,AWAY,C,RA,10.0
2026-07-20,401857083,A'ja Wilson,Las Vegas Aces,Toronto Tempo,Toronto Tempo,Las Vegas Aces,AWAY,C,RA,10.0
2026-07-20,401857083,A'ja Wilson,Las Vegas Aces,Toronto Tempo,Toronto Tempo,Las Vegas Aces,AWAY,C,REB,6.0
2026-07-20,401857083,Chelsea Gray,Las Vegas Aces,Toronto Tempo,Toronto Tempo,Las Vegas Aces,AWAY,G,REB,4.0
2026-07-20,401857083,Isabelle Harrison,Toronto Tempo,Las Vegas Aces,Toronto Tempo,Las Vegas Aces,HOME,F,PR,37.0
2026-07-20,401857083,Isabelle Harrison,Toronto Tempo,Las Vegas Aces,Toronto Tempo,Las Vegas Aces,HOME,F,PTS,26.0
2026-07-20,401857083,Isabelle Harrison,Toronto Tempo,Las Vegas Aces,Toronto Tempo,Las Vegas Aces,HOME,F,PTS,26.0
2026-07-20,401857083,Jewell Loyd,Las Vegas Aces,Toronto Tempo,Toronto Tempo,Las Vegas Aces,AWAY,G,PR,12.0
2026-07-20,401857083,Jewell Loyd,Las Vegas Aces,Toronto Tempo,Toronto Tempo,Las Vegas Aces,AWAY,G,PR,12.0
2026-07-20,401857083,Jewell Loyd,Las Vegas Aces,Toronto Tempo,Toronto Tempo,Las Vegas Aces,AWAY,G,REB,1.0
2026-07-20,401857083,Julie Allemand,Toronto Tempo,Las Vegas Aces,Toronto Tempo,Las Vegas Aces,HOME,G,AST,4.0
2026-07-20,401857083,Julie Allemand,Toronto Tempo,Las Vegas Aces,Toronto Tempo,Las Vegas Aces,HOME,G,AST,4.0
2026-07-20,401857083,Laura Juskaite,Toronto Tempo,Las Vegas Aces,Toronto Tempo,Las Vegas Aces,HOME,F,REB,3.0
2026-07-20,401857083,Laura Juskaite,Toronto Tempo,Las Vegas Aces,Toronto Tempo,Las Vegas Aces,HOME,F,REB,3.0
2026-07-20,401857083,Laura Juskaite,Toronto Tempo,Las Vegas Aces,Toronto Tempo,Las Vegas Aces,HOME,F,REB,3.0
2026-07-20,401857083,Laura Juskaite,Toronto Tempo,Las Vegas Aces,Toronto Tempo,Las Vegas Aces,HOME,F,REB,3.0
2026-07-20,401857083,Marina Mabrey,Toronto Tempo,Las Vegas Aces,Toronto Tempo,Las Vegas Aces,HOME,G,AST,5.0
2026-07-20,401857083,NaLyssa Smith,Las Vegas Aces,Toronto Tempo,Toronto Tempo,Las Vegas Aces,AWAY,F,REB,5.0
2026-07-20,401857084,Janelle Salaun,Golden State Valkyries,Washington Mystics,Golden State Valkyries,Washington Mystics,HOME,F,3PM,1.0
2026-07-20,401857084,Lauren Betts,Washington Mystics,Golden State Valkyries,Golden State Valkyries,Washington Mystics,AWAY,C,REB,2.0
2026-07-20,401857084,Shakira Austin,Washington Mystics,Golden State Valkyries,Golden State Valkyries,Washington Mystics,AWAY,C,PR,30.0
2026-07-20,401857084,Shakira Austin,Washington Mystics,Golden State Valkyries,Golden State Valkyries,Washington Mystics,AWAY,C,PRA,32.0
2026-07-20,401857084,Sonia Citron,Washington Mystics,Golden State Valkyries,Golden State Valkyries,Washington Mystics,AWAY,G,3PM,0.0
2026-07-20,401857084,Sonia Citron,Washington Mystics,Golden State Valkyries,Golden State Valkyries,Washington Mystics,AWAY,G,AST,6.0
2026-07-20,401857084,Sonia Citron,Washington Mystics,Golden State Valkyries,Golden State Valkyries,Washington Mystics,AWAY,G,AST,6.0
2026-07-20,401857085,Courtney Williams,Minnesota Lynx,Seattle Storm,Seattle Storm,Minnesota Lynx,AWAY,G,3PM,1.0
2026-07-20,401857085,Courtney Williams,Minnesota Lynx,Seattle Storm,Seattle Storm,Minnesota Lynx,AWAY,G,3PM,1.0
2026-07-20,401857085,Courtney Williams,Minnesota Lynx,Seattle Storm,Seattle Storm,Minnesota Lynx,AWAY,G,3PM,1.0
2026-07-20,401857085,Courtney Williams,Minnesota Lynx,Seattle Storm,Seattle Storm,Minnesota Lynx,AWAY,G,3PM,1.0
2026-07-20,401857085,Courtney Williams,Minnesota Lynx,Seattle Storm,Seattle Storm,Minnesota Lynx,AWAY,G,PR,25.0
2026-07-20,401857085,Courtney Williams,Minnesota Lynx,Seattle Storm,Seattle Storm,Minnesota Lynx,AWAY,G,PR,25.0
2026-07-20,401857085,Courtney Williams,Minnesota Lynx,Seattle Storm,Seattle Storm,Minnesota Lynx,AWAY,G,PR,25.0
2026-07-20,401857085,Courtney Williams,Minnesota Lynx,Seattle Storm,Seattle Storm,Minnesota Lynx,AWAY,G,PR,25.0
2026-07-20,401857085,Courtney Williams,Minnesota Lynx,Seattle Storm,Seattle Storm,Minnesota Lynx,AWAY,G,PRA,28.0
2026-07-20,401857085,Courtney Williams,Minnesota Lynx,Seattle Storm,Seattle Storm,Minnesota Lynx,AWAY,G,PRA,28.0
2026-07-20,401857085,Courtney Williams,Minnesota Lynx,Seattle Storm,Seattle Storm,Minnesota Lynx,AWAY,G,PRA,28.0
2026-07-20,401857085,Courtney Williams,Minnesota Lynx,Seattle Storm,Seattle Storm,Minnesota Lynx,AWAY,G,PRA,28.0
2026-07-20,401857085,Flau'jae Johnson,Seattle Storm,Minnesota Lynx,Seattle Storm,Minnesota Lynx,HOME,G,3PM,5.0
2026-07-20,401857085,Flau'jae Johnson,Seattle Storm,Minnesota Lynx,Seattle Storm,Minnesota Lynx,HOME,G,3PM,5.0
2026-07-20,401857085,Flau'jae Johnson,Seattle Storm,Minnesota Lynx,Seattle Storm,Minnesota Lynx,HOME,G,3PM,5.0
2026-07-20,401857085,Flau'jae Johnson,Seattle Storm,Minnesota Lynx,Seattle Storm,Minnesota Lynx,HOME,G,3PM,5.0
2026-07-20,401857085,Kayla McBride,Minnesota Lynx,Seattle Storm,Seattle Storm,Minnesota Lynx,AWAY,G,AST,0.0
2026-07-20,401857085,Kayla McBride,Minnesota Lynx,Seattle Storm,Seattle Storm,Minnesota Lynx,AWAY,G,PA,33.0
2026-07-20,401857085,Kayla McBride,Minnesota Lynx,Seattle Storm,Seattle Storm,Minnesota Lynx,AWAY,G,PA,33.0
2026-07-20,401857085,Kayla McBride,Minnesota Lynx,Seattle Storm,Seattle Storm,Minnesota Lynx,AWAY,G,PA,33.0
2026-07-20,401857085,Kayla McBride,Minnesota Lynx,Seattle Storm,Seattle Storm,Minnesota Lynx,AWAY,G,PR,35.0
2026-07-20,401857085,Kayla McBride,Minnesota Lynx,Seattle Storm,Seattle Storm,Minnesota Lynx,AWAY,G,PR,35.0
2026-07-20,401857085,Kayla McBride,Minnesota Lynx,Seattle Storm,Seattle Storm,Minnesota Lynx,AWAY,G,PR,35.0
2026-07-20,401857085,Kayla McBride,Minnesota Lynx,Seattle Storm,Seattle Storm,Minnesota Lynx,AWAY,G,PRA,35.0
2026-07-20,401857085,Kayla McBride,Minnesota Lynx,Seattle Storm,Seattle Storm,Minnesota Lynx,AWAY,G,PRA,35.0
2026-07-20,401857085,Kayla McBride,Minnesota Lynx,Seattle Storm,Seattle Storm,Minnesota Lynx,AWAY,G,PRA,35.0
2026-07-20,401857085,Kayla McBride,Minnesota Lynx,Seattle Storm,Seattle Storm,Minnesota Lynx,AWAY,G,PRA,35.0
2026-07-20,401857085,Kayla McBride,Minnesota Lynx,Seattle Storm,Seattle Storm,Minnesota Lynx,AWAY,G,PTS,33.0
2026-07-20,401857085,Kayla McBride,Minnesota Lynx,Seattle Storm,Seattle Storm,Minnesota Lynx,AWAY,G,PTS,33.0
2026-07-20,401857085,Kayla McBride,Minnesota Lynx,Seattle Storm,Seattle Storm,Minnesota Lynx,AWAY,G,PTS,33.0
2026-07-20,401857085,Natasha Howard,Minnesota Lynx,Seattle Storm,Seattle Storm,Minnesota Lynx,AWAY,F,PR,18.0
2026-07-20,401857085,Natasha Howard,Minnesota Lynx,Seattle Storm,Seattle Storm,Minnesota Lynx,AWAY,F,PR,18.0
2026-07-20,401857085,Natasha Howard,Minnesota Lynx,Seattle Storm,Seattle Storm,Minnesota Lynx,AWAY,F,PRA,21.0
2026-07-20,401857085,Natasha Howard,Minnesota Lynx,Seattle Storm,Seattle Storm,Minnesota Lynx,AWAY,F,PTS,6.0
2026-07-20,401857085,Natisha Hiedeman,Seattle Storm,Minnesota Lynx,Seattle Storm,Minnesota Lynx,HOME,G,3PM,1.0
2026-07-20,401857085,Natisha Hiedeman,Seattle Storm,Minnesota Lynx,Seattle Storm,Minnesota Lynx,HOME,G,3PM,1.0
2026-07-20,401857085,Natisha Hiedeman,Seattle Storm,Minnesota Lynx,Seattle Storm,Minnesota Lynx,HOME,G,3PM,1.0
2026-07-20,401857085,Natisha Hiedeman,Seattle Storm,Minnesota Lynx,Seattle Storm,Minnesota Lynx,HOME,G,3PM,1.0
2026-07-20,401857085,Natisha Hiedeman,Seattle Storm,Minnesota Lynx,Seattle Storm,Minnesota Lynx,HOME,G,REB,1.0
2026-07-20,401857085,Natisha Hiedeman,Seattle Storm,Minnesota Lynx,Seattle Storm,Minnesota Lynx,HOME,G,REB,1.0
2026-07-20,401857085,Nia Coffey,Minnesota Lynx,Seattle Storm,Seattle Storm,Minnesota Lynx,AWAY,F,AST,1.0
2026-07-20,401857085,Nia Coffey,Minnesota Lynx,Seattle Storm,Seattle Storm,Minnesota Lynx,AWAY,F,PR,4.0
2026-07-20,401857085,Nia Coffey,Minnesota Lynx,Seattle Storm,Seattle Storm,Minnesota Lynx,AWAY,F,PR,4.0
2026-07-20,401857085,Nia Coffey,Minnesota Lynx,Seattle Storm,Seattle Storm,Minnesota Lynx,AWAY,F,PR,4.0
2026-07-20,401857085,Nia Coffey,Minnesota Lynx,Seattle Storm,Seattle Storm,Minnesota Lynx,AWAY,F,PRA,5.0
2026-07-20,401857085,Nia Coffey,Minnesota Lynx,Seattle Storm,Seattle Storm,Minnesota Lynx,AWAY,F,PRA,5.0
2026-07-20,401857085,Nia Coffey,Minnesota Lynx,Seattle Storm,Seattle Storm,Minnesota Lynx,AWAY,F,RA,2.0
2026-07-20,401857085,Nia Coffey,Minnesota Lynx,Seattle Storm,Seattle Storm,Minnesota Lynx,AWAY,F,REB,1.0
2026-07-20,401857085,Nia Coffey,Minnesota Lynx,Seattle Storm,Seattle Storm,Minnesota Lynx,AWAY,F,REB,1.0
2026-07-20,401857085,Nia Coffey,Minnesota Lynx,Seattle Storm,Seattle Storm,Minnesota Lynx,AWAY,F,REB,1.0
2026-07-20,401857085,Olivia Miles,Minnesota Lynx,Seattle Storm,Seattle Storm,Minnesota Lynx,AWAY,G,3PM,1.0
2026-07-20,401857085,Olivia Miles,Minnesota Lynx,Seattle Storm,Seattle Storm,Minnesota Lynx,AWAY,G,3PM,1.0
2026-07-20,401857085,Olivia Miles,Minnesota Lynx,Seattle Storm,Seattle Storm,Minnesota Lynx,AWAY,G,REB,8.0
2026-07-20,401892393,Azzi Fudd,Dallas Wings,New York Liberty,Dallas Wings,New York Liberty,HOME,G,AST,2.0
2026-07-20,401892393,Azzi Fudd,Dallas Wings,New York Liberty,Dallas Wings,New York Liberty,HOME,G,PA,17.0
2026-07-20,401892393,Azzi Fudd,Dallas Wings,New York Liberty,Dallas Wings,New York Liberty,HOME,G,PA,17.0
2026-07-20,401892393,Azzi Fudd,Dallas Wings,New York Liberty,Dallas Wings,New York Liberty,HOME,G,PA,17.0
2026-07-20,401892393,Azzi Fudd,Dallas Wings,New York Liberty,Dallas Wings,New York Liberty,HOME,G,PA,17.0
2026-07-20,401892393,Azzi Fudd,Dallas Wings,New York Liberty,Dallas Wings,New York Liberty,HOME,G,PR,16.0
2026-07-20,401892393,Azzi Fudd,Dallas Wings,New York Liberty,Dallas Wings,New York Liberty,HOME,G,PR,16.0
2026-07-20,401892393,Azzi Fudd,Dallas Wings,New York Liberty,Dallas Wings,New York Liberty,HOME,G,PRA,18.0
2026-07-20,401892393,Azzi Fudd,Dallas Wings,New York Liberty,Dallas Wings,New York Liberty,HOME,G,PRA,18.0
2026-07-20,401892393,Azzi Fudd,Dallas Wings,New York Liberty,Dallas Wings,New York Liberty,HOME,G,PRA,18.0
2026-07-20,401892393,Azzi Fudd,Dallas Wings,New York Liberty,Dallas Wings,New York Liberty,HOME,G,PRA,18.0
2026-07-20,401892393,Azzi Fudd,Dallas Wings,New York Liberty,Dallas Wings,New York Liberty,HOME,G,PTS,15.0
2026-07-20,401892393,Azzi Fudd,Dallas Wings,New York Liberty,Dallas Wings,New York Liberty,HOME,G,PTS,15.0
2026-07-20,401892393,Azzi Fudd,Dallas Wings,New York Liberty,Dallas Wings,New York Liberty,HOME,G,PTS,15.0
2026-07-20,401892393,Azzi Fudd,Dallas Wings,New York Liberty,Dallas Wings,New York Liberty,HOME,G,PTS,15.0
2026-07-20,401892393,Breanna Stewart,New York Liberty,Dallas Wings,Dallas Wings,New York Liberty,AWAY,F,AST,8.0
2026-07-20,401892393,Breanna Stewart,New York Liberty,Dallas Wings,Dallas Wings,New York Liberty,AWAY,F,AST,8.0
2026-07-20,401892393,Breanna Stewart,New York Liberty,Dallas Wings,Dallas Wings,New York Liberty,AWAY,F,RA,21.0
2026-07-20,401892393,Breanna Stewart,New York Liberty,Dallas Wings,Dallas Wings,New York Liberty,AWAY,F,RA,21.0
2026-07-20,401892393,Breanna Stewart,New York Liberty,Dallas Wings,Dallas Wings,New York Liberty,AWAY,F,REB,13.0
2026-07-20,401892393,Breanna Stewart,New York Liberty,Dallas Wings,Dallas Wings,New York Liberty,AWAY,F,REB,13.0
2026-07-20,401892393,Jessica Shepard,Dallas Wings,New York Liberty,Dallas Wings,New York Liberty,HOME,F,AST,6.0
2026-07-20,401892393,Jonquel Jones,New York Liberty,Dallas Wings,Dallas Wings,New York Liberty,AWAY,C,AST,2.0
2026-07-20,401892393,Jonquel Jones,New York Liberty,Dallas Wings,Dallas Wings,New York Liberty,AWAY,C,PA,16.0
2026-07-20,401892393,Pauline Astier,New York Liberty,Dallas Wings,Dallas Wings,New York Liberty,AWAY,G,PR,9.0
2026-07-20,401892393,Pauline Astier,New York Liberty,Dallas Wings,Dallas Wings,New York Liberty,AWAY,G,PR,9.0
2026-07-20,401892393,Pauline Astier,New York Liberty,Dallas Wings,Dallas Wings,New York Liberty,AWAY,G,PR,9.0
2026-07-20,401892393,Pauline Astier,New York Liberty,Dallas Wings,Dallas Wings,New York Liberty,AWAY,G,PR,9.0
2026-07-20,401892393,Pauline Astier,New York Liberty,Dallas Wings,Dallas Wings,New York Liberty,AWAY,G,PRA,10.0
2026-07-20,401892393,Pauline Astier,New York Liberty,Dallas Wings,Dallas Wings,New York Liberty,AWAY,G,PTS,7.0
2026-07-20,401892393,Pauline Astier,New York Liberty,Dallas Wings,Dallas Wings,New York Liberty,AWAY,G,PTS,7.0
2026-07-20,401892393,Pauline Astier,New York Liberty,Dallas Wings,Dallas Wings,New York Liberty,AWAY,G,PTS,7.0
2026-07-20,401892393,Pauline Astier,New York Liberty,Dallas Wings,Dallas Wings,New York Liberty,AWAY,G,PTS,7.0
2026-07-20,401892393,Pauline Astier,New York Liberty,Dallas Wings,Dallas Wings,New York Liberty,AWAY,G,REB,2.0
2026-07-20,401892393,Sabrina Ionescu,New York Liberty,Dallas Wings,Dallas Wings,New York Liberty,AWAY,G,3PM,2.0
2026-07-20,401892393,Sabrina Ionescu,New York Liberty,Dallas Wings,Dallas Wings,New York Liberty,AWAY,G,3PM,2.0
2026-07-20,401892393,Sabrina Ionescu,New York Liberty,Dallas Wings,Dallas Wings,New York Liberty,AWAY,G,3PM,2.0
2026-07-20,401892393,Sabrina Ionescu,New York Liberty,Dallas Wings,Dallas Wings,New York Liberty,AWAY,G,AST,2.0
2026-07-20,401892393,Sabrina Ionescu,New York Liberty,Dallas Wings,Dallas Wings,New York Liberty,AWAY,G,AST,2.0
2026-07-20,401892393,Sabrina Ionescu,New York Liberty,Dallas Wings,Dallas Wings,New York Liberty,AWAY,G,AST,2.0
2026-07-22,401857086,Ariel Atkins,Los Angeles Sparks,Phoenix Mercury,Los Angeles Sparks,Phoenix Mercury,HOME,G,PR,19.0
2026-07-22,401857086,Ariel Atkins,Los Angeles Sparks,Phoenix Mercury,Los Angeles Sparks,Phoenix Mercury,HOME,G,PR,19.0
2026-07-22,401857086,Ariel Atkins,Los Angeles Sparks,Phoenix Mercury,Los Angeles Sparks,Phoenix Mercury,HOME,G,PR,19.0
2026-07-22,401857086,Ariel Atkins,Los Angeles Sparks,Phoenix Mercury,Los Angeles Sparks,Phoenix Mercury,HOME,G,PRA,22.0
2026-07-22,401857086,Ariel Atkins,Los Angeles Sparks,Phoenix Mercury,Los Angeles Sparks,Phoenix Mercury,HOME,G,PRA,22.0
2026-07-22,401857086,Ariel Atkins,Los Angeles Sparks,Phoenix Mercury,Los Angeles Sparks,Phoenix Mercury,HOME,G,PRA,22.0
2026-07-22,401857086,Ariel Atkins,Los Angeles Sparks,Phoenix Mercury,Los Angeles Sparks,Phoenix Mercury,HOME,G,PTS,15.0
2026-07-22,401857086,Ariel Atkins,Los Angeles Sparks,Phoenix Mercury,Los Angeles Sparks,Phoenix Mercury,HOME,G,PTS,15.0
2026-07-22,401857086,Dearica Hamby,Los Angeles Sparks,Phoenix Mercury,Los Angeles Sparks,Phoenix Mercury,HOME,F,3PM,0.0
2026-07-22,401857086,Dearica Hamby,Los Angeles Sparks,Phoenix Mercury,Los Angeles Sparks,Phoenix Mercury,HOME,F,RA,15.0
2026-07-22,401857086,Dearica Hamby,Los Angeles Sparks,Phoenix Mercury,Los Angeles Sparks,Phoenix Mercury,HOME,F,RA,15.0
2026-07-22,401857086,DeWanna Bonner,Phoenix Mercury,Los Angeles Sparks,Los Angeles Sparks,Phoenix Mercury,AWAY,F,REB,7.0
2026-07-22,401857086,DeWanna Bonner,Phoenix Mercury,Los Angeles Sparks,Los Angeles Sparks,Phoenix Mercury,AWAY,F,REB,7.0
2026-07-22,401857087,Courtney Williams,Minnesota Lynx,Seattle Storm,Seattle Storm,Minnesota Lynx,AWAY,G,3PM,0.0
2026-07-22,401857087,Kayla McBride,Minnesota Lynx,Seattle Storm,Seattle Storm,Minnesota Lynx,AWAY,G,AST,2.0
2026-07-22,401857087,Kayla McBride,Minnesota Lynx,Seattle Storm,Seattle Storm,Minnesota Lynx,AWAY,G,REB,3.0
2026-07-22,401857087,Natasha Howard,Minnesota Lynx,Seattle Storm,Seattle Storm,Minnesota Lynx,AWAY,F,RA,8.0
2026-07-22,401857087,Natasha Howard,Minnesota Lynx,Seattle Storm,Seattle Storm,Minnesota Lynx,AWAY,F,REB,5.0
2026-07-22,401857087,Natisha Hiedeman,Seattle Storm,Minnesota Lynx,Seattle Storm,Minnesota Lynx,HOME,G,3PM,1.0
2026-07-22,401857087,Natisha Hiedeman,Seattle Storm,Minnesota Lynx,Seattle Storm,Minnesota Lynx,HOME,G,3PM,1.0
2026-07-22,401857087,Natisha Hiedeman,Seattle Storm,Minnesota Lynx,Seattle Storm,Minnesota Lynx,HOME,G,PR,14.0
2026-07-22,401857088,Jonquel Jones,New York Liberty,Chicago Sky,New York Liberty,Chicago Sky,HOME,C,AST,2.0
2026-07-22,401857088,Jonquel Jones,New York Liberty,Chicago Sky,New York Liberty,Chicago Sky,HOME,C,AST,2.0
2026-07-22,401857088,Jonquel Jones,New York Liberty,Chicago Sky,New York Liberty,Chicago Sky,HOME,C,PA,16.0
2026-07-22,401857088,Jonquel Jones,New York Liberty,Chicago Sky,New York Liberty,Chicago Sky,HOME,C,PA,16.0
2026-07-22,401857088,Jonquel Jones,New York Liberty,Chicago Sky,New York Liberty,Chicago Sky,HOME,C,PTS,14.0
2026-07-22,401857088,Jonquel Jones,New York Liberty,Chicago Sky,New York Liberty,Chicago Sky,HOME,C,PTS,14.0
2026-07-22,401857088,Pauline Astier,New York Liberty,Chicago Sky,New York Liberty,Chicago Sky,HOME,G,PR,10.0
2026-07-22,401857088,Pauline Astier,New York Liberty,Chicago Sky,New York Liberty,Chicago Sky,HOME,G,PR,10.0
2026-07-22,401857088,Pauline Astier,New York Liberty,Chicago Sky,New York Liberty,Chicago Sky,HOME,G,PTS,9.0
2026-07-22,401857088,Pauline Astier,New York Liberty,Chicago Sky,New York Liberty,Chicago Sky,HOME,G,REB,1.0
2026-07-22,401857088,Pauline Astier,New York Liberty,Chicago Sky,New York Liberty,Chicago Sky,HOME,G,REB,1.0
2026-07-22,401857088,Sabrina Ionescu,New York Liberty,Chicago Sky,New York Liberty,Chicago Sky,HOME,G,AST,4.0
2026-07-22,401857088,Sabrina Ionescu,New York Liberty,Chicago Sky,New York Liberty,Chicago Sky,HOME,G,AST,4.0
2026-07-22,401857088,Sabrina Ionescu,New York Liberty,Chicago Sky,New York Liberty,Chicago Sky,HOME,G,RA,8.0
2026-07-22,401857088,Sabrina Ionescu,New York Liberty,Chicago Sky,New York Liberty,Chicago Sky,HOME,G,RA,8.0
2026-07-22,401857089,NaLyssa Smith,Las Vegas Aces,Washington Mystics,Washington Mystics,Las Vegas Aces,AWAY,F,REB,3.0
2026-07-22,401857089,NaLyssa Smith,Las Vegas Aces,Washington Mystics,Washington Mystics,Las Vegas Aces,AWAY,F,REB,3.0
2026-07-22,401857089,Sonia Citron,Washington Mystics,Las Vegas Aces,Washington Mystics,Las Vegas Aces,HOME,G,3PM,1.0
2026-07-22,401857089,Sonia Citron,Washington Mystics,Las Vegas Aces,Washington Mystics,Las Vegas Aces,HOME,G,3PM,1.0
2026-07-22,401857090,Aliyah Boston,Indiana Fever,Connecticut Sun,Indiana Fever,Connecticut Sun,HOME,C,PR,28.0
2026-07-22,401857090,Aliyah Boston,Indiana Fever,Connecticut Sun,Indiana Fever,Connecticut Sun,HOME,C,PTS,22.0
2026-07-22,401857090,Caitlin Clark,Indiana Fever,Connecticut Sun,Indiana Fever,Connecticut Sun,HOME,G,REB,2.0
2026-07-22,401857090,Caitlin Clark,Indiana Fever,Connecticut Sun,Indiana Fever,Connecticut Sun,HOME,G,REB,2.0
2026-07-22,401857090,Caitlin Clark,Indiana Fever,Connecticut Sun,Indiana Fever,Connecticut Sun,HOME,G,REB,2.0
2026-07-22,401857090,Caitlin Clark,Indiana Fever,Connecticut Sun,Indiana Fever,Connecticut Sun,HOME,G,REB,2.0
2026-07-22,401857090,Charlisse Leger-Walker,Connecticut Sun,Indiana Fever,Indiana Fever,Connecticut Sun,AWAY,G,PA,5.0
2026-07-22,401857090,Charlisse Leger-Walker,Connecticut Sun,Indiana Fever,Indiana Fever,Connecticut Sun,AWAY,G,PA,5.0
2026-07-22,401857090,Charlisse Leger-Walker,Connecticut Sun,Indiana Fever,Indiana Fever,Connecticut Sun,AWAY,G,PR,3.0
2026-07-22,401857090,Charlisse Leger-Walker,Connecticut Sun,Indiana Fever,Indiana Fever,Connecticut Sun,AWAY,G,PRA,7.0
2026-07-22,401857090,Charlisse Leger-Walker,Connecticut Sun,Indiana Fever,Indiana Fever,Connecticut Sun,AWAY,G,PTS,1.0
2026-07-22,401857090,Charlisse Leger-Walker,Connecticut Sun,Indiana Fever,Indiana Fever,Connecticut Sun,AWAY,G,PTS,1.0
2026-07-22,401857090,Charlisse Leger-Walker,Connecticut Sun,Indiana Fever,Indiana Fever,Connecticut Sun,AWAY,G,PTS,1.0
2026-07-22,401857090,Kelsey Mitchell,Indiana Fever,Connecticut Sun,Indiana Fever,Connecticut Sun,HOME,G,3PM,3.0
2026-07-22,401857090,Lexie Hull,Indiana Fever,Connecticut Sun,Indiana Fever,Connecticut Sun,HOME,G,REB,3.0
2026-07-22,401857090,Lexie Hull,Indiana Fever,Connecticut Sun,Indiana Fever,Connecticut Sun,HOME,G,REB,3.0
2026-07-22,401857090,Lexie Hull,Indiana Fever,Connecticut Sun,Indiana Fever,Connecticut Sun,HOME,G,REB,3.0
2026-07-22,401857090,Lexie Hull,Indiana Fever,Connecticut Sun,Indiana Fever,Connecticut Sun,HOME,G,REB,3.0
2026-07-22,401857091,Azzi Fudd,Dallas Wings,Portland Fire,Portland Fire,Dallas Wings,AWAY,G,AST,2.0
2026-07-22,401857091,Azzi Fudd,Dallas Wings,Portland Fire,Portland Fire,Dallas Wings,AWAY,G,AST,2.0
2026-07-22,401857091,Azzi Fudd,Dallas Wings,Portland Fire,Portland Fire,Dallas Wings,AWAY,G,PA,13.0
2026-07-22,401857091,Azzi Fudd,Dallas Wings,Portland Fire,Portland Fire,Dallas Wings,AWAY,G,PA,13.0
2026-07-22,401857091,Azzi Fudd,Dallas Wings,Portland Fire,Portland Fire,Dallas Wings,AWAY,G,PA,13.0
2026-07-22,401857091,Azzi Fudd,Dallas Wings,Portland Fire,Portland Fire,Dallas Wings,AWAY,G,PR,11.0
2026-07-22,401857091,Azzi Fudd,Dallas Wings,Portland Fire,Portland Fire,Dallas Wings,AWAY,G,PR,11.0
2026-07-22,401857091,Azzi Fudd,Dallas Wings,Portland Fire,Portland Fire,Dallas Wings,AWAY,G,PRA,13.0
2026-07-22,401857091,Azzi Fudd,Dallas Wings,Portland Fire,Portland Fire,Dallas Wings,AWAY,G,PRA,13.0
2026-07-22,401857091,Azzi Fudd,Dallas Wings,Portland Fire,Portland Fire,Dallas Wings,AWAY,G,PRA,13.0
2026-07-22,401857091,Azzi Fudd,Dallas Wings,Portland Fire,Portland Fire,Dallas Wings,AWAY,G,PTS,11.0
2026-07-22,401857091,Azzi Fudd,Dallas Wings,Portland Fire,Portland Fire,Dallas Wings,AWAY,G,PTS,11.0
2026-07-22,401857091,Jessica Shepard,Dallas Wings,Portland Fire,Portland Fire,Dallas Wings,AWAY,F,PA,28.0
2026-07-22,401857091,Jessica Shepard,Dallas Wings,Portland Fire,Portland Fire,Dallas Wings,AWAY,F,PA,28.0
2026-07-22,401857091,Jessica Shepard,Dallas Wings,Portland Fire,Portland Fire,Dallas Wings,AWAY,F,PA,28.0
2026-07-22,401857091,Jessica Shepard,Dallas Wings,Portland Fire,Portland Fire,Dallas Wings,AWAY,F,PTS,18.0
2026-07-22,401857091,Jessica Shepard,Dallas Wings,Portland Fire,Portland Fire,Dallas Wings,AWAY,F,PTS,18.0
2026-07-22,401857091,Paige Bueckers,Dallas Wings,Portland Fire,Portland Fire,Dallas Wings,AWAY,G,AST,5.0
2026-07-22,401857091,Paige Bueckers,Dallas Wings,Portland Fire,Portland Fire,Dallas Wings,AWAY,G,AST,5.0
2026-07-25,401857320,A'ja Wilson,TEAM SPOON,TEAM COOP,TEAM COOP,TEAM SPOON,AWAY,C,RA,4.0
2026-07-25,401857320,A'ja Wilson,TEAM SPOON,TEAM COOP,TEAM COOP,TEAM SPOON,AWAY,C,REB,3.0
2026-07-25,401857320,Aliyah Boston,TEAM SPOON,TEAM COOP,TEAM COOP,TEAM SPOON,AWAY,C,3PM,0.0
2026-07-25,401857320,Aliyah Boston,TEAM SPOON,TEAM COOP,TEAM COOP,TEAM SPOON,AWAY,C,RA,1.0
2026-07-25,401857320,Aliyah Boston,TEAM SPOON,TEAM COOP,TEAM COOP,TEAM SPOON,AWAY,C,REB,1.0
2026-07-25,401857320,Breanna Stewart,TEAM COOP,TEAM SPOON,TEAM COOP,TEAM SPOON,HOME,F,REB,13.0
2026-07-25,401857320,Jessica Shepard,TEAM SPOON,TEAM COOP,TEAM COOP,TEAM SPOON,AWAY,F,AST,5.0
2026-07-25,401857320,Kahleah Copper,TEAM COOP,TEAM SPOON,TEAM COOP,TEAM SPOON,HOME,G,3PM,0.0
2026-07-25,401857320,Natasha Howard,TEAM COOP,TEAM SPOON,TEAM COOP,TEAM SPOON,HOME,F,PA,8.0
2026-07-25,401857320,Natasha Howard,TEAM COOP,TEAM SPOON,TEAM COOP,TEAM SPOON,HOME,F,PR,12.0
2026-07-25,401857320,Natasha Howard,TEAM COOP,TEAM SPOON,TEAM COOP,TEAM SPOON,HOME,F,PRA,12.0
2026-07-25,401857320,Natasha Howard,TEAM COOP,TEAM SPOON,TEAM COOP,TEAM SPOON,HOME,F,PTS,8.0
2026-07-25,401857320,Olivia Miles,TEAM SPOON,TEAM COOP,TEAM COOP,TEAM SPOON,AWAY,G,3PM,1.0
2026-07-25,401857320,Rhyne Howard,TEAM SPOON,TEAM COOP,TEAM COOP,TEAM SPOON,AWAY,G,PA,11.0
2026-07-25,401857320,Rhyne Howard,TEAM SPOON,TEAM COOP,TEAM COOP,TEAM SPOON,AWAY,G,PR,11.0
2026-07-25,401857320,Rhyne Howard,TEAM SPOON,TEAM COOP,TEAM COOP,TEAM SPOON,AWAY,G,PRA,14.0
2026-07-25,401857320,Rhyne Howard,TEAM SPOON,TEAM COOP,TEAM COOP,TEAM SPOON,AWAY,G,PTS,8.0
2026-07-28,401857092,Aneesah Morrow,Connecticut Sun,,,,,F,REB,4.0
2026-07-28,401857093,Kayla McBride,Minnesota Lynx,,,,,G,AST,4.0
2026-07-28,401857093,Kayla McBride,Minnesota Lynx,,,,,G,AST,4.0
2026-07-28,401857093,Kayla McBride,Minnesota Lynx,,,,,G,AST,4.0
2026-07-28,401857093,Kayla McBride,Minnesota Lynx,,,,,G,RA,5.0
2026-07-28,401857093,Natasha Howard,Minnesota Lynx,,,,,F,PA,17.0
2026-07-28,401857093,Natasha Howard,Minnesota Lynx,,,,,F,PA,17.0
2026-07-28,401857093,Natasha Howard,Minnesota Lynx,,,,,F,PR,19.0
2026-07-28,401857093,Natasha Howard,Minnesota Lynx,,,,,F,PR,19.0
2026-07-28,401857093,Natasha Howard,Minnesota Lynx,,,,,F,PR,19.0
2026-07-28,401857093,Natasha Howard,Minnesota Lynx,,,,,F,PRA,23.0
2026-07-28,401857093,Natasha Howard,Minnesota Lynx,,,,,F,PRA,23.0
2026-07-28,401857093,Natasha Howard,Minnesota Lynx,,,,,F,PTS,13.0
2026-07-28,401857093,Natasha Howard,Minnesota Lynx,,,,,F,PTS,13.0
2026-07-28,401857093,Natasha Howard,Minnesota Lynx,,,,,F,PTS,13.0
2026-07-28,401857093,Natasha Howard,Minnesota Lynx,,,,,F,PTS,13.0
2026-07-28,401857093,Olivia Miles,Minnesota Lynx,,,,,G,3PM,4.0
2026-07-28,401857093,Olivia Miles,Minnesota Lynx,,,,,G,3PM,4.0
2026-07-28,401857094,Aliyah Boston,Indiana Fever,,,,,C,3PM,1.0
2026-07-28,401857094,Aliyah Boston,Indiana Fever,,,,,C,3PM,1.0
2026-07-28,401857094,Aliyah Boston,Indiana Fever,,,,,C,RA,3.0
2026-07-28,401857094,Aliyah Boston,Indiana Fever,,,,,C,RA,3.0
2026-07-28,401857094,Aliyah Boston,Indiana Fever,,,,,C,REB,2.0
2026-07-28,401857094,Aliyah Boston,Indiana Fever,,,,,C,REB,2.0
2026-07-28,401857094,Awa Fam,Seattle Storm,,,,,C,REB,5.0
2026-07-28,401857094,Awa Fam,Seattle Storm,,,,,C,REB,5.0
2026-07-28,401857094,Awa Fam,Seattle Storm,,,,,C,REB,5.0
2026-07-28,401857094,Kelsey Mitchell,Indiana Fever,,,,,G,AST,2.0
2026-07-28,401857094,Kelsey Mitchell,Indiana Fever,,,,,G,AST,2.0
2026-07-28,401857094,Natisha Hiedeman,Seattle Storm,,,,,G,3PM,6.0
2026-07-28,401857094,Natisha Hiedeman,Seattle Storm,,,,,G,3PM,6.0
2026-07-28,401857094,Natisha Hiedeman,Seattle Storm,,,,,G,3PM,6.0
2026-07-28,401857094,Natisha Hiedeman,Seattle Storm,,,,,G,3PM,6.0
2026-07-28,401857094,Natisha Hiedeman,Seattle Storm,,,,,G,3PM,6.0
2026-07-28,401857094,Natisha Hiedeman,Seattle Storm,,,,,G,PR,39.0
2026-07-28,401857094,Natisha Hiedeman,Seattle Storm,,,,,G,PR,39.0
2026-07-28,401857094,Natisha Hiedeman,Seattle Storm,,,,,G,PR,39.0
2026-07-28,401857094,Natisha Hiedeman,Seattle Storm,,,,,G,PTS,33.0
2026-07-28,401857094,Natisha Hiedeman,Seattle Storm,,,,,G,PTS,33.0
2026-07-28,401857094,Natisha Hiedeman,Seattle Storm,,,,,G,PTS,33.0
2026-07-28,401857094,Natisha Hiedeman,Seattle Storm,,,,,G,REB,6.0
2026-07-28,401857094,Natisha Hiedeman,Seattle Storm,,,,,G,REB,6.0
2026-07-28,401857094,Natisha Hiedeman,Seattle Storm,,,,,G,REB,6.0
2026-07-28,401857095,A'ja Wilson,Las Vegas Aces,,,,,C,RA,18.0
2026-07-28,401857095,A'ja Wilson,Las Vegas Aces,,,,,C,RA,18.0
2026-07-28,401857095,A'ja Wilson,Las Vegas Aces,,,,,C,RA,18.0
2026-07-28,401857095,A'ja Wilson,Las Vegas Aces,,,,,C,RA,18.0
2026-07-28,401857095,A'ja Wilson,Las Vegas Aces,,,,,C,REB,14.0
2026-07-28,401857095,A'ja Wilson,Las Vegas Aces,,,,,C,REB,14.0
2026-07-28,401857096,Breanna Stewart,New York Liberty,,,,,F,RA,11.0
2026-07-28,401857096,Breanna Stewart,New York Liberty,,,,,F,REB,4.0
2026-07-28,401857096,Breanna Stewart,New York Liberty,,,,,F,REB,4.0
2026-07-28,401857096,Nneka Ogwumike,Los Angeles Sparks,,,,,F,3PM,3.0
2026-07-28,401857096,Nneka Ogwumike,Los Angeles Sparks,,,,,F,AST,9.0
2026-07-28,401857096,Nneka Ogwumike,Los Angeles Sparks,,,,,F,PA,30.0
2026-07-28,401857096,Nneka Ogwumike,Los Angeles Sparks,,,,,F,PRA,34.0
2026-07-28,401857096,Nneka Ogwumike,Los Angeles Sparks,,,,,F,PTS,21.0
2026-07-28,401857096,Nneka Ogwumike,Los Angeles Sparks,,,,,F,REB,4.0
2026-07-28,401857096,Sabrina Ionescu,New York Liberty,,,,,G,AST,6.0
2026-07-28,401857096,Sabrina Ionescu,New York Liberty,,,,,G,AST,6.0
2026-07-28,401857096,Sabrina Ionescu,New York Liberty,,,,,G,AST,6.0
2026-07-28,401857096,Sabrina Ionescu,New York Liberty,,,,,G,AST,6.0
2026-07-28,401857096,Sabrina Ionescu,New York Liberty,,,,,G,RA,13.0
2026-07-28,401857096,Sabrina Ionescu,New York Liberty,,,,,G,RA,13.0
2026-07-28,401857096,Sabrina Ionescu,New York Liberty,,,,,G,RA,13.0
2026-07-28,401857096,Sabrina Ionescu,New York Liberty,,,,,G,REB,7.0
2026-07-28,401857096,Sabrina Ionescu,New York Liberty,,,,,G,REB,7.0
2026-07-28,401857096,Sabrina Ionescu,New York Liberty,,,,,G,REB,7.0
2026-07-29,401857097,Angel Reese,Atlanta Dream,,,,,F,RA,16.0
2026-07-29,401857097,Arike Ogunbowale,Dallas Wings,,,,,G,AST,5.0
2026-07-29,401857097,Arike Ogunbowale,Dallas Wings,,,,,G,RA,11.0
2026-07-29,401857097,Arike Ogunbowale,Dallas Wings,,,,,G,REB,6.0
2026-07-29,401857097,Azzi Fudd,Dallas Wings,,,,,G,AST,2.0
2026-07-29,401857097,Jessica Shepard,Dallas Wings,,,,,F,AST,5.0
2026-07-29,401857097,Jessica Shepard,Dallas Wings,,,,,F,AST,5.0
2026-07-29,401857097,Jessica Shepard,Dallas Wings,,,,,F,AST,5.0
2026-07-29,401857097,Jordin Canada,Atlanta Dream,,,,,G,3PM,0.0
2026-07-29,401857097,Jordin Canada,Atlanta Dream,,,,,G,3PM,0.0
2026-07-29,401857097,Jordin Canada,Atlanta Dream,,,,,G,3PM,0.0
2026-07-29,401857097,Jordin Canada,Atlanta Dream,,,,,G,3PM,0.0
2026-07-29,401857097,Jordin Canada,Atlanta Dream,,,,,G,AST,8.0
2026-07-29,401857097,Jordin Canada,Atlanta Dream,,,,,G,AST,8.0
2026-07-29,401857097,Jordin Canada,Atlanta Dream,,,,,G,AST,8.0
2026-07-29,401857097,Jordin Canada,Atlanta Dream,,,,,G,AST,8.0
2026-07-29,401857097,Jordin Canada,Atlanta Dream,,,,,G,RA,14.0
2026-07-29,401857097,Jordin Canada,Atlanta Dream,,,,,G,RA,14.0
2026-07-29,401857097,Jordin Canada,Atlanta Dream,,,,,G,RA,14.0
2026-07-29,401857097,Jordin Canada,Atlanta Dream,,,,,G,RA,14.0
2026-07-29,401857097,Jordin Canada,Atlanta Dream,,,,,G,REB,6.0
2026-07-29,401857097,Jordin Canada,Atlanta Dream,,,,,G,REB,6.0
2026-07-29,401857097,Paige Bueckers,Dallas Wings,,,,,G,PRA,26.0
2026-07-29,401857097,Paige Bueckers,Dallas Wings,,,,,G,RA,10.0
2026-07-29,401857097,Paige Bueckers,Dallas Wings,,,,,G,RA,10.0
2026-07-29,401857097,Paige Bueckers,Dallas Wings,,,,,G,RA,10.0
2026-07-29,401857097,Paige Bueckers,Dallas Wings,,,,,G,REB,4.0
2026-07-29,401857097,Paige Bueckers,Dallas Wings,,,,,G,REB,4.0
2026-07-29,401857097,Rhyne Howard,Atlanta Dream,,,,,G,3PM,1.0
2026-07-29,401857097,Rhyne Howard,Atlanta Dream,,,,,G,PA,14.0
2026-07-29,401857097,Rhyne Howard,Atlanta Dream,,,,,G,PA,14.0
2026-07-29,401857097,Rhyne Howard,Atlanta Dream,,,,,G,PA,14.0
2026-07-29,401857097,Rhyne Howard,Atlanta Dream,,,,,G,PA,14.0
2026-07-29,401857097,Rhyne Howard,Atlanta Dream,,,,,G,PA,14.0
2026-07-29,401857097,Rhyne Howard,Atlanta Dream,,,,,G,PR,14.0
2026-07-29,401857097,Rhyne Howard,Atlanta Dream,,,,,G,PR,14.0
2026-07-29,401857097,Rhyne Howard,Atlanta Dream,,,,,G,PR,14.0
2026-07-29,401857097,Rhyne Howard,Atlanta Dream,,,,,G,PRA,19.0
2026-07-29,401857097,Rhyne Howard,Atlanta Dream,,,,,G,PRA,19.0
2026-07-29,401857097,Rhyne Howard,Atlanta Dream,,,,,G,PRA,19.0
2026-07-29,401857097,Rhyne Howard,Atlanta Dream,,,,,G,PRA,19.0
2026-07-29,401857097,Rhyne Howard,Atlanta Dream,,,,,G,PTS,9.0
2026-07-29,401857097,Rhyne Howard,Atlanta Dream,,,,,G,PTS,9.0
2026-07-29,401857097,Rhyne Howard,Atlanta Dream,,,,,G,PTS,9.0
2026-07-29,401857097,Rhyne Howard,Atlanta Dream,,,,,G,PTS,9.0
2026-07-29,401857098,DeWanna Bonner,Phoenix Mercury,,,,,F,3PM,2.0
2026-07-29,401857098,DeWanna Bonner,Phoenix Mercury,,,,,F,3PM,2.0
2026-07-29,401857098,DeWanna Bonner,Phoenix Mercury,,,,,F,3PM,2.0
2026-07-29,401857098,Janelle Salaun,Golden State Valkyries,,,,,F,3PM,2.0
2026-07-29,401857098,Janelle Salaun,Golden State Valkyries,,,,,F,3PM,2.0
2026-07-29,401857098,Janelle Salaun,Golden State Valkyries,,,,,F,3PM,2.0
2026-07-29,401857098,Janelle Salaun,Golden State Valkyries,,,,,F,3PM,2.0
2026-07-29,401857098,Janelle Salaun,Golden State Valkyries,,,,,F,PR,15.0
2026-07-29,401857098,Janelle Salaun,Golden State Valkyries,,,,,F,PR,15.0
2026-07-29,401857098,Janelle Salaun,Golden State Valkyries,,,,,F,PTS,13.0
2026-07-29,401857098,Kahleah Copper,Phoenix Mercury,,,,,G,3PM,3.0
2026-07-29,401857098,Kahleah Copper,Phoenix Mercury,,,,,G,3PM,3.0
2026-07-29,401857098,Kahleah Copper,Phoenix Mercury,,,,,G,3PM,3.0
2026-07-29,401857098,Veronica Burton,Golden State Valkyries,,,,,G,PR,18.0
2026-07-29,401857098,Veronica Burton,Golden State Valkyries,,,,,G,PTS,15.0
2026-07-30,401857099,Courtney Williams,Minnesota Lynx,,,,,G,AST,5.0
2026-07-30,401857099,Courtney Williams,Minnesota Lynx,,,,,G,AST,5.0
2026-07-30,401857099,Courtney Williams,Minnesota Lynx,,,,,G,PR,19.0
2026-07-30,401857099,Courtney Williams,Minnesota Lynx,,,,,G,PR,19.0
2026-07-30,401857099,Natasha Howard,Minnesota Lynx,,,,,F,PR,17.0
2026-07-30,401857099,Natasha Howard,Minnesota Lynx,,,,,F,REB,8.0
2026-07-30,401857100,Aneesah Morrow,Connecticut Sun,,,,,F,REB,7.0
2026-07-30,401857100,Charlisse Leger-Walker,Connecticut Sun,,,,,G,AST,2.0
2026-07-30,401857100,Charlisse Leger-Walker,Connecticut Sun,,,,,G,PA,12.0
2026-07-30,401857100,Charlisse Leger-Walker,Connecticut Sun,,,,,G,PR,11.0
2026-07-30,401857100,Charlisse Leger-Walker,Connecticut Sun,,,,,G,PRA,13.0
2026-07-30,401857100,Charlisse Leger-Walker,Connecticut Sun,,,,,G,PTS,10.0
2026-07-30,401857100,Courtney Vandersloot,Chicago Sky,,,,,G,REB,5.0
2026-07-30,401857100,Kamilla Cardoso,Chicago Sky,,,,,C,PA,27.0
2026-07-30,401857100,Kamilla Cardoso,Chicago Sky,,,,,C,PR,32.0
2026-07-30,401857100,Kamilla Cardoso,Chicago Sky,,,,,C,PRA,33.0
2026-07-30,401857100,Kamilla Cardoso,Chicago Sky,,,,,C,PTS,26.0
2026-07-30,401857100,Kamilla Cardoso,Chicago Sky,,,,,C,REB,6.0
2026-07-30,401857100,Natasha Cloud,Chicago Sky,,,,,G,3PM,0.0
2026-07-30,401857100,Natasha Cloud,Chicago Sky,,,,,G,PR,11.0
2026-07-30,401857101,Breanna Stewart,New York Liberty,,,,,F,AST,1.0
2026-07-30,401857101,Breanna Stewart,New York Liberty,,,,,F,AST,1.0
2026-07-30,401857101,Chelsea Gray,Las Vegas Aces,,,,,G,RA,7.0
2026-07-30,401857101,Jackie Young,Las Vegas Aces,,,,,G,AST,9.0
2026-07-30,401857101,Jackie Young,Las Vegas Aces,,,,,G,RA,11.0
2026-07-30,401857101,Jackie Young,Las Vegas Aces,,,,,G,REB,2.0
2026-07-30,401857101,Jonquel Jones,New York Liberty,,,,,C,AST,5.0
2026-07-30,401857101,Pauline Astier,New York Liberty,,,,,G,PR,20.0
2026-07-30,401857101,Pauline Astier,New York Liberty,,,,,G,REB,1.0
2026-07-30,401857101,Sabrina Ionescu,New York Liberty,,,,,G,REB,4.0
2026-07-31,401857102,Angel Reese,Atlanta Dream,,,,,F,REB,13.0
2026-07-31,401857102,Awa Fam,Seattle Storm,,,,,C,PA,9.0
2026-07-31,401857102,Awa Fam,Seattle Storm,,,,,C,PTS,8.0
2026-07-31,401857102,Brionna Jones,Atlanta Dream,,,,,F,PTS,14.0
2026-07-31,401857102,Dominique Malonga,Seattle Storm,,,,,C,RA,14.0
2026-07-31,401857102,Dominique Malonga,Seattle Storm,,,,,C,RA,14.0
2026-07-31,401857102,Dominique Malonga,Seattle Storm,,,,,C,REB,13.0
2026-07-31,401857102,Dominique Malonga,Seattle Storm,,,,,C,REB,13.0
2026-07-31,401857102,Rhyne Howard,Atlanta Dream,,,,,G,3PM,3.0
2026-07-31,401857102,Rhyne Howard,Atlanta Dream,,,,,G,PA,14.0
2026-07-31,401857102,Rhyne Howard,Atlanta Dream,,,,,G,PR,11.0
2026-07-31,401857102,Rhyne Howard,Atlanta Dream,,,,,G,PRA,16.0
2026-07-31,401857102,Rhyne Howard,Atlanta Dream,,,,,G,PRA,16.0
2026-07-31,401857102,Rhyne Howard,Atlanta Dream,,,,,G,PTS,9.0
2026-07-31,401857102,Rhyne Howard,Atlanta Dream,,,,,G,PTS,9.0
2026-07-31,401857103,Arike Ogunbowale,Dallas Wings,,,,,G,PA,22.0
2026-07-31,401857103,Arike Ogunbowale,Dallas Wings,,,,,G,PRA,24.0
2026-07-31,401857103,Arike Ogunbowale,Dallas Wings,,,,,G,RA,4.0
2026-07-31,401857103,Arike Ogunbowale,Dallas Wings,,,,,G,REB,2.0
2026-07-31,401857103,Azzi Fudd,Dallas Wings,,,,,G,AST,0.0
2026-07-31,401857103,Jessica Shepard,Dallas Wings,,,,,F,AST,8.0
2026-07-31,401857103,Michaela Onyenwere,Washington Mystics,,,,,F,AST,2.0
2026-07-31,401857103,Paige Bueckers,Dallas Wings,,,,,G,PA,25.0
2026-07-31,401857103,Paige Bueckers,Dallas Wings,,,,,G,PA,25.0
2026-07-31,401857103,Paige Bueckers,Dallas Wings,,,,,G,PRA,30.0
2026-07-31,401857103,Paige Bueckers,Dallas Wings,,,,,G,RA,7.0
2026-07-31,401857103,Paige Bueckers,Dallas Wings,,,,,G,REB,5.0
2026-07-31,401857104,Aliyah Boston,Indiana Fever,,,,,C,3PM,0.0
2026-07-31,401857104,Aliyah Boston,Indiana Fever,,,,,C,3PM,0.0
2026-07-31,401857104,Aliyah Boston,Indiana Fever,,,,,C,RA,15.0
2026-07-31,401857104,Aliyah Boston,Indiana Fever,,,,,C,RA,15.0
2026-07-31,401857104,Aliyah Boston,Indiana Fever,,,,,C,REB,9.0
2026-07-31,401857104,Aliyah Boston,Indiana Fever,,,,,C,REB,9.0
2026-07-31,401857104,Bridget Carleton,Portland Fire,,,,,F,RA,5.0
2026-07-31,401857104,Caitlin Clark,Indiana Fever,,,,,G,RA,20.0
2026-07-31,401857104,Caitlin Clark,Indiana Fever,,,,,G,REB,10.0
2026-07-31,401857104,Kelsey Mitchell,Indiana Fever,,,,,G,AST,2.0
2026-08-01,401857105,Chelsea Gray,Las Vegas Aces,,,,,G,RA,10.0
2026-08-01,401857105,Elizabeth Williams,Chicago Sky,,,,,C,RA,4.0
2026-08-01,401857105,Elizabeth Williams,Chicago Sky,,,,,C,REB,3.0
2026-08-01,401857105,Jackie Young,Las Vegas Aces,,,,,G,REB,11.0
2026-08-01,401857105,Kamilla Cardoso,Chicago Sky,,,,,C,RA,14.0
2026-08-01,401857105,Kamilla Cardoso,Chicago Sky,,,,,C,REB,12.0
2026-08-01,401857105,NaLyssa Smith,Las Vegas Aces,,,,,F,REB,6.0
2026-08-01,401857105,Natasha Cloud,Chicago Sky,,,,,G,3PM,2.0
2026-08-01,401857105,Natasha Cloud,Chicago Sky,,,,,G,PR,12.0
2026-08-01,401857105,Natasha Cloud,Chicago Sky,,,,,G,REB,1.0
2026-08-01,401857106,DeWanna Bonner,Phoenix Mercury,,,,,F,REB,7.0
2026-08-01,401857106,Jonquel Jones,New York Liberty,,,,,C,AST,5.0
2026-08-01,401857106,Monique Akoa Makani,Phoenix Mercury,,,,,G,AST,3.0
2026-08-01,401857106,Natasha Mack,Phoenix Mercury,,,,,F,REB,3.0
2026-08-01,401857106,Pauline Astier,New York Liberty,,,,,G,REB,0.0
2026-08-02,401857107,Aliyah Boston,Indiana Fever,,,,,C,PR,23.0
2026-08-02,401857107,Aliyah Boston,Indiana Fever,,,,,C,PR,23.0
2026-08-02,401857107,Aliyah Boston,Indiana Fever,,,,,C,PR,23.0
2026-08-02,401857107,Aliyah Boston,Indiana Fever,,,,,C,PR,23.0
2026-08-02,401857107,Aliyah Boston,Indiana Fever,,,,,C,PTS,15.0
2026-08-02,401857107,Aliyah Boston,Indiana Fever,,,,,C,PTS,15.0
2026-08-02,401857107,Aliyah Boston,Indiana Fever,,,,,C,PTS,15.0
2026-08-02,401857107,Caitlin Clark,Indiana Fever,,,,,G,REB,1.0
2026-08-02,401857107,Courtney Williams,Minnesota Lynx,,,,,G,AST,5.0
2026-08-02,401857107,Courtney Williams,Minnesota Lynx,,,,,G,AST,5.0
2026-08-02,401857107,Courtney Williams,Minnesota Lynx,,,,,G,RA,9.0
2026-08-02,401857107,Courtney Williams,Minnesota Lynx,,,,,G,RA,9.0
2026-08-02,401857107,Courtney Williams,Minnesota Lynx,,,,,G,RA,9.0
2026-08-02,401857107,Courtney Williams,Minnesota Lynx,,,,,G,REB,4.0
2026-08-02,401857107,Courtney Williams,Minnesota Lynx,,,,,G,REB,4.0
2026-08-02,401857107,Kelsey Mitchell,Indiana Fever,,,,,G,AST,3.0
2026-08-02,401857107,Kelsey Mitchell,Indiana Fever,,,,,G,AST,3.0
2026-08-02,401857108,Ariel Atkins,Los Angeles Sparks,,,,,G,AST,6.0
2026-08-02,401857108,Ariel Atkins,Los Angeles Sparks,,,,,G,AST,6.0
2026-08-02,401857108,Cameron Brink,Los Angeles Sparks,,,,,F,PTS,7.0
2026-08-02,401857108,Emily Engstler,Portland Fire,,,,,F,PRA,12.0
2026-08-02,401857108,Nneka Ogwumike,Los Angeles Sparks,,,,,F,PR,32.0
2026-08-02,401857108,Nneka Ogwumike,Los Angeles Sparks,,,,,F,RA,12.0
2026-08-02,401857108,Rae Burrell,Los Angeles Sparks,,,,,G,RA,6.0
2026-08-02,401857109,Charlisse Leger-Walker,Connecticut Sun,,,,,G,PA,2.0
2026-08-02,401857109,Charlisse Leger-Walker,Connecticut Sun,,,,,G,PRA,2.0
2026-08-02,401857109,Charlisse Leger-Walker,Connecticut Sun,,,,,G,PRA,2.0
2026-08-02,401857109,Paige Bueckers,Dallas Wings,,,,,G,PA,10.0
2026-08-02,401857109,Paige Bueckers,Dallas Wings,,,,,G,PA,10.0
2026-08-02,401857109,Paige Bueckers,Dallas Wings,,,,,G,PRA,13.0
2026-08-02,401857109,Paige Bueckers,Dallas Wings,,,,,G,PRA,13.0
2026-08-02,401857109,Paige Bueckers,Dallas Wings,,,,,G,PRA,13.0
2026-08-02,401857109,Paige Bueckers,Dallas Wings,,,,,G,RA,7.0
2026-08-02,401857110,Janelle Salaun,Golden State Valkyries,,,,,F,3PM,4.0
2026-08-02,401857110,Janelle Salaun,Golden State Valkyries,,,,,F,3PM,4.0
2026-08-02,401857110,Janelle Salaun,Golden State Valkyries,,,,,F,PR,27.0
2026-08-02,401857110,Janelle Salaun,Golden State Valkyries,,,,,F,PR,27.0
2026-08-02,401857110,Janelle Salaun,Golden State Valkyries,,,,,F,PR,27.0
2026-08-02,401857110,Janelle Salaun,Golden State Valkyries,,,,,F,PRA,29.0
2026-08-02,401857110,Laura Juskaite,Toronto Tempo,,,,,F,REB,4.0
2026-08-02,401857110,Nyara Sabally,Toronto Tempo,,,,,F,REB,8.0
2026-08-02,401857110,Veronica Burton,Golden State Valkyries,,,,,G,RA,8.0
2026-08-02,401857110,Veronica Burton,Golden State Valkyries,,,,,G,RA,8.0
2026-08-02,401857110,Veronica Burton,Golden State Valkyries,,,,,G,REB,2.0
2026-08-02,401857110,Veronica Burton,Golden State Valkyries,,,,,G,REB,2.0
2026-08-03,401857111,Allisha Gray,Atlanta Dream,,,,,G,AST,2.0
2026-08-03,401857111,Allisha Gray,Atlanta Dream,,,,,G,AST,2.0
2026-08-03,401857111,Allisha Gray,Atlanta Dream,,,,,G,RA,3.0
2026-08-03,401857111,Allisha Gray,Atlanta Dream,,,,,G,RA,3.0
2026-08-03,401857111,Allisha Gray,Atlanta Dream,,,,,G,REB,1.0
2026-08-03,401857111,Allisha Gray,Atlanta Dream,,,,,G,REB,1.0
2026-08-03,401857111,Brionna Jones,Atlanta Dream,,,,,F,PRA,16.0
2026-08-03,401857111,Jordin Canada,Atlanta Dream,,,,,G,3PM,0.0
2026-08-03,401857111,Jordin Canada,Atlanta Dream,,,,,G,AST,7.0
2026-08-03,401857111,Jordin Canada,Atlanta Dream,,,,,G,AST,7.0
2026-08-03,401857111,Jordin Canada,Atlanta Dream,,,,,G,PR,9.0
2026-08-03,401857111,Jordin Canada,Atlanta Dream,,,,,G,PR,9.0
2026-08-03,401857111,Jordin Canada,Atlanta Dream,,,,,G,PTS,7.0
2026-08-03,401857111,Jordin Canada,Atlanta Dream,,,,,G,PTS,7.0
2026-08-03,401857111,Naz Hillmon,Atlanta Dream,,,,,F,REB,1.0
2026-08-03,401857111,Rhyne Howard,Atlanta Dream,,,,,G,PA,21.0
2026-08-03,401857111,Rhyne Howard,Atlanta Dream,,,,,G,PA,21.0
2026-08-03,401857111,Rhyne Howard,Atlanta Dream,,,,,G,PR,20.0
2026-08-03,401857111,Rhyne Howard,Atlanta Dream,,,,,G,PR,20.0
2026-08-03,401857111,Rhyne Howard,Atlanta Dream,,,,,G,PRA,22.0
2026-08-03,401857111,Rhyne Howard,Atlanta Dream,,,,,G,PRA,22.0
2026-08-03,401857111,Rhyne Howard,Atlanta Dream,,,,,G,PTS,19.0
2026-08-03,401857111,Rhyne Howard,Atlanta Dream,,,,,G,PTS,19.0
2026-08-03,401857112,Awa Fam,Seattle Storm,,,,,C,AST,1.0
2026-08-03,401857112,Awa Fam,Seattle Storm,,,,,C,PA,5.0
2026-08-03,401857112,Awa Fam,Seattle Storm,,,,,C,PTS,4.0
2026-08-03,401857112,Awa Fam,Seattle Storm,,,,,C,PTS,4.0
2026-08-03,401857112,Awa Fam,Seattle Storm,,,,,C,PTS,4.0
2026-08-03,401857112,Awa Fam,Seattle Storm,,,,,C,REB,9.0
2026-08-03,401857112,Dominique Malonga,Seattle Storm,,,,,C,RA,7.0
2026-08-03,401857112,Dominique Malonga,Seattle Storm,,,,,C,REB,6.0
2026-08-03,401857112,Flau'jae Johnson,Seattle Storm,,,,,G,3PM,2.0
2026-08-03,401857112,Flau'jae Johnson,Seattle Storm,,,,,G,3PM,2.0
2026-08-03,401857112,Flau'jae Johnson,Seattle Storm,,,,,G,RA,6.0
2026-08-03,401857112,Flau'jae Johnson,Seattle Storm,,,,,G,REB,3.0
2026-08-03,401857112,Jonquel Jones,New York Liberty,,,,,C,3PM,4.0
2026-08-03,401857112,Jonquel Jones,New York Liberty,,,,,C,3PM,4.0
2026-08-03,401857112,Jonquel Jones,New York Liberty,,,,,C,AST,2.0
2026-08-03,401857112,Jonquel Jones,New York Liberty,,,,,C,AST,2.0
2026-08-03,401857112,Jonquel Jones,New York Liberty,,,,,C,REB,7.0
2026-08-03,401857112,Jonquel Jones,New York Liberty,,,,,C,REB,7.0
2026-08-03,401857112,Natisha Hiedeman,Seattle Storm,,,,,G,AST,7.0
2026-08-03,401857112,Natisha Hiedeman,Seattle Storm,,,,,G,RA,8.0
2026-08-03,401857112,Rebecca Allen,New York Liberty,,,,,G,REB,5.0
2026-08-03,401857112,Rebecca Allen,New York Liberty,,,,,G,REB,5.0
2026-08-03,401857113,DeWanna Bonner,Phoenix Mercury,,,,,F,RA,12.0
2026-08-03,401857113,Natasha Cloud,Chicago Sky,,,,,G,PR,18.0
