archive_index,game_date,game_id,player,stat,side,target_win,american_odds,KNN_BASELINE,PEER_HIT,SIMILARITY,REST_FATIGUE,CONTEXT_SCORE,PEER_PLUS_REST,ALL_CONTEXT
756,2026-07-28,401857094,Natisha Hiedeman,PR,UNDER,0,-121.0,0.25467,0.25467,0.25467,0.25467,0.25467,0.25467,0.25467
769,2026-07-28,401857094,Kelsey Mitchell,AST,UNDER,1,-127.0,0.473291,0.473291,0.473291,0.473291,0.473291,0.473291,0.473291
716,2026-07-28,401857095,A'ja Wilson,REB,UNDER,0,-53.0,0.445648,0.445648,0.445648,0.445648,0.445648,0.445648,0.445648
723,2026-07-28,401857095,A'ja Wilson,RA,UNDER,0,-134.0,0.34673,0.34673,0.34673,0.34673,0.34673,0.34673,0.34673
731,2026-07-28,401857095,A'ja Wilson,RA,UNDER,0,-112.0,0.241757,0.241757,0.241757,0.241757,0.241757,0.241757,0.241757
757,2026-07-28,401857095,A'ja Wilson,REB,UNDER,0,-51.25,0.14351,0.14351,0.14351,0.14351,0.14351,0.14351,0.14351
763,2026-07-28,401857095,A'ja Wilson,RA,UNDER,0,-128.0,0.169072,0.169072,0.169072,0.169072,0.169072,0.169072,0.169072
773,2026-07-28,401857095,A'ja Wilson,RA,UNDER,0,106.0,0.079962,0.079962,0.079962,0.079962,0.079962,0.079962,0.079962
666,2026-07-28,401857096,Sabrina Ionescu,AST,UNDER,0,-146.0,0.765109,0.765109,0.765109,0.765109,0.765109,0.765109,0.765109
700,2026-07-28,401857096,Sabrina Ionescu,AST,UNDER,0,-143.25,0.482604,0.482604,0.482604,0.482604,0.482604,0.482604,0.482604
740,2026-07-28,401857096,Sabrina Ionescu,AST,UNDER,0,-170.33,0.523956,0.523956,0.523956,0.523956,0.523956,0.523956,0.523956
766,2026-07-28,401857096,Nneka Ogwumike,PTS,UNDER,0,-55.75,0.152061,0.152061,0.152061,0.152061,0.152061,0.152061,0.152061
772,2026-07-28,401857096,Nneka Ogwumike,PRA,UNDER,0,-122.0,0.068116,0.068116,0.068116,0.068116,0.068116,0.068116,0.068116
775,2026-07-28,401857096,Nneka Ogwumike,PA,UNDER,0,-125.0,0.150321,0.150321,0.150321,0.150321,0.150321,0.150321,0.150321
776,2026-07-28,401857096,Nneka Ogwumike,AST,UNDER,0,-148.5,0.222057,0.222057,0.222057,0.222057,0.222057,0.222057,0.222057
780,2026-07-28,401857096,Sabrina Ionescu,AST,UNDER,0,120.0,0.36534,0.36534,0.36534,0.36534,0.36534,0.36534,0.36534
703,2026-07-29,401857097,Rhyne Howard,PA,UNDER,1,-128.0,0.476967,0.476967,0.476967,0.476967,0.476967,0.476967,0.476967
706,2026-07-29,401857097,Rhyne Howard,PRA,UNDER,1,-121.0,0.449761,0.449761,0.449761,0.449761,0.449761,0.449761,0.449761
707,2026-07-29,401857097,Rhyne Howard,PTS,UNDER,1,-117.67,0.854247,0.854247,0.854247,0.854247,0.854247,0.854247,0.854247
709,2026-07-29,401857097,Rhyne Howard,PR,UNDER,1,-111.5,0.891267,0.891267,0.891267,0.891267,0.891267,0.891267,0.891267
711,2026-07-29,401857097,Rhyne Howard,PA,UNDER,1,-102.0,0.570209,0.30221,0.24556,0.462361,0.262334,0.319212,0.323896
742,2026-07-29,401857097,Rhyne Howard,PA,UNDER,1,-127.0,0.711168,0.498647,0.402012,0.593974,0.450827,0.499318,0.504589
745,2026-07-29,401857097,Rhyne Howard,PRA,UNDER,1,-119.33,0.773269,0.589574,0.73296,0.672281,0.630599,0.772598,0.794148
746,2026-07-29,401857097,Rhyne Howard,PTS,UNDER,1,-116.5,0.98,0.93278,0.962388,0.9117,0.941899,0.947577,0.939423
787,2026-07-29,401857097,Rhyne Howard,PA,UNDER,1,-124.5,0.769156,0.615344,0.499032,0.688098,0.563838,0.607456,0.61736
789,2026-07-29,401857097,Rhyne Howard,PRA,UNDER,1,-122.67,0.827384,0.673481,0.791411,0.74558,0.703284,0.824429,0.844957
790,2026-07-29,401857097,Rhyne Howard,PTS,UNDER,1,-114.0,0.98,0.923417,0.95754,0.911759,0.932958,0.945661,0.940261
791,2026-07-29,401857097,Rhyne Howard,PR,UNDER,1,-114.0,0.926562,0.800903,0.921968,0.830187,0.824757,0.924629,0.915701
813,2026-07-29,401857097,Rhyne Howard,PA,UNDER,1,-127.5,0.877259,0.764673,0.649307,0.797115,0.720993,0.726149,0.726175
815,2026-07-29,401857097,Rhyne Howard,PRA,UNDER,1,-112.0,0.870738,0.742554,0.830301,0.80231,0.767215,0.857527,0.878016
816,2026-07-29,401857097,Rhyne Howard,PTS,UNDER,1,-118.5,0.98,0.922456,0.952633,0.917096,0.930417,0.94478,0.943568
817,2026-07-29,401857097,Rhyne Howard,PR,UNDER,1,-107.5,0.93421,0.827778,0.925233,0.856482,0.848176,0.930222,0.925689
836,2026-07-30,401857099,Natasha Howard,PR,UNDER,1,-115.0,0.814309,0.689171,0.916006,0.803721,0.722852,0.662439,0.977501
831,2026-07-30,401857100,Charlisse Leger-Walker,PR,UNDER,0,-119.0,0.98,0.921257,0.97165,0.607213,0.937068,0.843743,0.81759
835,2026-07-30,401857100,Charlisse Leger-Walker,PRA,UNDER,1,-112.0,0.072371,0.175326,0.23589,0.050966,0.191004,0.062693,0.04332
838,2026-07-30,401857100,Charlisse Leger-Walker,PA,UNDER,0,-114.0,0.167064,0.335014,0.374959,0.182558,0.33041,0.206039,0.186486
874,2026-07-30,401857100,Kamilla Cardoso,REB,UNDER,1,-115.33,0.08017,0.245513,0.271073,0.026571,0.239181,0.076699,0.053415
819,2026-07-30,401857101,Pauline Astier,REB,UNDER,1,-208.0,0.729719,0.612558,0.687223,0.30966,0.620889,0.533062,0.601152
833,2026-07-30,401857101,Pauline Astier,PR,UNDER,0,-119.0,0.935489,0.7441,0.881591,0.53382,0.78868,0.819362,0.919193
852,2026-07-31,401857102,Rhyne Howard,PRA,UNDER,1,-131.5,0.680232,0.544007,0.596167,0.528632,0.577756,0.438457,0.695916
853,2026-07-31,401857102,Rhyne Howard,PTS,UNDER,1,-131.67,0.818091,0.651417,0.663864,0.728311,0.647195,0.652283,0.804707
854,2026-07-31,401857102,Rhyne Howard,PTS,UNDER,1,-116.0,0.890019,0.707539,0.720355,0.815412,0.705637,0.756505,0.8641
856,2026-07-31,401857102,Rhyne Howard,PR,UNDER,1,-124.5,0.943005,0.775737,0.83368,0.868984,0.7674,0.9053,0.928357
857,2026-07-31,401857102,Rhyne Howard,PA,UNDER,1,-110.5,0.901822,0.764288,0.70283,0.864957,0.720443,0.779329,0.847372
861,2026-07-31,401857102,Rhyne Howard,PRA,UNDER,1,-107.0,0.956702,0.783305,0.810615,0.9026,0.803381,0.853275,0.922143
865,2026-07-31,401857103,Azzi Fudd,AST,OVER,0,-188.5,0.720534,0.655813,0.607717,0.77188,0.639258,0.587623,0.845641
867,2026-07-31,401857103,Jessica Shepard,AST,OVER,1,-142.5,0.735832,0.643775,0.59997,0.788334,0.625138,0.704452,0.784034
818,2026-07-31,401857104,Aliyah Boston,RA,UNDER,0,-108.0,0.127711,0.401276,0.362911,0.571741,0.347165,0.650154,0.38328
832,2026-07-31,401857104,Aliyah Boston,REB,UNDER,0,-127.75,0.828117,0.673068,0.682337,0.753705,0.693068,0.784249,0.788351
839,2026-07-31,401857104,Aliyah Boston,3PM,UNDER,1,-270.0,0.650504,0.543607,0.526607,0.641428,0.591958,0.584928,0.586586
851,2026-07-31,401857104,Kelsey Mitchell,AST,UNDER,1,-217.0,0.623036,0.599605,0.581135,0.697175,0.556052,0.597505,0.668222
855,2026-07-31,401857104,Aliyah Boston,RA,UNDER,0,-115.5,0.103017,0.36737,0.339897,0.463203,0.320004,0.538598,0.233196
866,2026-07-31,401857104,Aliyah Boston,REB,UNDER,0,-138.25,0.700609,0.602858,0.616579,0.655455,0.623378,0.69775,0.712586
875,2026-07-31,401857104,Aliyah Boston,3PM,UNDER,1,-286.5,0.762114,0.599961,0.585035,0.642009,0.643136,0.607599,0.629444
890,2026-08-01,401857105,Natasha Cloud,REB,UNDER,1,-168.33,0.533714,0.535307,0.562197,0.341593,0.540281,0.538833,0.475202
907,2026-08-01,401857105,Natasha Cloud,PR,UNDER,1,-116.0,0.173279,0.379597,0.442318,0.302669,0.384971,0.478061,0.432488
908,2026-08-01,401857105,Kamilla Cardoso,REB,UNDER,0,56.5,0.439814,0.528703,0.548884,0.482159,0.522303,0.588888,0.626656
883,2026-08-01,401857106,Pauline Astier,REB,UNDER,1,-233.0,0.614264,0.582631,0.614749,0.602496,0.581741,0.617379,0.784618
905,2026-08-01,401857106,Jonquel Jones,AST,OVER,1,57.25,0.558263,0.572144,0.546624,0.613111,0.557816,0.563836,0.593158
893,2026-08-02,401857107,Kelsey Mitchell,AST,UNDER,0,-133.0,0.488451,0.554868,0.586726,0.630084,0.546503,0.683796,0.785678
906,2026-08-02,401857107,Aliyah Boston,PTS,UNDER,1,-123.33,0.440514,0.519602,0.584786,0.687089,0.524641,0.653594,0.752419
933,2026-08-02,401857107,Kelsey Mitchell,AST,UNDER,0,-118.0,0.319643,0.485641,0.522403,0.555556,0.478209,0.610852,0.720277
947,2026-08-02,401857107,Aliyah Boston,PTS,UNDER,1,-123.5,0.720482,0.631,0.683872,0.757773,0.634529,0.723551,0.786154
948,2026-08-02,401857107,Aliyah Boston,PTS,UNDER,1,-108.5,0.60572,0.590577,0.651067,0.739103,0.594058,0.701795,0.796632
915,2026-08-02,401857109,Charlisse Leger-Walker,PRA,UNDER,1,-133.0,0.840157,0.704884,0.763065,0.710465,0.720946,0.76363,0.7694
916,2026-08-02,401857109,Charlisse Leger-Walker,PA,UNDER,1,-128.0,0.81771,0.699491,0.721556,0.707445,0.699423,0.727403,0.763901
931,2026-08-02,401857109,Charlisse Leger-Walker,PRA,UNDER,1,-129.0,0.354465,0.507677,0.567063,0.556293,0.527238,0.592558,0.640272
895,2026-08-02,401857110,Janelle Salaun,3PM,UNDER,0,-200.0,0.699053,0.659506,0.663541,0.526862,0.699383,0.675007,0.748985
937,2026-08-02,401857110,Janelle Salaun,3PM,UNDER,0,-195.75,0.559502,0.569877,0.601161,0.451566,0.612695,0.581976,0.626455
1006,2026-08-02,401857110,Laura Juskaite,REB,OVER,1,-167.0,0.642719,0.607402,0.669133,0.128414,0.61301,0.386609,0.179562
914,2026-08-03,401857111,Rhyne Howard,PTS,UNDER,0,-115.5,0.893286,0.741983,0.747342,0.746917,0.74692,0.769331,0.77988
917,2026-08-03,401857111,Rhyne Howard,PR,UNDER,1,-119.5,0.894068,0.724799,0.85041,0.717788,0.730303,0.86317,0.858997
918,2026-08-03,401857111,Rhyne Howard,PA,UNDER,0,-124.0,0.801808,0.679923,0.689596,0.678125,0.677882,0.71634,0.726688
919,2026-08-03,401857111,Rhyne Howard,PRA,UNDER,1,-126.0,0.789416,0.647155,0.698371,0.649518,0.662932,0.695996,0.687711
953,2026-08-03,401857111,Rhyne Howard,PTS,UNDER,0,-111.0,0.71653,0.629739,0.638694,0.632341,0.635066,0.65464,0.680472
954,2026-08-03,401857111,Rhyne Howard,PR,UNDER,1,-120.5,0.811719,0.663864,0.811616,0.65204,0.669937,0.81886,0.81766
957,2026-08-03,401857111,Rhyne Howard,PA,UNDER,0,-117.5,0.64908,0.604413,0.617689,0.599632,0.601998,0.636577,0.655041
960,2026-08-03,401857111,Rhyne Howard,PRA,UNDER,1,-124.67,0.751064,0.62412,0.674669,0.619716,0.639564,0.662537,0.657729
938,2026-08-03,401857112,Jonquel Jones,AST,OVER,0,-152.0,0.635741,0.609812,0.552512,0.72468,0.582298,0.614944,0.746133
966,2026-08-03,401857112,Natisha Hiedeman,AST,UNDER,0,-127.75,0.513673,0.544421,0.513679,0.519538,0.537085,0.494405,0.630352
975,2026-08-03,401857112,Jonquel Jones,AST,OVER,0,-154.25,0.398896,0.496975,0.455282,0.618042,0.469811,0.505548,0.603465
987,2026-08-03,401857112,Awa Fam,REB,OVER,1,-127.0,0.554583,0.540432,0.551357,0.430052,0.547271,0.548403,0.400369
978,2026-08-03,401857113,Natasha Cloud,PR,UNDER,0,-122.0,0.407934,0.492165,0.593175,0.433843,0.482701,0.622533,0.535138
