classification,archive_index,game_id,player,stat,alt_line,side,book,price,record_id,legacy_archive_index
SAME_MARKET_PRICE_VARIANT,63,401857065,Kahleah Copper,REB,3.5,OVER,,-136.4,,63
SAME_MARKET_PRICE_VARIANT,98,401857065,Kahleah Copper,REB,3.5,OVER,,-126.4,,98
SAME_MARKET_PRICE_VARIANT,64,401857064,Allisha Gray,3PM,1.5,UNDER,,109.5,,64
SAME_MARKET_PRICE_VARIANT,99,401857064,Allisha Gray,3PM,1.5,UNDER,,108.75,,99
SAME_MARKET_PRICE_VARIANT,65,401857065,Kayla McBride,PTS,16.5,OVER,,-66.6,,65
SAME_MARKET_PRICE_VARIANT,101,401857065,Kayla McBride,PTS,16.5,OVER,,-111.4,,101
SAME_MARKET_PRICE_VARIANT,66,401857064,Naz Hillmon,3PM,1.5,UNDER,,-203.75,,66
SAME_MARKET_PRICE_VARIANT,102,401857064,Naz Hillmon,3PM,1.5,UNDER,,-199.5,,102
SAME_MARKET_PRICE_VARIANT,70,401857067,Shakira Austin,AST,3.5,UNDER,,-192.0,,70
SAME_MARKET_PRICE_VARIANT,104,401857067,Shakira Austin,AST,3.5,UNDER,,-185.0,,104
SAME_MARKET_PRICE_VARIANT,139,401857067,Shakira Austin,AST,3.5,UNDER,,-192.0,,139
SAME_MARKET_PRICE_VARIANT,174,401857067,Shakira Austin,AST,3.5,UNDER,,-218.0,,174
SAME_MARKET_PRICE_VARIANT,71,401857065,Nia Coffey,PTS,7.5,UNDER,,-111.25,,71
SAME_MARKET_PRICE_VARIANT,105,401857065,Nia Coffey,PTS,7.5,UNDER,,-113.0,,105
SAME_MARKET_PRICE_VARIANT,72,401857065,Nia Coffey,PR,13.5,UNDER,,-126.0,,72
SAME_MARKET_PRICE_VARIANT,106,401857065,Nia Coffey,PR,13.5,UNDER,,-130.0,,106
SAME_MARKET_PRICE_VARIANT,73,401857065,Nia Coffey,PRA,15.5,UNDER,,-110.67,,73
SAME_MARKET_PRICE_VARIANT,107,401857065,Nia Coffey,PRA,15.5,UNDER,,-116.33,,107
SAME_MARKET_PRICE_VARIANT,74,401857064,Rhyne Howard,PRA,28.5,UNDER,,-122.0,,74
SAME_MARKET_PRICE_VARIANT,109,401857064,Rhyne Howard,PRA,28.5,UNDER,,-122.67,,109
SAME_MARKET_PRICE_VARIANT,75,401857064,Rhyne Howard,PA,23.5,UNDER,,-110.5,,75
SAME_MARKET_PRICE_VARIANT,110,401857064,Rhyne Howard,PA,23.5,UNDER,,-114.5,,110
SAME_MARKET_PRICE_VARIANT,77,401857064,Nneka Ogwumike,AST,2.5,OVER,,-165.0,,77
SAME_MARKET_PRICE_VARIANT,112,401857064,Nneka Ogwumike,AST,2.5,OVER,,-170.5,,112
SAME_MARKET_PRICE_VARIANT,78,401857067,Georgia Amoore,PRA,12.5,UNDER,,-118.0,,78
SAME_MARKET_PRICE_VARIANT,111,401857067,Georgia Amoore,PRA,12.5,UNDER,,-110.0,,111
SAME_MARKET_PRICE_VARIANT,79,401857065,Alyssa Thomas,RA,15.5,UNDER,,-126.0,,79
SAME_MARKET_PRICE_VARIANT,114,401857065,Alyssa Thomas,RA,15.5,UNDER,,-140.0,,114
SAME_MARKET_PRICE_VARIANT,80,401857065,Kayla McBride,PR,19.5,OVER,,-130.0,,80
SAME_MARKET_PRICE_VARIANT,113,401857065,Kayla McBride,PR,19.5,OVER,,-123.0,,113
SAME_MARKET_PRICE_VARIANT,82,401857067,Georgia Amoore,3PM,1.5,UNDER,,-185.0,,82
SAME_MARKET_PRICE_VARIANT,116,401857067,Georgia Amoore,3PM,1.5,UNDER,,-192.0,,116
SAME_MARKET_PRICE_VARIANT,143,401857067,Georgia Amoore,3PM,1.5,UNDER,,-192.0,,143
SAME_MARKET_PRICE_VARIANT,83,401857065,Nia Coffey,3PM,1.5,UNDER,,-173.0,,83
SAME_MARKET_PRICE_VARIANT,115,401857065,Nia Coffey,3PM,1.5,UNDER,,-170.5,,115
SAME_MARKET_PRICE_VARIANT,84,401857064,Rhyne Howard,PR,24.5,UNDER,,-113.0,,84
SAME_MARKET_PRICE_VARIANT,117,401857064,Rhyne Howard,PR,24.5,UNDER,,-117.0,,117
SAME_MARKET_PRICE_VARIANT,85,401857064,Rhyne Howard,PTS,19.5,UNDER,,-104.0,,85
SAME_MARKET_PRICE_VARIANT,118,401857064,Rhyne Howard,PTS,19.5,UNDER,,-105.5,,118
SAME_MARKET_PRICE_VARIANT,86,401857065,Nia Coffey,REB,5.5,UNDER,,-129.0,,86
SAME_MARKET_PRICE_VARIANT,119,401857065,Nia Coffey,REB,5.5,UNDER,,-131.0,,119
SAME_MARKET_PRICE_VARIANT,88,401857067,Kiki Iriafen,AST,2.5,UNDER,,-179.0,,88
SAME_MARKET_PRICE_VARIANT,121,401857067,Kiki Iriafen,AST,2.5,UNDER,,-175.0,,121
SAME_MARKET_PRICE_VARIANT,145,401857067,Kiki Iriafen,AST,2.5,UNDER,,-196.0,,145
SAME_MARKET_PRICE_VARIANT,89,401857065,Kayla McBride,PRA,22.5,OVER,,-122.5,,89
SAME_MARKET_PRICE_VARIANT,122,401857065,Kayla McBride,PRA,22.5,OVER,,-120.75,,122
SAME_MARKET_PRICE_VARIANT,90,401857066,Carla Leite,REB,2.5,OVER,,35.67,,90
SAME_MARKET_PRICE_VARIANT,124,401857066,Carla Leite,REB,2.5,OVER,,36.0,,124
SAME_MARKET_PRICE_VARIANT,146,401857066,Carla Leite,REB,2.5,OVER,,52.0,,146
SAME_MARKET_PRICE_VARIANT,91,401857067,Kiki Iriafen,REB,10.5,UNDER,,-125.5,,91
SAME_MARKET_PRICE_VARIANT,125,401857067,Kiki Iriafen,REB,10.5,UNDER,,-122.25,,125
SAME_MARKET_PRICE_VARIANT,148,401857067,Kiki Iriafen,REB,10.5,UNDER,,-113.5,,148
SAME_MARKET_PRICE_VARIANT,193,401857067,Kiki Iriafen,REB,10.5,UNDER,,-113.0,,193
SAME_MARKET_PRICE_VARIANT,92,401857065,Courtney Williams,RA,9.5,OVER,,116.0,,92
SAME_MARKET_PRICE_VARIANT,123,401857065,Courtney Williams,RA,9.5,OVER,,0.0,,123
SAME_MARKET_PRICE_VARIANT,93,401857065,Kayla McBride,PA,19.5,OVER,,-113.5,,93
SAME_MARKET_PRICE_VARIANT,127,401857065,Kayla McBride,PA,19.5,OVER,,-111.5,,127
SAME_MARKET_PRICE_VARIANT,94,401857064,Dearica Hamby,PTS,15.5,OVER,,-120.0,,94
SAME_MARKET_PRICE_VARIANT,128,401857064,Dearica Hamby,PTS,15.5,OVER,,-120.75,,128
SAME_MARKET_PRICE_VARIANT,95,401857064,Ariel Atkins,REB,2.5,OVER,,-159.5,,95
SAME_MARKET_PRICE_VARIANT,129,401857064,Ariel Atkins,REB,2.5,OVER,,-165.5,,129
SAME_MARKET_PRICE_VARIANT,103,401857066,Emily Engstler,REB,5.5,OVER,,-145.25,,103
SAME_MARKET_PRICE_VARIANT,138,401857066,Emily Engstler,REB,5.5,OVER,,-144.4,,138
SAME_MARKET_PRICE_VARIANT,142,401857067,Laura Juskaite,REB,4.5,UNDER,,-163.0,,142
SAME_MARKET_PRICE_VARIANT,180,401857067,Laura Juskaite,REB,4.5,UNDER,,-162.0,,180
SAME_MARKET_PRICE_VARIANT,151,401857066,Sarah Ashlee Barker,3PM,1.5,UNDER,,-205.25,,151
SAME_MARKET_PRICE_VARIANT,196,401857066,Sarah Ashlee Barker,3PM,1.5,UNDER,,-209.0,,196
SAME_MARKET_PRICE_VARIANT,153,401857070,Kelsey Mitchell,PA,23.5,OVER,,-120.0,,153
SAME_MARKET_PRICE_VARIANT,199,401857070,Kelsey Mitchell,PA,23.5,OVER,,-112.0,,199
SAME_MARKET_PRICE_VARIANT,155,401857070,Kelsey Mitchell,3PM,2.5,OVER,,-114.5,,155
SAME_MARKET_PRICE_VARIANT,202,401857070,Kelsey Mitchell,3PM,2.5,OVER,,-113.8,,202
SAME_MARKET_PRICE_VARIANT,163,401857070,Gabby Williams,AST,2.5,UNDER,,-182.0,,163
SAME_MARKET_PRICE_VARIANT,209,401857070,Gabby Williams,AST,2.5,UNDER,,-187.0,,209
SAME_MARKET_PRICE_VARIANT,164,401857070,Aliyah Boston,PTS,15.5,OVER,,-104.5,,164
SAME_MARKET_PRICE_VARIANT,213,401857070,Aliyah Boston,PTS,15.5,OVER,,-123.0,,213
SAME_MARKET_PRICE_VARIANT,168,401857070,Kelsey Mitchell,AST,2.5,OVER,,-124.5,,168
SAME_MARKET_PRICE_VARIANT,215,401857070,Kelsey Mitchell,AST,2.5,OVER,,-130.67,,215
SAME_MARKET_PRICE_VARIANT,170,401857069,Ariel Atkins,REB,3.5,UNDER,,-177.0,,170
SAME_MARKET_PRICE_VARIANT,216,401857069,Ariel Atkins,REB,3.5,UNDER,,-181.0,,216
SAME_MARKET_PRICE_VARIANT,172,401857069,Courtney Williams,PA,19.5,UNDER,,-108.0,,172
SAME_MARKET_PRICE_VARIANT,218,401857069,Courtney Williams,PA,19.5,UNDER,,-114.5,,218
SAME_MARKET_PRICE_VARIANT,173,401857070,Aliyah Boston,PRA,27.5,OVER,,-108.0,,173
SAME_MARKET_PRICE_VARIANT,223,401857070,Aliyah Boston,PRA,27.5,OVER,,-129.0,,223
SAME_MARKET_PRICE_VARIANT,175,401857070,Aliyah Boston,REB,8.5,OVER,,-132.0,,175
SAME_MARKET_PRICE_VARIANT,224,401857070,Aliyah Boston,REB,8.5,OVER,,-148.5,,224
SAME_MARKET_PRICE_VARIANT,176,401857070,Gabby Williams,RA,5.5,UNDER,,-125.0,,176
SAME_MARKET_PRICE_VARIANT,227,401857070,Gabby Williams,RA,5.5,UNDER,,-136.0,,227
SAME_MARKET_PRICE_VARIANT,178,401857069,Courtney Williams,PRA,25.5,UNDER,,-125.0,,178
SAME_MARKET_PRICE_VARIANT,229,401857069,Courtney Williams,PRA,25.5,UNDER,,-130.0,,229
SAME_MARKET_PRICE_VARIANT,181,401857069,Kayla McBride,PRA,24.5,OVER,,-105.0,,181
SAME_MARKET_PRICE_VARIANT,244,401857069,Kayla McBride,PRA,24.5,OVER,,-115.5,,244
SAME_MARKET_PRICE_VARIANT,182,401857069,Courtney Williams,PTS,15.5,UNDER,,-110.5,,182
SAME_MARKET_PRICE_VARIANT,245,401857069,Courtney Williams,PTS,15.5,UNDER,,-117.0,,245
SAME_MARKET_PRICE_VARIANT,183,401857070,Veronica Burton,3PM,1.5,UNDER,,-244.0,,183
SAME_MARKET_PRICE_VARIANT,243,401857070,Veronica Burton,3PM,1.5,UNDER,,-240.67,,243
SAME_MARKET_PRICE_VARIANT,184,401857070,Aliyah Boston,PR,24.5,OVER,,-111.5,,184
SAME_MARKET_PRICE_VARIANT,253,401857070,Aliyah Boston,PR,24.5,OVER,,-128.0,,253
SAME_MARKET_PRICE_VARIANT,185,401857070,Gabby Williams,REB,3.5,UNDER,,-165.0,,185
SAME_MARKET_PRICE_VARIANT,250,401857070,Gabby Williams,REB,3.5,UNDER,,-170.0,,250
SAME_MARKET_PRICE_VARIANT,186,401857070,Veronica Burton,REB,3.5,UNDER,,-179.5,,186
SAME_MARKET_PRICE_VARIANT,254,401857070,Veronica Burton,REB,3.5,UNDER,,-174.0,,254
SAME_MARKET_PRICE_VARIANT,188,401857069,Courtney Williams,RA,9.5,OVER,,0.0,,188
SAME_MARKET_PRICE_VARIANT,258,401857069,Courtney Williams,RA,9.5,OVER,,-106.5,,258
SAME_MARKET_PRICE_VARIANT,191,401857069,Nneka Ogwumike,PA,20.5,OVER,,-121.0,,191
SAME_MARKET_PRICE_VARIANT,262,401857069,Nneka Ogwumike,PA,20.5,OVER,,-115.5,,262
SAME_MARKET_PRICE_VARIANT,192,401857069,Nneka Ogwumike,PTS,17.5,OVER,,-109.0,,192
SAME_MARKET_PRICE_VARIANT,256,401857069,Nneka Ogwumike,PTS,17.5,OVER,,-56.5,,256
SAME_MARKET_PRICE_VARIANT,194,401857069,Kayla McBride,REB,3.5,OVER,,-118.5,,194
SAME_MARKET_PRICE_VARIANT,267,401857069,Kayla McBride,REB,3.5,OVER,,3.0,,267
SAME_MARKET_PRICE_VARIANT,211,401892393,Sabrina Ionescu,AST,5.5,UNDER,,-167.67,,211
SAME_MARKET_PRICE_VARIANT,276,401892393,Sabrina Ionescu,AST,5.5,UNDER,,-165.67,,276
SAME_MARKET_PRICE_VARIANT,540,401892393,Sabrina Ionescu,AST,5.5,UNDER,,-155.67,,540
SAME_MARKET_PRICE_VARIANT,232,401892393,Azzi Fudd,PA,16.5,UNDER,,-116.5,,232
SAME_MARKET_PRICE_VARIANT,289,401892393,Azzi Fudd,PA,16.5,UNDER,,-105.5,,289
SAME_MARKET_PRICE_VARIANT,260,401857071,Shakira Austin,PRA,27.5,UNDER,,-124.0,,260
SAME_MARKET_PRICE_VARIANT,296,401857071,Shakira Austin,PRA,27.5,UNDER,,-112.0,,296
SAME_MARKET_PRICE_VARIANT,270,401857073,Kelsey Mitchell,3PM,2.5,OVER,,-144.0,,270
SAME_MARKET_PRICE_VARIANT,312,401857073,Kelsey Mitchell,3PM,2.5,OVER,,-127.4,,312
SAME_MARKET_PRICE_VARIANT,271,401857073,Kelsey Mitchell,AST,2.5,OVER,,-161.0,,271
SAME_MARKET_PRICE_VARIANT,313,401857073,Kelsey Mitchell,AST,2.5,OVER,,-145.5,,313
SAME_MARKET_PRICE_VARIANT,274,401857073,Natisha Hiedeman,AST,4.5,UNDER,,-114.0,,274
SAME_MARKET_PRICE_VARIANT,321,401857073,Natisha Hiedeman,AST,4.5,UNDER,,-150.0,,321
SAME_MARKET_PRICE_VARIANT,275,401857075,Nneka Ogwumike,PTS,16.5,OVER,,-118.5,,275
SAME_MARKET_PRICE_VARIANT,322,401857075,Nneka Ogwumike,PTS,16.5,OVER,,-127.0,,322
SAME_MARKET_PRICE_VARIANT,277,401857074,Rhyne Howard,PA,22.5,UNDER,,-115.5,,277
SAME_MARKET_PRICE_VARIANT,325,401857074,Rhyne Howard,PA,22.5,UNDER,,-110.5,,325
SAME_MARKET_PRICE_VARIANT,279,401857075,Courtney Vandersloot,PRA,16.5,UNDER,,-120.0,,279
SAME_MARKET_PRICE_VARIANT,328,401857075,Courtney Vandersloot,PRA,16.5,UNDER,,-116.5,,328
SAME_MARKET_PRICE_VARIANT,281,401857075,Courtney Vandersloot,RA,7.5,UNDER,,-138.0,,281
SAME_MARKET_PRICE_VARIANT,330,401857075,Courtney Vandersloot,RA,7.5,UNDER,,-131.0,,330
SAME_MARKET_PRICE_VARIANT,284,401857074,Rhyne Howard,PTS,19.5,UNDER,,-128.0,,284
SAME_MARKET_PRICE_VARIANT,336,401857074,Rhyne Howard,PTS,19.5,UNDER,,-122.67,,336
SAME_MARKET_PRICE_VARIANT,285,401857075,Nneka Ogwumike,PRA,28.5,OVER,,-108.0,,285
SAME_MARKET_PRICE_VARIANT,341,401857075,Nneka Ogwumike,PRA,28.5,OVER,,-124.0,,341
SAME_MARKET_PRICE_VARIANT,286,401857075,Kamilla Cardoso,RA,11.5,UNDER,,-104.0,,286
SAME_MARKET_PRICE_VARIANT,334,401857075,Kamilla Cardoso,RA,11.5,UNDER,,-2.0,,334
SAME_MARKET_PRICE_VARIANT,287,401857075,Kamilla Cardoso,REB,8.5,UNDER,,-102.0,,287
SAME_MARKET_PRICE_VARIANT,337,401857075,Kamilla Cardoso,REB,8.5,UNDER,,108.0,,337
SAME_MARKET_PRICE_VARIANT,288,401857075,Courtney Vandersloot,PR,11.5,UNDER,,-119.5,,288
SAME_MARKET_PRICE_VARIANT,340,401857075,Courtney Vandersloot,PR,11.5,UNDER,,-113.0,,340
SAME_MARKET_PRICE_VARIANT,291,401857075,Courtney Vandersloot,PTS,8.5,UNDER,,-111.5,,291
SAME_MARKET_PRICE_VARIANT,342,401857075,Courtney Vandersloot,PTS,8.5,UNDER,,-35.67,,342
SAME_MARKET_PRICE_VARIANT,293,401857075,Dearica Hamby,RA,10.5,UNDER,,-132.0,,293
SAME_MARKET_PRICE_VARIANT,345,401857075,Dearica Hamby,RA,10.5,UNDER,,-144.0,,345
SAME_MARKET_PRICE_VARIANT,294,401857075,Natasha Cloud,REB,3.5,UNDER,,-166.0,,294
SAME_MARKET_PRICE_VARIANT,344,401857075,Natasha Cloud,REB,3.5,UNDER,,-129.5,,344
SAME_MARKET_PRICE_VARIANT,297,401857076,Charlisse Leger-Walker,PRA,15.5,UNDER,,-128.0,,297
SAME_MARKET_PRICE_VARIANT,350,401857076,Charlisse Leger-Walker,PRA,15.5,UNDER,,-131.5,,350
SAME_MARKET_PRICE_VARIANT,298,401857074,Rhyne Howard,PRA,26.5,UNDER,,-112.5,,298
SAME_MARKET_PRICE_VARIANT,348,401857074,Rhyne Howard,PRA,26.5,UNDER,,-107.5,,348
SAME_MARKET_PRICE_VARIANT,299,401857074,Rhyne Howard,PR,23.5,UNDER,,-124.5,,299
SAME_MARKET_PRICE_VARIANT,349,401857074,Rhyne Howard,PR,23.5,UNDER,,-121.0,,349
SAME_MARKET_PRICE_VARIANT,301,401857076,Charlisse Leger-Walker,PR,11.5,UNDER,,-111.0,,301
SAME_MARKET_PRICE_VARIANT,352,401857076,Charlisse Leger-Walker,PR,11.5,UNDER,,-112.0,,352
SAME_MARKET_PRICE_VARIANT,303,401857073,Caitlin Clark,3PM,2.5,UNDER,,-163.5,,303
SAME_MARKET_PRICE_VARIANT,355,401857073,Caitlin Clark,3PM,2.5,UNDER,,-152.0,,355
SAME_MARKET_PRICE_VARIANT,305,401857076,Charlisse Leger-Walker,AST,3.5,UNDER,,-138.5,,305
SAME_MARKET_PRICE_VARIANT,358,401857076,Charlisse Leger-Walker,AST,3.5,UNDER,,-139.33,,358
SAME_MARKET_PRICE_VARIANT,307,401857075,Kamilla Cardoso,PRA,26.5,UNDER,,-122.0,,307
SAME_MARKET_PRICE_VARIANT,359,401857075,Kamilla Cardoso,PRA,26.5,UNDER,,-104.0,,359
SAME_MARKET_PRICE_VARIANT,318,401857078,Kayla McBride,PRA,23.5,OVER,,-128.0,,318
SAME_MARKET_PRICE_VARIANT,372,401857078,Kayla McBride,PRA,23.5,OVER,,-113.67,,372
SAME_MARKET_PRICE_VARIANT,333,401857079,Gabby Williams,REB,3.5,UNDER,,-184.5,,333
SAME_MARKET_PRICE_VARIANT,385,401857079,Gabby Williams,REB,3.5,UNDER,,-179.67,,385
SAME_MARKET_PRICE_VARIANT,347,401857079,Janelle Salaun,PTS,11.5,OVER,,-125.0,,347
SAME_MARKET_PRICE_VARIANT,397,401857079,Janelle Salaun,PTS,11.5,OVER,,-126.25,,397
SAME_MARKET_PRICE_VARIANT,353,401857079,Georgia Amoore,PRA,10.5,UNDER,,-112.0,,353
SAME_MARKET_PRICE_VARIANT,398,401857079,Georgia Amoore,PRA,10.5,UNDER,,-132.0,,398
SAME_MARKET_PRICE_VARIANT,363,401857079,Veronica Burton,RA,7.5,OVER,,-144.0,,363
SAME_MARKET_PRICE_VARIANT,403,401857079,Veronica Burton,RA,7.5,OVER,,-146.0,,403
SAME_MARKET_PRICE_VARIANT,386,401857080,Azzi Fudd,PTS,14.5,UNDER,,-111.0,,386
SAME_MARKET_PRICE_VARIANT,433,401857080,Azzi Fudd,PTS,14.5,UNDER,,-53.5,,433
SAME_MARKET_PRICE_VARIANT,389,401857080,Nneka Ogwumike,PA,20.5,OVER,,-129.0,,389
SAME_MARKET_PRICE_VARIANT,424,401857080,Nneka Ogwumike,PA,20.5,OVER,,-128.0,,424
SAME_MARKET_PRICE_VARIANT,390,401857080,Nneka Ogwumike,PTS,17.5,OVER,,-113.5,,390
SAME_MARKET_PRICE_VARIANT,429,401857080,Nneka Ogwumike,PTS,17.5,OVER,,-119.8,,429
SAME_MARKET_PRICE_VARIANT,391,401857081,Allisha Gray,REB,3.5,UNDER,,-168.5,,391
SAME_MARKET_PRICE_VARIANT,426,401857081,Allisha Gray,REB,3.5,UNDER,,-160.33,,426
SAME_MARKET_PRICE_VARIANT,472,401857081,Allisha Gray,REB,3.5,UNDER,,-150.67,,472
SAME_MARKET_PRICE_VARIANT,407,401857081,Rhyne Howard,PA,22.5,UNDER,,-127.0,,407
SAME_MARKET_PRICE_VARIANT,457,401857081,Rhyne Howard,PA,22.5,UNDER,,-130.0,,457
SAME_MARKET_PRICE_VARIANT,408,401857085,Nia Coffey,PRA,16.5,UNDER,,-118.0,,408
SAME_MARKET_PRICE_VARIANT,458,401857085,Nia Coffey,PRA,16.5,UNDER,,-125.0,,458
SAME_MARKET_PRICE_VARIANT,409,401857085,Kayla McBride,PTS,18.5,OVER,,-112.0,,409
SAME_MARKET_PRICE_VARIANT,459,401857085,Kayla McBride,PTS,18.5,OVER,,-116.0,,459
SAME_MARKET_PRICE_VARIANT,410,401857085,Kayla McBride,PR,21.5,OVER,,-120.5,,410
SAME_MARKET_PRICE_VARIANT,460,401857085,Kayla McBride,PR,21.5,OVER,,-125.5,,460
SAME_MARKET_PRICE_VARIANT,489,401857085,Kayla McBride,PR,21.5,OVER,,-107.5,,489
SAME_MARKET_PRICE_VARIANT,411,401857085,Nia Coffey,PR,13.5,UNDER,,102.0,,411
SAME_MARKET_PRICE_VARIANT,461,401857085,Nia Coffey,PR,13.5,UNDER,,-102.0,,461
SAME_MARKET_PRICE_VARIANT,412,401857085,Kayla McBride,PA,20.5,OVER,,-124.0,,412
SAME_MARKET_PRICE_VARIANT,462,401857085,Kayla McBride,PA,20.5,OVER,,-130.0,,462
SAME_MARKET_PRICE_VARIANT,494,401857085,Kayla McBride,PA,20.5,OVER,,-117.0,,494
SAME_MARKET_PRICE_VARIANT,413,401857085,Kayla McBride,PRA,23.5,OVER,,-129.0,,413
SAME_MARKET_PRICE_VARIANT,495,401857085,Kayla McBride,PRA,23.5,OVER,,-115.33,,495
SAME_MARKET_DISTINCT_RECORDS,414,401857085,Courtney Williams,PRA,26.5,UNDER,,-130.0,,414
SAME_MARKET_DISTINCT_RECORDS,497,401857085,Courtney Williams,PRA,26.5,UNDER,,-130.0,,497
SAME_MARKET_PRICE_VARIANT,415,401857085,Nia Coffey,REB,5.5,UNDER,,-125.5,,415
SAME_MARKET_PRICE_VARIANT,463,401857085,Nia Coffey,REB,5.5,UNDER,,-131.0,,463
SAME_MARKET_PRICE_VARIANT,537,401857085,Nia Coffey,REB,5.5,UNDER,,-167.0,,537
SAME_MARKET_PRICE_VARIANT,417,401857082,Natasha Mack,REB,6.5,OVER,,-110.2,,417
SAME_MARKET_PRICE_VARIANT,464,401857082,Natasha Mack,REB,6.5,OVER,,-112.0,,464
SAME_MARKET_PRICE_VARIANT,418,401857085,Olivia Miles,3PM,0.5,OVER,,-243.0,,418
SAME_MARKET_PRICE_VARIANT,466,401857085,Olivia Miles,3PM,0.5,OVER,,-245.0,,466
SAME_MARKET_PRICE_VARIANT,419,401857082,Monique Akoa Makani,REB,2.5,UNDER,,-150.0,,419
SAME_MARKET_PRICE_VARIANT,465,401857082,Monique Akoa Makani,REB,2.5,UNDER,,-150.5,,465
SAME_MARKET_PRICE_VARIANT,420,401857085,Kayla McBride,PRA,24.5,OVER,,-110.0,,420
SAME_MARKET_PRICE_VARIANT,467,401857085,Kayla McBride,PRA,24.5,OVER,,-109.5,,467
SAME_MARKET_PRICE_VARIANT,421,401857085,Courtney Williams,PRA,25.5,UNDER,,-120.0,,421
SAME_MARKET_PRICE_VARIANT,469,401857085,Courtney Williams,PRA,25.5,UNDER,,-108.5,,469
SAME_MARKET_PRICE_VARIANT,538,401857085,Courtney Williams,PRA,25.5,UNDER,,-115.67,,538
SAME_MARKET_PRICE_VARIANT,422,401892393,Sabrina Ionescu,3PM,1.5,OVER,,-199.0,,422
SAME_MARKET_PRICE_VARIANT,468,401892393,Sabrina Ionescu,3PM,1.5,OVER,,-176.0,,468
SAME_MARKET_PRICE_VARIANT,500,401892393,Sabrina Ionescu,3PM,1.5,OVER,,-195.33,,500
SAME_MARKET_PRICE_VARIANT,423,401857079,Janelle Salaun,3PM,1.5,OVER,,-184.0,,423
SAME_MARKET_PRICE_VARIANT,470,401857079,Janelle Salaun,3PM,1.5,OVER,,-177.0,,470
SAME_MARKET_PRICE_VARIANT,425,401857085,Natisha Hiedeman,3PM,2.5,UNDER,,-187.5,,425
SAME_MARKET_PRICE_VARIANT,471,401857085,Natisha Hiedeman,3PM,2.5,UNDER,,-185.5,,471
SAME_MARKET_PRICE_VARIANT,504,401857085,Natisha Hiedeman,3PM,2.5,UNDER,,-189.0,,504
SAME_MARKET_PRICE_VARIANT,541,401857085,Natisha Hiedeman,3PM,2.5,UNDER,,-190.0,,541
SAME_MARKET_PRICE_VARIANT,428,401857080,Cameron Brink,PTS,8.5,OVER,,-118.25,,428
SAME_MARKET_PRICE_VARIANT,507,401857080,Cameron Brink,PTS,8.5,OVER,,-101.0,,507
SAME_MARKET_PRICE_VARIANT,430,401857085,Courtney Williams,PR,21.5,UNDER,,-121.0,,430
SAME_MARKET_PRICE_VARIANT,473,401857085,Courtney Williams,PR,21.5,UNDER,,-119.0,,473
SAME_MARKET_PRICE_VARIANT,508,401857085,Courtney Williams,PR,21.5,UNDER,,-113.5,,508
SAME_MARKET_PRICE_VARIANT,545,401857085,Courtney Williams,PR,21.5,UNDER,,-122.0,,545
SAME_MARKET_PRICE_VARIANT,431,401892393,Pauline Astier,PR,12.5,UNDER,,-120.0,,431
SAME_MARKET_PRICE_VARIANT,474,401892393,Pauline Astier,PR,12.5,UNDER,,-129.0,,474
SAME_MARKET_PRICE_VARIANT,510,401892393,Pauline Astier,PR,12.5,UNDER,,-131.0,,510
SAME_MARKET_PRICE_VARIANT,547,401892393,Pauline Astier,PR,12.5,UNDER,,-118.5,,547
SAME_MARKET_PRICE_VARIANT,434,401892393,Pauline Astier,PTS,9.5,UNDER,,-114.0,,434
SAME_MARKET_PRICE_VARIANT,475,401892393,Pauline Astier,PTS,9.5,UNDER,,-120.0,,475
SAME_MARKET_PRICE_VARIANT,512,401892393,Pauline Astier,PTS,9.5,UNDER,,-125.75,,512
SAME_MARKET_PRICE_VARIANT,552,401892393,Pauline Astier,PTS,9.5,UNDER,,-113.0,,552
SAME_MARKET_PRICE_VARIANT,435,401857081,Rhyne Howard,PRA,26.5,UNDER,,-122.0,,435
SAME_MARKET_PRICE_VARIANT,476,401857081,Rhyne Howard,PRA,26.5,UNDER,,-127.33,,476
SAME_MARKET_PRICE_VARIANT,437,401857081,Allisha Gray,PRA,25.5,UNDER,,-126.5,,437
SAME_MARKET_PRICE_VARIANT,477,401857081,Allisha Gray,PRA,25.5,UNDER,,-125.0,,477
SAME_MARKET_PRICE_VARIANT,440,401857085,Courtney Williams,3PM,1.5,UNDER,,-179.5,,440
SAME_MARKET_PRICE_VARIANT,480,401857085,Courtney Williams,3PM,1.5,UNDER,,-176.5,,480
SAME_MARKET_PRICE_VARIANT,516,401857085,Courtney Williams,3PM,1.5,UNDER,,-171.75,,516
SAME_MARKET_PRICE_VARIANT,556,401857085,Courtney Williams,3PM,1.5,UNDER,,-172.75,,556
SAME_MARKET_PRICE_VARIANT,441,401857082,Charlisse Leger-Walker,PR,11.5,UNDER,,-125.0,,441
SAME_MARKET_PRICE_VARIANT,478,401857082,Charlisse Leger-Walker,PR,11.5,UNDER,,-117.0,,478
SAME_MARKET_PRICE_VARIANT,442,401857082,Charlisse Leger-Walker,PRA,15.5,UNDER,,-112.5,,442
SAME_MARKET_PRICE_VARIANT,482,401857082,Charlisse Leger-Walker,PRA,15.5,UNDER,,-115.0,,482
SAME_MARKET_PRICE_VARIANT,549,401857082,Charlisse Leger-Walker,PRA,15.5,UNDER,,-131.0,,549
SAME_MARKET_PRICE_VARIANT,443,401857081,Angel Reese,RA,15.5,UNDER,,-132.0,,443
SAME_MARKET_PRICE_VARIANT,479,401857081,Angel Reese,RA,15.5,UNDER,,-118.0,,479
SAME_MARKET_PRICE_VARIANT,444,401857082,Charlisse Leger-Walker,PA,12.5,UNDER,,-122.0,,444
SAME_MARKET_PRICE_VARIANT,481,401857082,Charlisse Leger-Walker,PA,12.5,UNDER,,-115.5,,481
SAME_MARKET_PRICE_VARIANT,447,401857083,A'ja Wilson,RA,12.5,OVER,,-135.0,,447
SAME_MARKET_PRICE_VARIANT,519,401857083,A'ja Wilson,RA,12.5,OVER,,-136.0,,519
SAME_MARKET_PRICE_VARIANT,448,401857085,Flau'jae Johnson,3PM,1.5,UNDER,,-201.0,,448
SAME_MARKET_PRICE_VARIANT,483,401857085,Flau'jae Johnson,3PM,1.5,UNDER,,-203.5,,483
SAME_MARKET_PRICE_VARIANT,527,401857085,Flau'jae Johnson,3PM,1.5,UNDER,,-210.5,,527
SAME_MARKET_PRICE_VARIANT,574,401857085,Flau'jae Johnson,3PM,1.5,UNDER,,-209.0,,574
SAME_MARKET_PRICE_VARIANT,449,401857085,Natisha Hiedeman,REB,3.5,UNDER,,-181.5,,449
SAME_MARKET_PRICE_VARIANT,529,401857085,Natisha Hiedeman,REB,3.5,UNDER,,-187.33,,529
SAME_MARKET_PRICE_VARIANT,452,401857083,Laura Juskaite,REB,3.5,OVER,,-152.0,,452
SAME_MARKET_PRICE_VARIANT,531,401857083,Laura Juskaite,REB,3.5,OVER,,-161.67,,531
SAME_MARKET_PRICE_VARIANT,453,401857079,Shakira Austin,PRA,25.5,OVER,,-122.0,,453
SAME_MARKET_PRICE_VARIANT,484,401857079,Shakira Austin,PRA,25.5,OVER,,-128.0,,484
SAME_MARKET_PRICE_VARIANT,455,401857083,Julie Allemand,AST,6.5,UNDER,,-132.5,,455
SAME_MARKET_PRICE_VARIANT,580,401857083,Julie Allemand,AST,6.5,UNDER,,-140.0,,580
SAME_MARKET_PRICE_VARIANT,456,401857082,Diamond Miller,3PM,0.5,OVER,,-225.33,,456
SAME_MARKET_PRICE_VARIANT,485,401857082,Diamond Miller,3PM,0.5,OVER,,-218.0,,485
SAME_MARKET_PRICE_VARIANT,493,401857082,DeWanna Bonner,REB,5.5,OVER,,117.5,,493
SAME_MARKET_PRICE_VARIANT,534,401857082,DeWanna Bonner,REB,5.5,OVER,,117.67,,534
SAME_MARKET_PRICE_VARIANT,496,401892393,Azzi Fudd,PRA,22.5,UNDER,,-129.5,,496
SAME_MARKET_PRICE_VARIANT,535,401892393,Azzi Fudd,PRA,22.5,UNDER,,-125.0,,535
SAME_MARKET_PRICE_VARIANT,505,401892393,Azzi Fudd,PTS,16.5,UNDER,,-6.0,,505
SAME_MARKET_PRICE_VARIANT,544,401892393,Azzi Fudd,PTS,16.5,UNDER,,-113.25,,544
SAME_MARKET_PRICE_VARIANT,509,401892393,Azzi Fudd,PRA,21.5,UNDER,,-125.0,,509
SAME_MARKET_PRICE_VARIANT,546,401892393,Azzi Fudd,PRA,21.5,UNDER,,-117.0,,546
SAME_MARKET_PRICE_VARIANT,513,401857084,Sonia Citron,AST,2.5,OVER,,-175.0,,513
SAME_MARKET_PRICE_VARIANT,553,401857084,Sonia Citron,AST,2.5,OVER,,-172.0,,553
SAME_MARKET_PRICE_VARIANT,517,401857083,Laura Juskaite,REB,4.5,UNDER,,-147.0,,517
SAME_MARKET_PRICE_VARIANT,558,401857083,Laura Juskaite,REB,4.5,UNDER,,-148.0,,558
SAME_MARKET_PRICE_VARIANT,518,401892393,Breanna Stewart,RA,11.5,UNDER,,-131.0,,518
SAME_MARKET_PRICE_VARIANT,555,401892393,Breanna Stewart,RA,11.5,UNDER,,-11.0,,555
SAME_MARKET_PRICE_VARIANT,520,401892393,Breanna Stewart,REB,8.5,UNDER,,-150.0,,520
SAME_MARKET_PRICE_VARIANT,561,401892393,Breanna Stewart,REB,8.5,UNDER,,-128.75,,561
SAME_MARKET_PRICE_VARIANT,521,401857090,Caitlin Clark,REB,3.5,UNDER,,-115.0,,521
SAME_MARKET_PRICE_VARIANT,565,401857090,Caitlin Clark,REB,3.5,UNDER,,-110.33,,565
SAME_MARKET_PRICE_VARIANT,608,401857090,Caitlin Clark,REB,3.5,UNDER,,-111.0,,608
SAME_MARKET_PRICE_VARIANT,657,401857090,Caitlin Clark,REB,3.5,UNDER,,51.75,,657
SAME_MARKET_PRICE_VARIANT,523,401892393,Breanna Stewart,AST,3.5,UNDER,,-173.75,,523
SAME_MARKET_PRICE_VARIANT,567,401892393,Breanna Stewart,AST,3.5,UNDER,,-170.5,,567
SAME_MARKET_PRICE_VARIANT,525,401857080,Ariel Atkins,PRA,16.5,UNDER,,-111.0,,525
SAME_MARKET_PRICE_VARIANT,570,401857080,Ariel Atkins,PRA,16.5,UNDER,,-110.0,,570
SAME_MARKET_PRICE_VARIANT,530,401857080,Ariel Atkins,PTS,10.5,UNDER,,-117.0,,530
SAME_MARKET_PRICE_VARIANT,575,401857080,Ariel Atkins,PTS,10.5,UNDER,,-116.67,,575
SAME_MARKET_PRICE_VARIANT,542,401857090,Lexie Hull,REB,2.5,UNDER,,126.67,,542
SAME_MARKET_PRICE_VARIANT,588,401857090,Lexie Hull,REB,2.5,UNDER,,121.33,,588
SAME_MARKET_PRICE_VARIANT,631,401857090,Lexie Hull,REB,2.5,UNDER,,102.0,,631
SAME_MARKET_PRICE_VARIANT,584,401857088,Sabrina Ionescu,AST,5.5,UNDER,,-162.75,,584
SAME_MARKET_PRICE_VARIANT,624,401857088,Sabrina Ionescu,AST,5.5,UNDER,,-161.67,,624
SAME_MARKET_PRICE_VARIANT,585,401857086,DeWanna Bonner,REB,5.5,OVER,,116.75,,585
SAME_MARKET_PRICE_VARIANT,626,401857086,DeWanna Bonner,REB,5.5,OVER,,114.5,,626
SAME_MARKET_PRICE_VARIANT,587,401857088,Pauline Astier,PR,11.5,UNDER,,-119.5,,587
SAME_MARKET_PRICE_VARIANT,630,401857088,Pauline Astier,PR,11.5,UNDER,,-121.0,,630
SAME_MARKET_PRICE_VARIANT,589,401857089,Sonia Citron,3PM,1.5,UNDER,,-173.25,,589
SAME_MARKET_PRICE_VARIANT,632,401857089,Sonia Citron,3PM,1.5,UNDER,,-179.75,,632
SAME_MARKET_PRICE_VARIANT,590,401857091,Azzi Fudd,PTS,15.5,UNDER,,-112.25,,590
SAME_MARKET_PRICE_VARIANT,633,401857091,Azzi Fudd,PTS,15.5,UNDER,,-113.0,,633
SAME_MARKET_PRICE_VARIANT,591,401857091,Azzi Fudd,PRA,20.5,UNDER,,-124.33,,591
SAME_MARKET_PRICE_VARIANT,634,401857091,Azzi Fudd,PRA,20.5,UNDER,,-122.0,,634
SAME_MARKET_PRICE_VARIANT,593,401857088,Pauline Astier,REB,2.5,UNDER,,-132.67,,593
SAME_MARKET_PRICE_VARIANT,635,401857088,Pauline Astier,REB,2.5,UNDER,,-117.5,,635
SAME_MARKET_PRICE_VARIANT,594,401857091,Azzi Fudd,PA,17.5,UNDER,,-106.0,,594
SAME_MARKET_PRICE_VARIANT,636,401857091,Azzi Fudd,PA,17.5,UNDER,,-107.5,,636
SAME_MARKET_PRICE_VARIANT,595,401857091,Azzi Fudd,PR,17.5,UNDER,,-105.5,,595
SAME_MARKET_PRICE_VARIANT,638,401857091,Azzi Fudd,PR,17.5,UNDER,,-109.0,,638
SAME_MARKET_PRICE_VARIANT,596,401857086,Dearica Hamby,RA,9.5,UNDER,,-2.5,,596
SAME_MARKET_PRICE_VARIANT,644,401857086,Dearica Hamby,RA,9.5,UNDER,,-102.0,,644
SAME_MARKET_PRICE_VARIANT,598,401857088,Jonquel Jones,AST,2.5,UNDER,,-198.33,,598
SAME_MARKET_PRICE_VARIANT,643,401857088,Jonquel Jones,AST,2.5,UNDER,,-175.0,,643
SAME_MARKET_PRICE_VARIANT,601,401857091,Paige Bueckers,AST,6.5,UNDER,,-143.25,,601
SAME_MARKET_PRICE_VARIANT,647,401857091,Paige Bueckers,AST,6.5,UNDER,,-128.0,,647
SAME_MARKET_PRICE_VARIANT,602,401857089,NaLyssa Smith,REB,5.5,UNDER,,-53.0,,602
SAME_MARKET_PRICE_VARIANT,656,401857089,NaLyssa Smith,REB,5.5,UNDER,,-130.25,,656
SAME_MARKET_PRICE_VARIANT,603,401857091,Jessica Shepard,PTS,15.5,UNDER,,-120.25,,603
SAME_MARKET_PRICE_VARIANT,650,401857091,Jessica Shepard,PTS,15.5,UNDER,,-113.75,,650
SAME_MARKET_PRICE_VARIANT,606,401857091,Azzi Fudd,AST,2.5,UNDER,,-184.67,,606
SAME_MARKET_PRICE_VARIANT,651,401857091,Azzi Fudd,AST,2.5,UNDER,,-204.0,,651
SAME_MARKET_PRICE_VARIANT,612,401857086,Ariel Atkins,PRA,16.5,UNDER,,-102.5,,612
SAME_MARKET_PRICE_VARIANT,653,401857086,Ariel Atkins,PRA,16.5,UNDER,,-109.0,,653
SAME_MARKET_PRICE_VARIANT,615,401857086,Ariel Atkins,PR,13.5,UNDER,,-102.0,,615
SAME_MARKET_PRICE_VARIANT,661,401857086,Ariel Atkins,PR,13.5,UNDER,,-106.5,,661
SAME_MARKET_PRICE_VARIANT,617,401857086,Ariel Atkins,PTS,10.5,UNDER,,-107.0,,617
SAME_MARKET_PRICE_VARIANT,662,401857086,Ariel Atkins,PTS,10.5,UNDER,,-110.75,,662
SAME_MARKET_PRICE_VARIANT,618,401857091,Jessica Shepard,PA,20.5,UNDER,,-108.0,,618
SAME_MARKET_PRICE_VARIANT,660,401857091,Jessica Shepard,PA,20.5,UNDER,,-102.0,,660
SAME_MARKET_PRICE_VARIANT,619,401857088,Jonquel Jones,PTS,14.5,UNDER,,-125.0,,619
SAME_MARKET_PRICE_VARIANT,663,401857088,Jonquel Jones,PTS,14.5,UNDER,,-128.75,,663
SAME_MARKET_PRICE_VARIANT,621,401857088,Jonquel Jones,PA,16.5,UNDER,,-121.0,,621
SAME_MARKET_PRICE_VARIANT,664,401857088,Jonquel Jones,PA,16.5,UNDER,,-123.0,,664
SAME_MARKET_PRICE_VARIANT,665,401857093,Kayla McBride,AST,2.5,UNDER,,-179.0,,665
SAME_MARKET_PRICE_VARIANT,699,401857093,Kayla McBride,AST,2.5,UNDER,,-158.5,,699
SAME_MARKET_PRICE_VARIANT,739,401857093,Kayla McBride,AST,2.5,UNDER,,-159.5,,739
SAME_MARKET_PRICE_VARIANT,666,401857096,Sabrina Ionescu,AST,5.5,UNDER,,-146.0,,666
SAME_MARKET_PRICE_VARIANT,700,401857096,Sabrina Ionescu,AST,5.5,UNDER,,-143.25,,700
SAME_MARKET_PRICE_VARIANT,740,401857096,Sabrina Ionescu,AST,5.5,UNDER,,-170.33,,740
SAME_MARKET_PRICE_VARIANT,667,401857097,Jordin Canada,3PM,1.5,UNDER,,-245.0,,667
SAME_MARKET_PRICE_VARIANT,701,401857097,Jordin Canada,3PM,1.5,UNDER,,-237.33,,701
SAME_MARKET_PRICE_VARIANT,741,401857097,Jordin Canada,3PM,1.5,UNDER,,-238.0,,741
SAME_MARKET_PRICE_VARIANT,786,401857097,Jordin Canada,3PM,1.5,UNDER,,-237.5,,786
SAME_MARKET_PRICE_VARIANT,668,401857094,Natisha Hiedeman,3PM,2.5,UNDER,,-200.0,,668
SAME_MARKET_PRICE_VARIANT,702,401857094,Natisha Hiedeman,3PM,2.5,UNDER,,-202.0,,702
SAME_MARKET_PRICE_VARIANT,670,401857097,Jordin Canada,AST,7.5,OVER,,-154.0,,670
SAME_MARKET_PRICE_VARIANT,704,401857097,Jordin Canada,AST,7.5,OVER,,-147.67,,704
SAME_MARKET_PRICE_VARIANT,743,401857097,Jordin Canada,AST,7.5,OVER,,-150.33,,743
SAME_MARKET_PRICE_VARIANT,788,401857097,Jordin Canada,AST,7.5,OVER,,-154.0,,788
SAME_MARKET_PRICE_VARIANT,811,401857097,Jordin Canada,AST,7.5,OVER,,-147.75,,811
SAME_MARKET_PRICE_VARIANT,671,401857096,Sabrina Ionescu,RA,9.5,UNDER,,-125.0,,671
SAME_MARKET_PRICE_VARIANT,705,401857096,Sabrina Ionescu,RA,9.5,UNDER,,-123.5,,705
SAME_MARKET_PRICE_VARIANT,744,401857096,Sabrina Ionescu,RA,9.5,UNDER,,-136.0,,744
SAME_MARKET_PRICE_VARIANT,676,401857096,Sabrina Ionescu,REB,4.5,UNDER,,-172.0,,676
SAME_MARKET_PRICE_VARIANT,708,401857096,Sabrina Ionescu,REB,4.5,UNDER,,-164.75,,708
SAME_MARKET_PRICE_VARIANT,748,401857096,Sabrina Ionescu,REB,4.5,UNDER,,-167.75,,748
SAME_MARKET_PRICE_VARIANT,677,401857097,Jordin Canada,RA,11.5,OVER,,-136.0,,677
SAME_MARKET_PRICE_VARIANT,710,401857097,Jordin Canada,RA,11.5,OVER,,-129.5,,710
SAME_MARKET_PRICE_VARIANT,750,401857097,Jordin Canada,RA,11.5,OVER,,-130.5,,750
SAME_MARKET_PRICE_VARIANT,796,401857097,Jordin Canada,RA,11.5,OVER,,-136.0,,796
SAME_MARKET_PRICE_VARIANT,814,401857097,Jordin Canada,RA,11.5,OVER,,-142.0,,814
SAME_MARKET_PRICE_VARIANT,679,401857094,Natisha Hiedeman,PTS,15.5,UNDER,,-127.0,,679
SAME_MARKET_PRICE_VARIANT,713,401857094,Natisha Hiedeman,PTS,15.5,UNDER,,-130.0,,713
SAME_MARKET_PRICE_VARIANT,753,401857094,Natisha Hiedeman,PTS,15.5,UNDER,,-123.5,,753
SAME_MARKET_PRICE_VARIANT,682,401857094,Natisha Hiedeman,3PM,1.5,UNDER,,138.0,,682
SAME_MARKET_PRICE_VARIANT,718,401857094,Natisha Hiedeman,3PM,1.5,UNDER,,141.0,,718
SAME_MARKET_PRICE_VARIANT,762,401857094,Natisha Hiedeman,3PM,1.5,UNDER,,114.0,,762
SAME_MARKET_PRICE_VARIANT,684,401857094,Natisha Hiedeman,PR,17.5,UNDER,,-107.0,,684
SAME_MARKET_PRICE_VARIANT,722,401857094,Natisha Hiedeman,PR,17.5,UNDER,,-114.0,,722
SAME_MARKET_PRICE_VARIANT,685,401857094,Natisha Hiedeman,REB,2.5,UNDER,,-110.0,,685
SAME_MARKET_PRICE_VARIANT,724,401857094,Natisha Hiedeman,REB,2.5,UNDER,,-107.0,,724
SAME_MARKET_PRICE_VARIANT,765,401857094,Natisha Hiedeman,REB,2.5,UNDER,,-103.5,,765
SAME_MARKET_PRICE_VARIANT,687,401857097,Jordin Canada,REB,3.5,UNDER,,100.0,,687
SAME_MARKET_PRICE_VARIANT,764,401857097,Jordin Canada,REB,3.5,UNDER,,-58.25,,764
SAME_MARKET_PRICE_VARIANT,689,401857094,Awa Fam,REB,6.5,OVER,,-116.33,,689
SAME_MARKET_PRICE_VARIANT,727,401857094,Awa Fam,REB,6.5,OVER,,-112.4,,727
SAME_MARKET_PRICE_VARIANT,770,401857094,Awa Fam,REB,6.5,OVER,,-124.6,,770
SAME_MARKET_PRICE_VARIANT,694,401857098,Janelle Salaun,3PM,2.5,UNDER,,-210.0,,694
SAME_MARKET_PRICE_VARIANT,733,401857098,Janelle Salaun,3PM,2.5,UNDER,,-202.33,,733
SAME_MARKET_PRICE_VARIANT,779,401857098,Janelle Salaun,3PM,2.5,UNDER,,-205.0,,779
SAME_MARKET_PRICE_VARIANT,807,401857098,Janelle Salaun,3PM,2.5,UNDER,,-178.25,,807
SAME_MARKET_PRICE_VARIANT,703,401857097,Rhyne Howard,PA,21.5,UNDER,,-128.0,,703
SAME_MARKET_PRICE_VARIANT,742,401857097,Rhyne Howard,PA,21.5,UNDER,,-127.0,,742
SAME_MARKET_PRICE_VARIANT,787,401857097,Rhyne Howard,PA,21.5,UNDER,,-124.5,,787
SAME_MARKET_PRICE_VARIANT,813,401857097,Rhyne Howard,PA,21.5,UNDER,,-127.5,,813
SAME_MARKET_PRICE_VARIANT,706,401857097,Rhyne Howard,PRA,25.5,UNDER,,-121.0,,706
SAME_MARKET_PRICE_VARIANT,745,401857097,Rhyne Howard,PRA,25.5,UNDER,,-119.33,,745
SAME_MARKET_PRICE_VARIANT,789,401857097,Rhyne Howard,PRA,25.5,UNDER,,-122.67,,789
SAME_MARKET_PRICE_VARIANT,815,401857097,Rhyne Howard,PRA,25.5,UNDER,,-112.0,,815
SAME_MARKET_PRICE_VARIANT,707,401857097,Rhyne Howard,PTS,17.5,UNDER,,-117.67,,707
SAME_MARKET_PRICE_VARIANT,746,401857097,Rhyne Howard,PTS,17.5,UNDER,,-116.5,,746
SAME_MARKET_PRICE_VARIANT,790,401857097,Rhyne Howard,PTS,17.5,UNDER,,-114.0,,790
SAME_MARKET_PRICE_VARIANT,816,401857097,Rhyne Howard,PTS,17.5,UNDER,,-118.5,,816
SAME_MARKET_PRICE_VARIANT,709,401857097,Rhyne Howard,PR,21.5,UNDER,,-111.5,,709
SAME_MARKET_PRICE_VARIANT,749,401857097,Rhyne Howard,PR,21.5,UNDER,,-111.5,,749
SAME_MARKET_PRICE_VARIANT,791,401857097,Rhyne Howard,PR,21.5,UNDER,,-114.0,,791
SAME_MARKET_PRICE_VARIANT,817,401857097,Rhyne Howard,PR,21.5,UNDER,,-107.5,,817
SAME_MARKET_PRICE_VARIANT,712,401857094,Aliyah Boston,RA,11.5,UNDER,,-124.0,,712
SAME_MARKET_PRICE_VARIANT,751,401857094,Aliyah Boston,RA,11.5,UNDER,,-127.0,,751
SAME_MARKET_PRICE_VARIANT,714,401857093,Olivia Miles,3PM,1.5,UNDER,,-180.5,,714
SAME_MARKET_PRICE_VARIANT,754,401857093,Olivia Miles,3PM,1.5,UNDER,,-177.25,,754
SAME_MARKET_PRICE_VARIANT,716,401857095,A'ja Wilson,REB,9.5,UNDER,,-53.0,,716
SAME_MARKET_PRICE_VARIANT,757,401857095,A'ja Wilson,REB,9.5,UNDER,,-51.25,,757
SAME_MARKET_PRICE_VARIANT,717,401857097,Paige Bueckers,RA,10.5,UNDER,,-146.0,,717
SAME_MARKET_PRICE_VARIANT,758,401857097,Paige Bueckers,RA,10.5,UNDER,,-138.0,,758
SAME_MARKET_PRICE_VARIANT,800,401857097,Paige Bueckers,RA,10.5,UNDER,,-143.0,,800
SAME_MARKET_PRICE_VARIANT,719,401857093,Natasha Howard,PTS,12.5,UNDER,,-125.0,,719
SAME_MARKET_PRICE_VARIANT,759,401857093,Natasha Howard,PTS,12.5,UNDER,,-117.67,,759
SAME_MARKET_PRICE_VARIANT,720,401857098,DeWanna Bonner,3PM,1.5,UNDER,,-207.33,,720
SAME_MARKET_PRICE_VARIANT,760,401857098,DeWanna Bonner,3PM,1.5,UNDER,,-206.75,,760
SAME_MARKET_PRICE_VARIANT,801,401857098,DeWanna Bonner,3PM,1.5,UNDER,,-216.0,,801
SAME_MARKET_PRICE_VARIANT,721,401857098,Kahleah Copper,3PM,1.5,UNDER,,113.0,,721
SAME_MARKET_PRICE_VARIANT,761,401857098,Kahleah Copper,3PM,1.5,UNDER,,114.0,,761
SAME_MARKET_PRICE_VARIANT,802,401857098,Kahleah Copper,3PM,1.5,UNDER,,110.5,,802
SAME_MARKET_PRICE_VARIANT,723,401857095,A'ja Wilson,RA,13.5,UNDER,,-134.0,,723
SAME_MARKET_PRICE_VARIANT,763,401857095,A'ja Wilson,RA,13.5,UNDER,,-128.0,,763
SAME_MARKET_PRICE_VARIANT,725,401857094,Aliyah Boston,3PM,1.5,UNDER,,-235.25,,725
SAME_MARKET_PRICE_VARIANT,767,401857094,Aliyah Boston,3PM,1.5,UNDER,,-237.0,,767
SAME_MARKET_PRICE_VARIANT,726,401857094,Kelsey Mitchell,AST,2.5,UNDER,,-112.0,,726
SAME_MARKET_PRICE_VARIANT,769,401857094,Kelsey Mitchell,AST,2.5,UNDER,,-127.0,,769
SAME_MARKET_PRICE_VARIANT,728,401857094,Aliyah Boston,REB,8.5,UNDER,,-136.75,,728
SAME_MARKET_PRICE_VARIANT,768,401857094,Aliyah Boston,REB,8.5,UNDER,,-136.25,,768
SAME_MARKET_PRICE_VARIANT,729,401857093,Natasha Howard,PTS,11.5,UNDER,,-102.0,,729
SAME_MARKET_PRICE_VARIANT,771,401857093,Natasha Howard,PTS,11.5,UNDER,,-103.0,,771
SAME_MARKET_PRICE_VARIANT,730,401857096,Breanna Stewart,REB,8.5,OVER,,-116.0,,730
SAME_MARKET_PRICE_VARIANT,774,401857096,Breanna Stewart,REB,8.5,OVER,,-122.6,,774
SAME_MARKET_PRICE_VARIANT,731,401857095,A'ja Wilson,RA,12.5,UNDER,,-112.0,,731
SAME_MARKET_PRICE_VARIANT,773,401857095,A'ja Wilson,RA,12.5,UNDER,,106.0,,773
SAME_MARKET_PRICE_VARIANT,732,401857097,Jessica Shepard,AST,4.5,OVER,,-151.0,,732
SAME_MARKET_PRICE_VARIANT,778,401857097,Jessica Shepard,AST,4.5,OVER,,-154.0,,778
SAME_MARKET_PRICE_VARIANT,808,401857097,Jessica Shepard,AST,4.5,OVER,,-160.5,,808
SAME_MARKET_PRICE_VARIANT,734,401857093,Natasha Howard,PA,14.5,UNDER,,-118.0,,734
SAME_MARKET_PRICE_VARIANT,781,401857093,Natasha Howard,PA,14.5,UNDER,,-110.0,,781
SAME_MARKET_PRICE_VARIANT,735,401857093,Natasha Howard,PR,18.5,UNDER,,-109.5,,735
SAME_MARKET_PRICE_VARIANT,783,401857093,Natasha Howard,PR,18.5,UNDER,,-119.0,,783
SAME_MARKET_PRICE_VARIANT,737,401857093,Natasha Howard,PRA,21.5,UNDER,,-121.33,,737
SAME_MARKET_PRICE_VARIANT,784,401857093,Natasha Howard,PRA,21.5,UNDER,,-112.33,,784
SAME_MARKET_PRICE_VARIANT,752,401857097,Paige Bueckers,REB,4.5,UNDER,,-164.0,,752
SAME_MARKET_PRICE_VARIANT,822,401857097,Paige Bueckers,REB,4.5,UNDER,,-167.75,,822
SAME_MARKET_PRICE_VARIANT,798,401857101,Breanna Stewart,AST,3.5,OVER,,112.5,,798
SAME_MARKET_PRICE_VARIANT,824,401857101,Breanna Stewart,AST,3.5,OVER,,111.0,,824
SAME_MARKET_PRICE_VARIANT,812,401857102,Dominique Malonga,REB,7.5,OVER,,-131.75,,812
SAME_MARKET_PRICE_VARIANT,850,401857102,Dominique Malonga,REB,7.5,OVER,,-145.2,,850
SAME_MARKET_PRICE_VARIANT,818,401857104,Aliyah Boston,RA,11.5,UNDER,,-108.0,,818
SAME_MARKET_PRICE_VARIANT,855,401857104,Aliyah Boston,RA,11.5,UNDER,,-115.5,,855
SAME_MARKET_PRICE_VARIANT,821,401857102,Dominique Malonga,RA,9.5,OVER,,-130.0,,821
SAME_MARKET_PRICE_VARIANT,860,401857102,Dominique Malonga,RA,9.5,OVER,,-138.0,,860
SAME_MARKET_PRICE_VARIANT,832,401857104,Aliyah Boston,REB,8.5,UNDER,,-127.75,,832
SAME_MARKET_PRICE_VARIANT,866,401857104,Aliyah Boston,REB,8.5,UNDER,,-138.25,,866
SAME_MARKET_PRICE_VARIANT,839,401857104,Aliyah Boston,3PM,1.5,UNDER,,-270.0,,839
SAME_MARKET_PRICE_VARIANT,875,401857104,Aliyah Boston,3PM,1.5,UNDER,,-286.5,,875
SAME_MARKET_PRICE_VARIANT,884,401857108,Ariel Atkins,AST,2.5,OVER,,-117.5,,884
SAME_MARKET_PRICE_VARIANT,921,401857108,Ariel Atkins,AST,2.5,OVER,,-174.25,,921
SAME_MARKET_PRICE_VARIANT,927,401857112,Awa Fam,PTS,11.5,UNDER,,-115.0,,927
SAME_MARKET_PRICE_VARIANT,965,401857112,Awa Fam,PTS,11.5,UNDER,,-112.0,,965
SAME_MARKET_PRICE_VARIANT,938,401857112,Jonquel Jones,AST,2.5,OVER,,-152.0,,938
SAME_MARKET_PRICE_VARIANT,975,401857112,Jonquel Jones,AST,2.5,OVER,,-154.25,,975
SAME_MARKET_PRICE_VARIANT,946,401857112,Jonquel Jones,REB,9.5,UNDER,,-141.0,,946
SAME_MARKET_PRICE_VARIANT,979,401857112,Jonquel Jones,REB,9.5,UNDER,,-152.0,,979
