player,team,opp,pos,stat,season_avg,pred,low,high,range,line,over_price,under_price,yes_price,no_price,edge,signal,conf,model_prob,implied_prob,ev,ev_pct,kelly_frac,injury_status,market_status,is_active,filter_reason,reasoning,game,home_team,away_team,last5_vals,last5_opps,last5_hit,last10_hit,h2h_last5,opp_rank,role_score,minutes_trend,points_trend,intel_source
Jonquel Jones,nan,New York Liberty @ Phoenix Mercury,nan,PA,16.9,11.4,7.9,14.9,7.9-14.9,15.5,-132.0,-1.5,,,-4.1,UNDER,HIGH,0.6116,0.0148,40.3849,4038.5,0.05,ACTIVE,ACTIVE MARKET,True,,"v5 intelligence blend from stats.wnba.com+player_intelligence: season + recent form, usage, efficiency, minutes, pace, role score, and price lean. Intelligence: role 90.3, minutes STABLE, points STABLE.",New York Liberty @ Phoenix Mercury,Phoenix Mercury,New York Liberty,"[10.1, 13.2, 12.3, 11.4, 10.5]","[""ATL"", ""CHI"", ""DAL"", ""IND"", ""SEA""]",1.0,1.0,"[13.2, 12.3, 11.4, 10.5, 9.6]",14,90.3,STABLE,STABLE,wnba_player_intelligence
Alyssa Thomas,nan,New York Liberty @ Phoenix Mercury,nan,PTS,14.2,11.4,7.9,14.9,7.9-14.9,14.5,-122.67,-2.5,,,-3.1,UNDER,HIGH,0.5856,0.0244,23.0096,2301.0,0.05,ACTIVE,ACTIVE MARKET,True,,"v5 intelligence blend from stats.wnba.com+player_intelligence: season + recent form, usage, efficiency, minutes, pace, role score, and price lean. Intelligence: role 100.0, minutes UP, points UP.",New York Liberty @ Phoenix Mercury,Phoenix Mercury,New York Liberty,"[11.8, 11.0, 10.1, 13.2, 12.3]","[""ATL"", ""CHI"", ""DAL"", ""IND"", ""SEA""]",1.0,1.0,"[11.0, 10.1, 13.2, 12.3, 11.4]",14,100.0,UP,UP,wnba_player_intelligence
NaLyssa Smith,nan,Las Vegas Aces @ Chicago Sky,nan,PR,17.5,9.0,5.5,12.5,5.5-12.5,15.5,-130.0,-3.0,,,-6.5,UNDER,HIGH,0.66,0.0291,21.66,2166.0,0.05,ACTIVE,ACTIVE MARKET,True,,"v5 intelligence blend from stats.wnba.com+player_intelligence: season + recent form, usage, efficiency, minutes, pace, role score, and price lean. Intelligence: role 74.2, minutes DOWN, points STABLE.",Las Vegas Aces @ Chicago Sky,Chicago Sky,Las Vegas Aces,"[10.3, 9.4, 8.6, 7.7, 10.8]","[""ATL"", ""CHI"", ""DAL"", ""IND"", ""SEA""]",1.0,1.0,"[9.0, 8.1, 7.2, 10.3, 9.4]",7,74.2,DOWN,STABLE,wnba_player_intelligence
Natasha Cloud,nan,Las Vegas Aces @ Chicago Sky,nan,PRA,17.7,13.3,9.8,16.8,9.8-16.8,17.5,-128.0,-37.0,,,-4.2,UNDER,HIGH,0.6142,0.2701,1.2742,127.4,0.05,ACTIVE,ACTIVE MARKET,True,,"v5 intelligence blend from stats.wnba.com+player_intelligence: season + recent form, usage, efficiency, minutes, pace, role score, and price lean. Intelligence: role 95.1, minutes UP, points STABLE.",Las Vegas Aces @ Chicago Sky,Chicago Sky,Las Vegas Aces,"[13.8, 12.9, 12.0, 15.1, 14.2]","[""ATL"", ""CHI"", ""DAL"", ""IND"", ""SEA""]",1.0,1.0,"[12.4, 11.5, 14.7, 13.8, 12.9]",7,95.1,UP,STABLE,wnba_player_intelligence
Jewell Loyd,nan,Las Vegas Aces @ Chicago Sky,nan,PTS,8.4,2.2,-1.3,5.7,-1.3-5.7,8.5,-127.4,-53.5,,,-6.3,UNDER,HIGH,0.66,0.3485,0.8936,89.4,0.05,ACTIVE,ACTIVE MARKET,True,,"v5 intelligence blend from stats.wnba.com+player_intelligence: season + recent form, usage, efficiency, minutes, pace, role score, and price lean. Intelligence: role 88.6, minutes STABLE, points STABLE.",Las Vegas Aces @ Chicago Sky,Chicago Sky,Las Vegas Aces,"[4.0, 3.1, 2.2, 1.3, 0.4]","[""ATL"", ""CHI"", ""DAL"", ""IND"", ""SEA""]",1.0,1.0,"[2.7, 1.8, 0.9, 4.0, 3.1]",7,88.6,STABLE,STABLE,wnba_player_intelligence
Breanna Stewart,nan,New York Liberty @ Phoenix Mercury,nan,3PM,1.4,-2.4,-5.9,1.1,-5.9-1.1,0.5,-243.25,184.0,,,-2.9,UNDER,HIGH,0.5804,0.3521,0.6483,64.8,0.05,ACTIVE,ACTIVE MARKET,True,,"v5 intelligence blend from stats.wnba.com+player_intelligence: season + recent form, usage, efficiency, minutes, pace, role score, and price lean. Intelligence: role 100.0, minutes UP, points STABLE.",New York Liberty @ Phoenix Mercury,Phoenix Mercury,New York Liberty,"[0, 0, 0, 0, 0]","[""ATL"", ""CHI"", ""DAL"", ""IND"", ""SEA""]",1.0,1.0,"[0, 0, 0, 0, 0]",14,100.0,UP,STABLE,wnba_player_intelligence
Kahleah Copper,nan,New York Liberty @ Phoenix Mercury,nan,3PM,0.8,-3.5,-7.0,0.0,-7.0-0.0,1.5,-188.33,140.25,,,-5.0,UNDER,HIGH,0.635,0.4162,0.5256,52.6,0.05,ACTIVE,ACTIVE MARKET,True,,"v5 intelligence blend from stats.wnba.com+player_intelligence: season + recent form, usage, efficiency, minutes, pace, role score, and price lean. Intelligence: role 96.2, minutes STABLE, points STABLE.",New York Liberty @ Phoenix Mercury,Phoenix Mercury,New York Liberty,"[0, 0, 0, 0, 0]","[""ATL"", ""CHI"", ""DAL"", ""IND"", ""SEA""]",1.0,1.0,"[0, 0, 0, 0, 0]",14,96.2,STABLE,STABLE,wnba_player_intelligence
A'ja Wilson,nan,Las Vegas Aces @ Chicago Sky,nan,3PM,1.4,-2.9,-6.4,0.6,-6.4-0.6,0.5,-210.75,143.0,,,-3.4,UNDER,HIGH,0.5934,0.4115,0.442,44.2,0.05,ACTIVE,ACTIVE MARKET,True,,"v5 intelligence blend from stats.wnba.com+player_intelligence: season + recent form, usage, efficiency, minutes, pace, role score, and price lean. Intelligence: role 95.6, minutes STABLE, points STABLE.",Las Vegas Aces @ Chicago Sky,Chicago Sky,Las Vegas Aces,"[0, 0, 0, 0, 0]","[""ATL"", ""CHI"", ""DAL"", ""IND"", ""SEA""]",1.0,1.0,"[0, 0, 0, 0, 0]",7,95.6,STABLE,STABLE,wnba_player_intelligence
Jewell Loyd,nan,Las Vegas Aces @ Chicago Sky,nan,3PM,1.8,-2.7,-6.2,0.8,-6.2-0.8,1.5,-170.0,131.75,,,-4.2,UNDER,HIGH,0.6142,0.4315,0.4234,42.3,0.05,ACTIVE,ACTIVE MARKET,True,,"v5 intelligence blend from stats.wnba.com+player_intelligence: season + recent form, usage, efficiency, minutes, pace, role score, and price lean. Intelligence: role 88.6, minutes STABLE, points STABLE.",Las Vegas Aces @ Chicago Sky,Chicago Sky,Las Vegas Aces,"[0, 0, 0, 0, 0]","[""ATL"", ""CHI"", ""DAL"", ""IND"", ""SEA""]",1.0,1.0,"[0, 0, 0, 0, 0]",7,88.6,STABLE,STABLE,wnba_player_intelligence
Courtney Vandersloot,nan,Las Vegas Aces @ Chicago Sky,nan,PTS,8.7,1.5,-2.0,5.0,-2.0-5.0,7.5,-133.0,102.0,,,-6.0,UNDER,HIGH,0.66,0.495,0.3332,33.3,0.05,ACTIVE,ACTIVE MARKET,True,,"v5 intelligence blend from stats.wnba.com+player_intelligence: season + recent form, usage, efficiency, minutes, pace, role score, and price lean. Intelligence: role 68.6, minutes STABLE, points STABLE.",Las Vegas Aces @ Chicago Sky,Chicago Sky,Las Vegas Aces,"[2.9, 1.9, 1.1, 0.1, 3.3]","[""ATL"", ""CHI"", ""DAL"", ""IND"", ""SEA""]",1.0,1.0,"[1.5, 0.6, 0, 2.9, 1.9]",7,68.6,STABLE,STABLE,wnba_player_intelligence
Jackie Young,nan,Las Vegas Aces @ Chicago Sky,nan,PA,23.8,19.1,15.6,22.6,15.6-22.6,26.5,-130.0,-102.0,,,-7.4,UNDER,HIGH,0.66,0.505,0.3071,30.7,0.05,ACTIVE,ACTIVE MARKET,True,,"v5 intelligence blend from stats.wnba.com+player_intelligence: season + recent form, usage, efficiency, minutes, pace, role score, and price lean. Intelligence: role 94.8, minutes DOWN, points UP.",Las Vegas Aces @ Chicago Sky,Chicago Sky,Las Vegas Aces,"[19.1, 18.2, 17.3, 20.5, 19.6]","[""ATL"", ""CHI"", ""DAL"", ""IND"", ""SEA""]",1.0,1.0,"[17.8, 20.9, 20.0, 19.1, 18.2]",7,94.8,DOWN,UP,wnba_player_intelligence
Sabrina Ionescu,nan,New York Liberty @ Phoenix Mercury,nan,PTS,14.8,12.4,8.9,15.9,8.9-15.9,19.5,-132.0,-102.0,,,-7.1,UNDER,HIGH,0.66,0.505,0.3071,30.7,0.05,ACTIVE,ACTIVE MARKET,True,,"v5 intelligence blend from stats.wnba.com+player_intelligence: season + recent form, usage, efficiency, minutes, pace, role score, and price lean. Intelligence: role 100.0, minutes UP, points UP.",New York Liberty @ Phoenix Mercury,Phoenix Mercury,New York Liberty,"[12.8, 12.0, 11.1, 14.2, 13.3]","[""ATL"", ""CHI"", ""DAL"", ""IND"", ""SEA""]",1.0,1.0,"[12.0, 11.1, 14.2, 13.3, 12.4]",14,100.0,UP,UP,wnba_player_intelligence
Chelsea Gray,nan,Las Vegas Aces @ Chicago Sky,nan,3PM,2.2,-2.1,-5.6,1.4,-5.6-1.4,1.5,-156.83,118.25,,,-3.6,UNDER,HIGH,0.5986,0.4582,0.3064,30.6,0.05,ACTIVE,ACTIVE MARKET,True,,"v5 intelligence blend from stats.wnba.com+player_intelligence: season + recent form, usage, efficiency, minutes, pace, role score, and price lean. Intelligence: role 100.0, minutes STABLE, points STABLE.",Las Vegas Aces @ Chicago Sky,Chicago Sky,Las Vegas Aces,"[0, 0, 0, 0, 0]","[""ATL"", ""CHI"", ""DAL"", ""IND"", ""SEA""]",1.0,1.0,"[0, 0, 0, 0, 0]",7,100.0,STABLE,STABLE,wnba_player_intelligence
Elizabeth Williams,nan,Las Vegas Aces @ Chicago Sky,nan,PA,6.8,-0.6,-4.1,2.9,-4.1-2.9,8.5,-132.0,-103.0,,,-9.1,UNDER,HIGH,0.66,0.5074,0.3008,30.1,0.05,ACTIVE,ACTIVE MARKET,True,,"v5 intelligence blend from stats.wnba.com+player_intelligence: season + recent form, usage, efficiency, minutes, pace, role score, and price lean. Intelligence: role 64.3, minutes STABLE, points STABLE.",Las Vegas Aces @ Chicago Sky,Chicago Sky,Las Vegas Aces,"[0.3, 0, 0, 0, 0.8]","[""ATL"", ""CHI"", ""DAL"", ""IND"", ""SEA""]",1.0,1.0,"[0, 0, 1.2, 0.3, 0]",7,64.3,STABLE,STABLE,wnba_player_intelligence
Jackie Young,nan,Las Vegas Aces @ Chicago Sky,nan,PRA,27.6,22.5,19.0,26.0,19.0-26.0,30.5,-125.0,-103.0,,,-8.0,UNDER,HIGH,0.66,0.5074,0.3008,30.1,0.05,ACTIVE,ACTIVE MARKET,True,,"v5 intelligence blend from stats.wnba.com+player_intelligence: season + recent form, usage, efficiency, minutes, pace, role score, and price lean. Intelligence: role 94.8, minutes DOWN, points UP.",Las Vegas Aces @ Chicago Sky,Chicago Sky,Las Vegas Aces,"[21.1, 24.3, 23.4, 22.5, 21.6]","[""ATL"", ""CHI"", ""DAL"", ""IND"", ""SEA""]",1.0,1.0,"[23.9, 22.9, 22.1, 21.1, 24.3]",7,94.8,DOWN,UP,wnba_player_intelligence
Courtney Vandersloot,nan,Las Vegas Aces @ Chicago Sky,nan,PRA,15.4,8.0,4.5,11.5,4.5-11.5,14.5,-137.0,-103.0,,,-6.5,UNDER,HIGH,0.66,0.5074,0.3008,30.1,0.05,ACTIVE,ACTIVE MARKET,True,,"v5 intelligence blend from stats.wnba.com+player_intelligence: season + recent form, usage, efficiency, minutes, pace, role score, and price lean. Intelligence: role 68.6, minutes STABLE, points STABLE.",Las Vegas Aces @ Chicago Sky,Chicago Sky,Las Vegas Aces,"[8.4, 7.5, 6.7, 9.8, 8.9]","[""ATL"", ""CHI"", ""DAL"", ""IND"", ""SEA""]",1.0,1.0,"[7.1, 6.2, 9.3, 8.4, 7.5]",7,68.6,STABLE,STABLE,wnba_player_intelligence
Kahleah Copper,nan,New York Liberty @ Phoenix Mercury,nan,PTS,20.0,13.1,9.6,16.6,9.6-16.6,21.5,-125.0,-103.67,,,-8.4,UNDER,HIGH,0.66,0.509,0.2966,29.7,0.05,ACTIVE,ACTIVE MARKET,True,,"v5 intelligence blend from stats.wnba.com+player_intelligence: season + recent form, usage, efficiency, minutes, pace, role score, and price lean. Intelligence: role 96.2, minutes STABLE, points STABLE.",New York Liberty @ Phoenix Mercury,Phoenix Mercury,New York Liberty,"[13.1, 12.2, 11.3, 14.4, 13.5]","[""ATL"", ""CHI"", ""DAL"", ""IND"", ""SEA""]",1.0,1.0,"[12.2, 11.3, 14.4, 13.5, 12.7]",14,96.2,STABLE,STABLE,wnba_player_intelligence
Elizabeth Williams,nan,Las Vegas Aces @ Chicago Sky,nan,PTS,5.4,-1.9,-5.4,1.6,-5.4-1.6,6.5,-126.0,-104.0,,,-8.4,UNDER,HIGH,0.66,0.5098,0.2946,29.5,0.05,ACTIVE,ACTIVE MARKET,True,,"v5 intelligence blend from stats.wnba.com+player_intelligence: season + recent form, usage, efficiency, minutes, pace, role score, and price lean. Intelligence: role 64.3, minutes STABLE, points STABLE.",Las Vegas Aces @ Chicago Sky,Chicago Sky,Las Vegas Aces,"[0, 0, 0, 0, 0]","[""ATL"", ""CHI"", ""DAL"", ""IND"", ""SEA""]",1.0,1.0,"[0, 0, 0, 0, 0]",7,64.3,STABLE,STABLE,wnba_player_intelligence
Natasha Mack,nan,New York Liberty @ Phoenix Mercury,nan,PTS,8.9,0.2,-3.3,3.7,-3.3-3.7,6.5,-124.6,-104.25,,,-6.3,UNDER,HIGH,0.66,0.5104,0.2931,29.3,0.05,ACTIVE,ACTIVE MARKET,True,,"v5 intelligence blend from stats.wnba.com+player_intelligence: season + recent form, usage, efficiency, minutes, pace, role score, and price lean. Intelligence: role 72.2, minutes DOWN, points STABLE.",New York Liberty @ Phoenix Mercury,Phoenix Mercury,New York Liberty,"[0, 2.0, 1.1, 0.2, 0]","[""ATL"", ""CHI"", ""DAL"", ""IND"", ""SEA""]",1.0,1.0,"[2.0, 1.1, 0.2, 0, 0]",14,72.2,DOWN,STABLE,wnba_player_intelligence
Kamilla Cardoso,nan,Las Vegas Aces @ Chicago Sky,nan,PTS,14.0,7.8,4.3,11.3,4.3-11.3,14.5,-123.5,-104.67,,,-6.7,UNDER,HIGH,0.66,0.5114,0.2906,29.1,0.05,ACTIVE,ACTIVE MARKET,True,,"v5 intelligence blend from stats.wnba.com+player_intelligence: season + recent form, usage, efficiency, minutes, pace, role score, and price lean. Intelligence: role 82.3, minutes STABLE, points STABLE.",Las Vegas Aces @ Chicago Sky,Chicago Sky,Las Vegas Aces,"[9.2, 8.2, 7.3, 6.4, 9.6]","[""ATL"", ""CHI"", ""DAL"", ""IND"", ""SEA""]",1.0,1.0,"[7.8, 6.9, 6.0, 9.2, 8.2]",7,82.3,STABLE,STABLE,wnba_player_intelligence
Monique Akoa Makani,nan,New York Liberty @ Phoenix Mercury,nan,PTS,9.7,2.1,-1.4,5.6,-1.4-5.6,8.5,-121.8,-105.5,,,-6.4,UNDER,HIGH,0.66,0.5134,0.2856,28.6,0.05,ACTIVE,ACTIVE MARKET,True,,"v5 intelligence blend from stats.wnba.com+player_intelligence: season + recent form, usage, efficiency, minutes, pace, role score, and price lean. Intelligence: role 79.4, minutes STABLE, points STABLE.",New York Liberty @ Phoenix Mercury,Phoenix Mercury,New York Liberty,"[3.9, 3.0, 2.1, 1.2, 0.3]","[""ATL"", ""CHI"", ""DAL"", ""IND"", ""SEA""]",1.0,1.0,"[3.0, 2.1, 1.2, 0.3, 3.5]",14,79.4,STABLE,STABLE,wnba_player_intelligence
Kahleah Copper,nan,New York Liberty @ Phoenix Mercury,nan,PR,23.6,16.6,13.1,20.1,13.1-20.1,25.5,-126.5,-106.0,,,-8.9,UNDER,HIGH,0.66,0.5146,0.2826,28.3,0.05,ACTIVE,ACTIVE MARKET,True,,"v5 intelligence blend from stats.wnba.com+player_intelligence: season + recent form, usage, efficiency, minutes, pace, role score, and price lean. Intelligence: role 96.2, minutes STABLE, points STABLE.",New York Liberty @ Phoenix Mercury,Phoenix Mercury,New York Liberty,"[16.6, 15.7, 14.8, 18.0, 17.1]","[""ATL"", ""CHI"", ""DAL"", ""IND"", ""SEA""]",1.0,1.0,"[15.7, 14.8, 18.0, 17.1, 16.2]",14,96.2,STABLE,STABLE,wnba_player_intelligence
Sabrina Ionescu,nan,New York Liberty @ Phoenix Mercury,nan,PA,19.0,16.6,13.1,20.1,13.1-20.1,25.5,-125.0,-106.0,,,-8.9,UNDER,HIGH,0.66,0.5146,0.2826,28.3,0.05,ACTIVE,ACTIVE MARKET,True,,"v5 intelligence blend from stats.wnba.com+player_intelligence: season + recent form, usage, efficiency, minutes, pace, role score, and price lean. Intelligence: role 100.0, minutes UP, points UP.",New York Liberty @ Phoenix Mercury,Phoenix Mercury,New York Liberty,"[17.5, 16.6, 15.7, 14.8, 18.0]","[""ATL"", ""CHI"", ""DAL"", ""IND"", ""SEA""]",1.0,1.0,"[16.6, 15.7, 14.8, 18.0, 17.1]",14,100.0,UP,UP,wnba_player_intelligence
Kamilla Cardoso,nan,Las Vegas Aces @ Chicago Sky,nan,PR,22.0,15.2,11.7,18.7,11.7-18.7,22.5,-128.0,-106.0,,,-7.3,UNDER,HIGH,0.66,0.5146,0.2826,28.3,0.05,ACTIVE,ACTIVE MARKET,True,,"v5 intelligence blend from stats.wnba.com+player_intelligence: season + recent form, usage, efficiency, minutes, pace, role score, and price lean. Intelligence: role 82.3, minutes STABLE, points STABLE.",Las Vegas Aces @ Chicago Sky,Chicago Sky,Las Vegas Aces,"[16.6, 15.6, 14.8, 13.8, 17.0]","[""ATL"", ""CHI"", ""DAL"", ""IND"", ""SEA""]",1.0,1.0,"[15.2, 14.3, 13.4, 16.6, 15.6]",7,82.3,STABLE,STABLE,wnba_player_intelligence
A'ja Wilson,nan,Las Vegas Aces @ Chicago Sky,nan,PA,28.6,23.5,20.0,27.0,20.0-27.0,30.5,-125.0,-108.0,,,-7.0,UNDER,HIGH,0.66,0.5192,0.2711,27.1,0.05,ACTIVE,ACTIVE MARKET,True,,"v5 intelligence blend from stats.wnba.com+player_intelligence: season + recent form, usage, efficiency, minutes, pace, role score, and price lean. Intelligence: role 95.6, minutes STABLE, points STABLE.",Las Vegas Aces @ Chicago Sky,Chicago Sky,Las Vegas Aces,"[23.9, 23.1, 22.1, 25.3, 24.4]","[""ATL"", ""CHI"", ""DAL"", ""IND"", ""SEA""]",1.0,1.0,"[22.6, 21.7, 24.9, 23.9, 23.1]",7,95.6,STABLE,STABLE,wnba_player_intelligence
Jackie Young,nan,Las Vegas Aces @ Chicago Sky,nan,PTS,17.4,12.5,9.0,16.0,9.0-16.0,19.5,-123.75,-108.0,,,-7.0,UNDER,HIGH,0.66,0.5192,0.2711,27.1,0.05,ACTIVE,ACTIVE MARKET,True,,"v5 intelligence blend from stats.wnba.com+player_intelligence: season + recent form, usage, efficiency, minutes, pace, role score, and price lean. Intelligence: role 94.8, minutes DOWN, points UP.",Las Vegas Aces @ Chicago Sky,Chicago Sky,Las Vegas Aces,"[12.1, 11.2, 14.3, 13.4, 12.5]","[""ATL"", ""CHI"", ""DAL"", ""IND"", ""SEA""]",1.0,1.0,"[10.7, 13.8, 12.9, 12.1, 11.2]",7,94.8,DOWN,UP,wnba_player_intelligence
Jewell Loyd,nan,Las Vegas Aces @ Chicago Sky,nan,PR,10.9,4.4,0.9,7.9,0.9-7.9,11.5,-120.5,-110.5,,,-7.1,UNDER,HIGH,0.66,0.5249,0.2573,25.7,0.05,ACTIVE,ACTIVE MARKET,True,,"v5 intelligence blend from stats.wnba.com+player_intelligence: season + recent form, usage, efficiency, minutes, pace, role score, and price lean. Intelligence: role 88.6, minutes STABLE, points STABLE.",Las Vegas Aces @ Chicago Sky,Chicago Sky,Las Vegas Aces,"[6.2, 5.3, 4.4, 3.5, 2.6]","[""ATL"", ""CHI"", ""DAL"", ""IND"", ""SEA""]",1.0,1.0,"[4.9, 4.0, 3.1, 6.2, 5.3]",7,88.6,STABLE,STABLE,wnba_player_intelligence
A'ja Wilson,nan,Las Vegas Aces @ Chicago Sky,nan,PR,34.9,28.8,25.3,32.3,25.3-32.3,37.5,-121.0,-111.0,,,-8.7,UNDER,HIGH,0.66,0.5261,0.2546,25.5,0.05,ACTIVE,ACTIVE MARKET,True,,"v5 intelligence blend from stats.wnba.com+player_intelligence: season + recent form, usage, efficiency, minutes, pace, role score, and price lean. Intelligence: role 95.6, minutes STABLE, points STABLE.",Las Vegas Aces @ Chicago Sky,Chicago Sky,Las Vegas Aces,"[28.8, 27.9, 27.0, 30.2, 29.2]","[""ATL"", ""CHI"", ""DAL"", ""IND"", ""SEA""]",1.0,1.0,"[27.4, 30.6, 29.7, 28.8, 27.9]",7,95.6,STABLE,STABLE,wnba_player_intelligence
Monique Akoa Makani,nan,New York Liberty @ Phoenix Mercury,nan,PR,11.7,4.1,0.6,7.6,0.6-7.6,10.5,-122.0,-111.0,,,-6.4,UNDER,HIGH,0.66,0.5261,0.2546,25.5,0.05,ACTIVE,ACTIVE MARKET,True,,"v5 intelligence blend from stats.wnba.com+player_intelligence: season + recent form, usage, efficiency, minutes, pace, role score, and price lean. Intelligence: role 79.4, minutes STABLE, points STABLE.",New York Liberty @ Phoenix Mercury,Phoenix Mercury,New York Liberty,"[5.9, 5.0, 4.1, 3.2, 2.3]","[""ATL"", ""CHI"", ""DAL"", ""IND"", ""SEA""]",1.0,1.0,"[5.0, 4.1, 3.2, 2.3, 5.4]",14,79.4,STABLE,STABLE,wnba_player_intelligence
Jackie Young,nan,Las Vegas Aces @ Chicago Sky,nan,PR,21.2,16.0,12.5,19.5,12.5-19.5,23.5,-118.0,-112.0,,,-7.5,UNDER,HIGH,0.66,0.5283,0.2493,24.9,0.05,ACTIVE,ACTIVE MARKET,True,,"v5 intelligence blend from stats.wnba.com+player_intelligence: season + recent form, usage, efficiency, minutes, pace, role score, and price lean. Intelligence: role 94.8, minutes DOWN, points UP.",Las Vegas Aces @ Chicago Sky,Chicago Sky,Las Vegas Aces,"[15.6, 14.7, 17.8, 16.9, 16.0]","[""ATL"", ""CHI"", ""DAL"", ""IND"", ""SEA""]",1.0,1.0,"[14.2, 17.4, 16.4, 15.6, 14.7]",7,94.8,DOWN,UP,wnba_player_intelligence
Elizabeth Williams,nan,Las Vegas Aces @ Chicago Sky,nan,PR,9.2,1.7,-1.8,5.2,-1.8-5.2,11.5,-119.0,-113.5,,,-9.8,UNDER,HIGH,0.66,0.5316,0.2415,24.1,0.05,ACTIVE,ACTIVE MARKET,True,,"v5 intelligence blend from stats.wnba.com+player_intelligence: season + recent form, usage, efficiency, minutes, pace, role score, and price lean. Intelligence: role 64.3, minutes STABLE, points STABLE.",Las Vegas Aces @ Chicago Sky,Chicago Sky,Las Vegas Aces,"[2.1, 1.2, 0.3, 3.5, 2.6]","[""ATL"", ""CHI"", ""DAL"", ""IND"", ""SEA""]",1.0,1.0,"[0.8, 0, 3.0, 2.1, 1.2]",7,64.3,STABLE,STABLE,wnba_player_intelligence
Rebecca Allen,nan,New York Liberty @ Phoenix Mercury,nan,PTS,3.5,-1.5,-5.0,2.0,-5.0-2.0,6.5,-117.8,-113.75,,,-8.0,UNDER,HIGH,0.66,0.5322,0.2402,24.0,0.05,ACTIVE,ACTIVE MARKET,True,,"v5 intelligence blend from stats.wnba.com+player_intelligence: season + recent form, usage, efficiency, minutes, pace, role score, and price lean. Intelligence: role 69.4, minutes UP, points UP.",New York Liberty @ Phoenix Mercury,Phoenix Mercury,New York Liberty,"[0, 0, 0, 0.3, 0]","[""ATL"", ""CHI"", ""DAL"", ""IND"", ""SEA""]",1.0,1.0,"[0, 0, 0.3, 0, 0]",14,69.4,UP,UP,wnba_player_intelligence
Rebecca Allen,nan,New York Liberty @ Phoenix Mercury,nan,PR,5.1,0.3,-3.2,3.8,-3.2-3.8,9.5,-118.0,-114.5,,,-9.2,UNDER,HIGH,0.66,0.5338,0.2364,23.6,0.05,ACTIVE,ACTIVE MARKET,True,,"v5 intelligence blend from stats.wnba.com+player_intelligence: season + recent form, usage, efficiency, minutes, pace, role score, and price lean. Intelligence: role 69.4, minutes UP, points UP.",New York Liberty @ Phoenix Mercury,Phoenix Mercury,New York Liberty,"[0.8, 0, 0, 2.1, 1.2]","[""ATL"", ""CHI"", ""DAL"", ""IND"", ""SEA""]",1.0,1.0,"[0, 0, 2.1, 1.2, 0.3]",14,69.4,UP,UP,wnba_player_intelligence
Sydney Taylor,nan,Las Vegas Aces @ Chicago Sky,nan,PA,15.9,12.6,9.1,16.1,9.1-16.1,18.5,-119.0,-114.0,,,-5.9,UNDER,HIGH,0.6584,0.5327,0.2359,23.6,0.05,ACTIVE,ACTIVE MARKET,True,,"v5 intelligence blend from stats.wnba.com+player_intelligence: season + recent form, usage, efficiency, minutes, pace, role score, and price lean. Intelligence: role 78.6, minutes UP, points UP.",Las Vegas Aces @ Chicago Sky,Chicago Sky,Las Vegas Aces,"[10.8, 13.9, 13.0, 12.2, 11.2]","[""ATL"", ""CHI"", ""DAL"", ""IND"", ""SEA""]",1.0,1.0,"[13.5, 12.6, 11.7, 10.8, 13.9]",7,78.6,UP,UP,wnba_player_intelligence
Natasha Mack,nan,New York Liberty @ Phoenix Mercury,nan,PR,16.5,6.1,2.6,9.6,2.6-9.6,12.5,-116.0,-115.0,,,-6.4,UNDER,HIGH,0.66,0.5349,0.2339,23.4,0.05,ACTIVE,ACTIVE MARKET,True,,"v5 intelligence blend from stats.wnba.com+player_intelligence: season + recent form, usage, efficiency, minutes, pace, role score, and price lean. Intelligence: role 72.2, minutes DOWN, points STABLE.",New York Liberty @ Phoenix Mercury,Phoenix Mercury,New York Liberty,"[4.8, 7.9, 7.0, 6.1, 5.2]","[""ATL"", ""CHI"", ""DAL"", ""IND"", ""SEA""]",1.0,1.0,"[7.9, 7.0, 6.1, 5.2, 4.3]",14,72.2,DOWN,STABLE,wnba_player_intelligence
Jonquel Jones,nan,New York Liberty @ Phoenix Mercury,nan,PR,23.0,16.2,12.7,19.7,12.7-19.7,22.5,-115.5,-115.0,,,-6.3,UNDER,HIGH,0.66,0.5349,0.2339,23.4,0.05,ACTIVE,ACTIVE MARKET,True,,"v5 intelligence blend from stats.wnba.com+player_intelligence: season + recent form, usage, efficiency, minutes, pace, role score, and price lean. Intelligence: role 90.3, minutes STABLE, points STABLE.",New York Liberty @ Phoenix Mercury,Phoenix Mercury,New York Liberty,"[14.4, 17.6, 16.6, 15.8, 14.8]","[""ATL"", ""CHI"", ""DAL"", ""IND"", ""SEA""]",1.0,1.0,"[17.6, 16.6, 15.8, 14.8, 18.0]",14,90.3,STABLE,STABLE,wnba_player_intelligence
Breanna Stewart,nan,New York Liberty @ Phoenix Mercury,nan,PA,23.5,20.3,16.8,23.8,16.8-23.8,25.5,-122.0,-108.0,,,-5.2,UNDER,HIGH,0.6402,0.5192,0.233,23.3,0.05,ACTIVE,ACTIVE MARKET,True,,"v5 intelligence blend from stats.wnba.com+player_intelligence: season + recent form, usage, efficiency, minutes, pace, role score, and price lean. Intelligence: role 100.0, minutes UP, points STABLE.",New York Liberty @ Phoenix Mercury,Phoenix Mercury,New York Liberty,"[22.1, 21.2, 20.3, 19.4, 18.5]","[""ATL"", ""CHI"", ""DAL"", ""IND"", ""SEA""]",1.0,1.0,"[21.2, 20.3, 19.4, 18.5, 21.7]",14,100.0,UP,STABLE,wnba_player_intelligence
A'ja Wilson,nan,Las Vegas Aces @ Chicago Sky,nan,PRA,37.9,32.2,28.7,35.7,28.7-35.7,41.5,-119.0,-115.67,,,-9.3,UNDER,HIGH,0.66,0.5363,0.2306,23.1,0.05,ACTIVE,ACTIVE MARKET,True,,"v5 intelligence blend from stats.wnba.com+player_intelligence: season + recent form, usage, efficiency, minutes, pace, role score, and price lean. Intelligence: role 95.6, minutes STABLE, points STABLE.",Las Vegas Aces @ Chicago Sky,Chicago Sky,Las Vegas Aces,"[31.3, 30.4, 33.6, 32.7, 31.8]","[""ATL"", ""CHI"", ""DAL"", ""IND"", ""SEA""]",1.0,1.0,"[34.0, 33.1, 32.2, 31.3, 30.4]",7,95.6,STABLE,STABLE,wnba_player_intelligence
Jonquel Jones,nan,New York Liberty @ Phoenix Mercury,nan,PTS,14.1,7.3,3.8,10.8,3.8-10.8,13.5,-113.4,-116.0,,,-6.2,UNDER,HIGH,0.66,0.537,0.229,22.9,0.05,ACTIVE,ACTIVE MARKET,True,,"v5 intelligence blend from stats.wnba.com+player_intelligence: season + recent form, usage, efficiency, minutes, pace, role score, and price lean. Intelligence: role 90.3, minutes STABLE, points STABLE.",New York Liberty @ Phoenix Mercury,Phoenix Mercury,New York Liberty,"[5.5, 8.7, 7.8, 6.8, 5.9]","[""ATL"", ""CHI"", ""DAL"", ""IND"", ""SEA""]",1.0,1.0,"[8.7, 7.8, 6.8, 5.9, 9.1]",14,90.3,STABLE,STABLE,wnba_player_intelligence
Breanna Stewart,nan,New York Liberty @ Phoenix Mercury,nan,PR,29.0,25.4,21.9,28.9,21.9-28.9,30.5,-122.0,-108.0,,,-5.1,UNDER,HIGH,0.6376,0.5192,0.228,22.8,0.05,ACTIVE,ACTIVE MARKET,True,,"v5 intelligence blend from stats.wnba.com+player_intelligence: season + recent form, usage, efficiency, minutes, pace, role score, and price lean. Intelligence: role 100.0, minutes UP, points STABLE.",New York Liberty @ Phoenix Mercury,Phoenix Mercury,New York Liberty,"[26.8, 25.8, 24.9, 24.0, 27.2]","[""ATL"", ""CHI"", ""DAL"", ""IND"", ""SEA""]",1.0,1.0,"[25.8, 24.9, 24.0, 27.2, 26.3]",14,100.0,UP,STABLE,wnba_player_intelligence
Courtney Vandersloot,nan,Las Vegas Aces @ Chicago Sky,nan,PA,13.2,5.9,2.4,9.4,2.4-9.4,12.5,-114.0,-116.5,,,-6.6,UNDER,HIGH,0.66,0.5381,0.2265,22.7,0.05,ACTIVE,ACTIVE MARKET,True,,"v5 intelligence blend from stats.wnba.com+player_intelligence: season + recent form, usage, efficiency, minutes, pace, role score, and price lean. Intelligence: role 68.6, minutes STABLE, points STABLE.",Las Vegas Aces @ Chicago Sky,Chicago Sky,Las Vegas Aces,"[7.7, 6.8, 5.9, 5.0, 4.1]","[""ATL"", ""CHI"", ""DAL"", ""IND"", ""SEA""]",1.0,1.0,"[6.4, 5.5, 4.6, 7.7, 6.8]",7,68.6,STABLE,STABLE,wnba_player_intelligence
Sabrina Ionescu,nan,New York Liberty @ Phoenix Mercury,nan,PR,18.6,16.2,12.7,19.7,12.7-19.7,24.5,-115.0,-117.0,,,-8.3,UNDER,HIGH,0.66,0.5392,0.2241,22.4,0.05,ACTIVE,ACTIVE MARKET,True,,"v5 intelligence blend from stats.wnba.com+player_intelligence: season + recent form, usage, efficiency, minutes, pace, role score, and price lean. Intelligence: role 100.0, minutes UP, points UP.",New York Liberty @ Phoenix Mercury,Phoenix Mercury,New York Liberty,"[16.6, 15.8, 14.8, 18.0, 17.1]","[""ATL"", ""CHI"", ""DAL"", ""IND"", ""SEA""]",1.0,1.0,"[15.8, 14.8, 18.0, 17.1, 16.2]",14,100.0,UP,UP,wnba_player_intelligence
Sabrina Ionescu,nan,New York Liberty @ Phoenix Mercury,nan,PA,19.0,16.5,13.0,20.0,13.0-20.0,26.5,-115.0,-118.0,,,-10.0,UNDER,HIGH,0.66,0.5413,0.2193,21.9,0.05,ACTIVE,ACTIVE MARKET,True,,"v5 intelligence blend from stats.wnba.com+player_intelligence: season + recent form, usage, efficiency, minutes, pace, role score, and price lean. Intelligence: role 100.0, minutes UP, points UP.",New York Liberty @ Phoenix Mercury,Phoenix Mercury,New York Liberty,"[17.4, 16.5, 15.6, 14.7, 17.9]","[""ATL"", ""CHI"", ""DAL"", ""IND"", ""SEA""]",1.0,1.0,"[16.5, 15.6, 14.7, 17.9, 16.9]",14,100.0,UP,UP,wnba_player_intelligence
Courtney Vandersloot,nan,Las Vegas Aces @ Chicago Sky,nan,PR,10.9,3.4,-0.1,6.9,-0.1-6.9,10.5,-113.5,-118.0,,,-7.1,UNDER,HIGH,0.66,0.5413,0.2193,21.9,0.05,ACTIVE,ACTIVE MARKET,True,,"v5 intelligence blend from stats.wnba.com+player_intelligence: season + recent form, usage, efficiency, minutes, pace, role score, and price lean. Intelligence: role 68.6, minutes STABLE, points STABLE.",Las Vegas Aces @ Chicago Sky,Chicago Sky,Las Vegas Aces,"[4.8, 3.9, 2.9, 2.0, 5.2]","[""ATL"", ""CHI"", ""DAL"", ""IND"", ""SEA""]",1.0,1.0,"[3.4, 2.5, 1.6, 4.8, 3.9]",7,68.6,STABLE,STABLE,wnba_player_intelligence
Sydney Taylor,nan,Las Vegas Aces @ Chicago Sky,nan,PR,15.8,12.5,9.0,16.0,9.0-16.0,18.5,-115.0,-118.0,,,-6.0,UNDER,HIGH,0.66,0.5413,0.2193,21.9,0.05,ACTIVE,ACTIVE MARKET,True,,"v5 intelligence blend from stats.wnba.com+player_intelligence: season + recent form, usage, efficiency, minutes, pace, role score, and price lean. Intelligence: role 78.6, minutes UP, points UP.",Las Vegas Aces @ Chicago Sky,Chicago Sky,Las Vegas Aces,"[14.3, 13.4, 12.5, 11.6, 10.7]","[""ATL"", ""CHI"", ""DAL"", ""IND"", ""SEA""]",1.0,1.0,"[12.9, 12.1, 11.2, 14.3, 13.4]",7,78.6,UP,UP,wnba_player_intelligence
Kamilla Cardoso,nan,Las Vegas Aces @ Chicago Sky,nan,PRA,24.3,17.6,14.1,21.1,14.1-21.1,25.5,-111.33,-118.33,,,-7.9,UNDER,HIGH,0.66,0.542,0.2178,21.8,0.05,ACTIVE,ACTIVE MARKET,True,,"v5 intelligence blend from stats.wnba.com+player_intelligence: season + recent form, usage, efficiency, minutes, pace, role score, and price lean. Intelligence: role 82.3, minutes STABLE, points STABLE.",Las Vegas Aces @ Chicago Sky,Chicago Sky,Las Vegas Aces,"[18.1, 17.2, 16.2, 19.4, 18.5]","[""ATL"", ""CHI"", ""DAL"", ""IND"", ""SEA""]",1.0,1.0,"[16.7, 15.8, 19.0, 18.1, 17.2]",7,82.3,STABLE,STABLE,wnba_player_intelligence
Monique Akoa Makani,nan,New York Liberty @ Phoenix Mercury,nan,PRA,14.2,6.5,3.0,10.0,3.0-10.0,13.5,-109.5,-118.5,,,-7.0,UNDER,HIGH,0.66,0.5423,0.217,21.7,0.05,ACTIVE,ACTIVE MARKET,True,,"v5 intelligence blend from stats.wnba.com+player_intelligence: season + recent form, usage, efficiency, minutes, pace, role score, and price lean. Intelligence: role 79.4, minutes STABLE, points STABLE.",New York Liberty @ Phoenix Mercury,Phoenix Mercury,New York Liberty,"[7.4, 6.5, 5.6, 4.7, 7.8]","[""ATL"", ""CHI"", ""DAL"", ""IND"", ""SEA""]",1.0,1.0,"[6.5, 5.6, 4.7, 7.8, 7.0]",14,79.4,STABLE,STABLE,wnba_player_intelligence
Jackie Young,nan,Las Vegas Aces @ Chicago Sky,nan,PA,23.8,19.0,15.5,22.5,15.5-22.5,27.5,-114.0,-119.0,,,-8.5,UNDER,HIGH,0.66,0.5434,0.2146,21.5,0.05,ACTIVE,ACTIVE MARKET,True,,"v5 intelligence blend from stats.wnba.com+player_intelligence: season + recent form, usage, efficiency, minutes, pace, role score, and price lean. Intelligence: role 94.8, minutes DOWN, points UP.",Las Vegas Aces @ Chicago Sky,Chicago Sky,Las Vegas Aces,"[19.0, 18.1, 17.2, 20.4, 19.4]","[""ATL"", ""CHI"", ""DAL"", ""IND"", ""SEA""]",1.0,1.0,"[17.6, 20.8, 19.9, 19.0, 18.1]",7,94.8,DOWN,UP,wnba_player_intelligence
Sabrina Ionescu,nan,New York Liberty @ Phoenix Mercury,nan,PRA,22.8,20.3,16.8,23.8,16.8-23.8,30.5,-113.0,-119.67,,,-10.2,UNDER,HIGH,0.66,0.5448,0.2115,21.1,0.05,ACTIVE,ACTIVE MARKET,True,,"v5 intelligence blend from stats.wnba.com+player_intelligence: season + recent form, usage, efficiency, minutes, pace, role score, and price lean. Intelligence: role 100.0, minutes UP, points UP.",New York Liberty @ Phoenix Mercury,Phoenix Mercury,New York Liberty,"[19.9, 18.9, 22.1, 21.2, 20.3]","[""ATL"", ""CHI"", ""DAL"", ""IND"", ""SEA""]",1.0,1.0,"[18.9, 22.1, 21.2, 20.3, 19.4]",14,100.0,UP,UP,wnba_player_intelligence
NaLyssa Smith,nan,Las Vegas Aces @ Chicago Sky,nan,PTS,11.5,3.1,-0.4,6.6,-0.4-6.6,10.5,-111.0,-119.75,,,-7.4,UNDER,HIGH,0.66,0.5449,0.2111,21.1,0.05,ACTIVE,ACTIVE MARKET,True,,"v5 intelligence blend from stats.wnba.com+player_intelligence: season + recent form, usage, efficiency, minutes, pace, role score, and price lean. Intelligence: role 74.2, minutes DOWN, points STABLE.",Las Vegas Aces @ Chicago Sky,Chicago Sky,Las Vegas Aces,"[4.5, 3.6, 2.6, 1.8, 4.9]","[""ATL"", ""CHI"", ""DAL"", ""IND"", ""SEA""]",1.0,1.0,"[3.1, 2.2, 1.3, 4.5, 3.6]",7,74.2,DOWN,STABLE,wnba_player_intelligence
Natasha Cloud,nan,Las Vegas Aces @ Chicago Sky,nan,PTS,9.9,4.7,1.2,8.2,1.2-8.2,9.5,-121.2,-108.5,,,-4.8,UNDER,HIGH,0.6298,0.5204,0.2103,21.0,0.05,ACTIVE,ACTIVE MARKET,True,,"v5 intelligence blend from stats.wnba.com+player_intelligence: season + recent form, usage, efficiency, minutes, pace, role score, and price lean. Intelligence: role 95.1, minutes UP, points STABLE.",Las Vegas Aces @ Chicago Sky,Chicago Sky,Las Vegas Aces,"[6.1, 5.2, 4.2, 3.4, 6.5]","[""ATL"", ""CHI"", ""DAL"", ""IND"", ""SEA""]",1.0,1.0,"[4.7, 3.8, 2.9, 6.1, 5.2]",7,95.1,UP,STABLE,wnba_player_intelligence
Kahleah Copper,nan,New York Liberty @ Phoenix Mercury,nan,PA,21.8,15.2,11.7,18.7,11.7-18.7,24.5,-111.5,-120.0,,,-9.3,UNDER,HIGH,0.66,0.5455,0.21,21.0,0.05,ACTIVE,ACTIVE MARKET,True,,"v5 intelligence blend from stats.wnba.com+player_intelligence: season + recent form, usage, efficiency, minutes, pace, role score, and price lean. Intelligence: role 96.2, minutes STABLE, points STABLE.",New York Liberty @ Phoenix Mercury,Phoenix Mercury,New York Liberty,"[15.6, 14.8, 13.8, 17.0, 16.1]","[""ATL"", ""CHI"", ""DAL"", ""IND"", ""SEA""]",1.0,1.0,"[14.8, 13.8, 17.0, 16.1, 15.2]",14,96.2,STABLE,STABLE,wnba_player_intelligence
A'ja Wilson,nan,Las Vegas Aces @ Chicago Sky,nan,PTS,25.6,20.0,16.5,23.5,16.5-23.5,27.5,-109.6,-120.75,,,-7.5,UNDER,HIGH,0.66,0.547,0.2066,20.7,0.05,ACTIVE,ACTIVE MARKET,True,,"v5 intelligence blend from stats.wnba.com+player_intelligence: season + recent form, usage, efficiency, minutes, pace, role score, and price lean. Intelligence: role 95.6, minutes STABLE, points STABLE.",Las Vegas Aces @ Chicago Sky,Chicago Sky,Las Vegas Aces,"[20.0, 19.1, 18.2, 21.4, 20.4]","[""ATL"", ""CHI"", ""DAL"", ""IND"", ""SEA""]",1.0,1.0,"[18.6, 21.8, 20.9, 20.0, 19.1]",7,95.6,STABLE,STABLE,wnba_player_intelligence
Breanna Stewart,nan,New York Liberty @ Phoenix Mercury,nan,PTS,20.4,16.2,12.7,19.7,12.7-19.7,22.5,-111.2,-121.0,,,-6.3,UNDER,HIGH,0.66,0.5475,0.2055,20.5,0.05,ACTIVE,ACTIVE MARKET,True,,"v5 intelligence blend from stats.wnba.com+player_intelligence: season + recent form, usage, efficiency, minutes, pace, role score, and price lean. Intelligence: role 100.0, minutes UP, points STABLE.",New York Liberty @ Phoenix Mercury,Phoenix Mercury,New York Liberty,"[17.6, 16.6, 15.8, 14.8, 18.0]","[""ATL"", ""CHI"", ""DAL"", ""IND"", ""SEA""]",1.0,1.0,"[16.6, 15.8, 14.8, 18.0, 17.1]",14,100.0,UP,STABLE,wnba_player_intelligence
Jonquel Jones,nan,New York Liberty @ Phoenix Mercury,nan,3PM,1.6,-3.1,-6.6,0.4,-6.6-0.4,1.5,-122.33,-108.0,,,-4.6,UNDER,HIGH,0.6246,0.5192,0.2029,20.3,0.05,ACTIVE,ACTIVE MARKET,True,,"v5 intelligence blend from stats.wnba.com+player_intelligence: season + recent form, usage, efficiency, minutes, pace, role score, and price lean. Intelligence: role 90.3, minutes STABLE, points STABLE.",New York Liberty @ Phoenix Mercury,Phoenix Mercury,New York Liberty,"[0, 0, 0, 0, 0]","[""ATL"", ""CHI"", ""DAL"", ""IND"", ""SEA""]",1.0,1.0,"[0, 0, 0, 0, 0]",14,90.3,STABLE,STABLE,wnba_player_intelligence
Kahleah Copper,nan,New York Liberty @ Phoenix Mercury,nan,PTS,20.0,12.4,8.9,15.9,8.9-15.9,22.5,-3.5,-122.0,,,-10.1,UNDER,HIGH,0.66,0.5495,0.201,20.1,0.05,ACTIVE,ACTIVE MARKET,True,,"v5 intelligence blend from stats.wnba.com+player_intelligence: season + recent form, usage, efficiency, minutes, pace, role score, and price lean. Intelligence: role 96.2, minutes STABLE, points STABLE.",New York Liberty @ Phoenix Mercury,Phoenix Mercury,New York Liberty,"[12.4, 11.5, 10.6, 13.8, 12.8]","[""ATL"", ""CHI"", ""DAL"", ""IND"", ""SEA""]",1.0,1.0,"[11.5, 10.6, 13.8, 12.8, 12.0]",14,96.2,STABLE,STABLE,wnba_player_intelligence
Kahleah Copper,nan,New York Liberty @ Phoenix Mercury,nan,PRA,25.4,18.7,15.2,22.2,15.2-22.2,28.5,-108.33,-122.0,,,-9.8,UNDER,HIGH,0.66,0.5495,0.201,20.1,0.05,ACTIVE,ACTIVE MARKET,True,,"v5 intelligence blend from stats.wnba.com+player_intelligence: season + recent form, usage, efficiency, minutes, pace, role score, and price lean. Intelligence: role 96.2, minutes STABLE, points STABLE.",New York Liberty @ Phoenix Mercury,Phoenix Mercury,New York Liberty,"[17.8, 16.9, 20.1, 19.1, 18.2]","[""ATL"", ""CHI"", ""DAL"", ""IND"", ""SEA""]",1.0,1.0,"[16.9, 20.1, 19.1, 18.2, 17.3]",14,96.2,STABLE,STABLE,wnba_player_intelligence
Kamilla Cardoso,nan,Las Vegas Aces @ Chicago Sky,nan,PA,16.3,10.2,6.7,13.7,6.7-13.7,17.5,-111.0,-122.0,,,-7.3,UNDER,HIGH,0.66,0.5495,0.201,20.1,0.05,ACTIVE,ACTIVE MARKET,True,,"v5 intelligence blend from stats.wnba.com+player_intelligence: season + recent form, usage, efficiency, minutes, pace, role score, and price lean. Intelligence: role 82.3, minutes STABLE, points STABLE.",Las Vegas Aces @ Chicago Sky,Chicago Sky,Las Vegas Aces,"[12.0, 11.1, 10.2, 9.3, 8.4]","[""ATL"", ""CHI"", ""DAL"", ""IND"", ""SEA""]",1.0,1.0,"[10.6, 9.8, 8.8, 12.0, 11.1]",7,82.3,STABLE,STABLE,wnba_player_intelligence
Breanna Stewart,nan,New York Liberty @ Phoenix Mercury,nan,PA,23.5,20.3,16.8,23.8,16.8-23.8,26.5,-112.0,-122.0,,,-6.2,UNDER,HIGH,0.66,0.5495,0.201,20.1,0.05,ACTIVE,ACTIVE MARKET,True,,"v5 intelligence blend from stats.wnba.com+player_intelligence: season + recent form, usage, efficiency, minutes, pace, role score, and price lean. Intelligence: role 100.0, minutes UP, points STABLE.",New York Liberty @ Phoenix Mercury,Phoenix Mercury,New York Liberty,"[22.1, 21.2, 20.3, 19.4, 18.5]","[""ATL"", ""CHI"", ""DAL"", ""IND"", ""SEA""]",1.0,1.0,"[21.2, 20.3, 19.4, 18.5, 21.7]",14,100.0,UP,STABLE,wnba_player_intelligence
Pauline Astier,nan,New York Liberty @ Phoenix Mercury,nan,PTS,10.1,2.5,-1.0,6.0,-1.0-6.0,8.5,-106.6,-122.75,,,-6.0,UNDER,HIGH,0.66,0.5511,0.1977,19.8,0.05,ACTIVE,ACTIVE MARKET,True,,"v5 intelligence blend from stats.wnba.com+player_intelligence: season + recent form, usage, efficiency, minutes, pace, role score, and price lean. Intelligence: role 77.2, minutes STABLE, points STABLE.",New York Liberty @ Phoenix Mercury,Phoenix Mercury,New York Liberty,"[4.3, 3.4, 2.5, 1.6, 0.7]","[""ATL"", ""CHI"", ""DAL"", ""IND"", ""SEA""]",1.0,1.0,"[3.4, 2.5, 1.6, 0.7, 3.9]",14,77.2,STABLE,STABLE,wnba_player_intelligence
Jackie Young,nan,Las Vegas Aces @ Chicago Sky,nan,PRA,27.6,22.5,19.0,26.0,19.0-26.0,31.5,-110.33,-123.0,,,-9.0,UNDER,HIGH,0.66,0.5516,0.1966,19.7,0.05,ACTIVE,ACTIVE MARKET,True,,"v5 intelligence blend from stats.wnba.com+player_intelligence: season + recent form, usage, efficiency, minutes, pace, role score, and price lean. Intelligence: role 94.8, minutes DOWN, points UP.",Las Vegas Aces @ Chicago Sky,Chicago Sky,Las Vegas Aces,"[21.1, 24.3, 23.4, 22.5, 21.6]","[""ATL"", ""CHI"", ""DAL"", ""IND"", ""SEA""]",1.0,1.0,"[23.9, 22.9, 22.1, 21.1, 24.3]",7,94.8,DOWN,UP,wnba_player_intelligence
Jackie Young,nan,Las Vegas Aces @ Chicago Sky,nan,PR,21.2,16.0,12.5,19.5,12.5-19.5,24.5,-110.0,-123.0,,,-8.5,UNDER,HIGH,0.66,0.5516,0.1966,19.7,0.05,ACTIVE,ACTIVE MARKET,True,,"v5 intelligence blend from stats.wnba.com+player_intelligence: season + recent form, usage, efficiency, minutes, pace, role score, and price lean. Intelligence: role 94.8, minutes DOWN, points UP.",Las Vegas Aces @ Chicago Sky,Chicago Sky,Las Vegas Aces,"[15.6, 14.7, 17.8, 16.9, 16.0]","[""ATL"", ""CHI"", ""DAL"", ""IND"", ""SEA""]",1.0,1.0,"[14.2, 17.4, 16.4, 15.6, 14.7]",7,94.8,DOWN,UP,wnba_player_intelligence
Sydney Taylor,nan,Las Vegas Aces @ Chicago Sky,nan,PRA,17.4,14.5,11.0,18.0,11.0-18.0,20.5,-107.67,-123.33,,,-6.0,UNDER,HIGH,0.66,0.5522,0.1951,19.5,0.05,ACTIVE,ACTIVE MARKET,True,,"v5 intelligence blend from stats.wnba.com+player_intelligence: season + recent form, usage, efficiency, minutes, pace, role score, and price lean. Intelligence: role 78.6, minutes UP, points UP.",Las Vegas Aces @ Chicago Sky,Chicago Sky,Las Vegas Aces,"[15.4, 14.5, 13.6, 12.7, 15.8]","[""ATL"", ""CHI"", ""DAL"", ""IND"", ""SEA""]",1.0,1.0,"[14.1, 13.2, 16.3, 15.4, 14.5]",7,78.6,UP,UP,wnba_player_intelligence
Breanna Stewart,nan,New York Liberty @ Phoenix Mercury,nan,PRA,32.1,29.4,25.9,32.9,25.9-32.9,34.5,-116.5,-115.0,,,-5.1,UNDER,HIGH,0.6376,0.5349,0.192,19.2,0.05,ACTIVE,ACTIVE MARKET,True,,"v5 intelligence blend from stats.wnba.com+player_intelligence: season + recent form, usage, efficiency, minutes, pace, role score, and price lean. Intelligence: role 100.0, minutes UP, points STABLE.",New York Liberty @ Phoenix Mercury,Phoenix Mercury,New York Liberty,"[29.8, 28.9, 28.0, 31.2, 30.3]","[""ATL"", ""CHI"", ""DAL"", ""IND"", ""SEA""]",1.0,1.0,"[28.9, 28.0, 31.2, 30.3, 29.4]",14,100.0,UP,STABLE,wnba_player_intelligence
Natasha Cloud,nan,Las Vegas Aces @ Chicago Sky,nan,PR,13.1,7.6,4.1,11.1,4.1-11.1,12.5,-120.0,-113.0,,,-4.9,UNDER,HIGH,0.6324,0.5305,0.192,19.2,0.05,ACTIVE,ACTIVE MARKET,True,,"v5 intelligence blend from stats.wnba.com+player_intelligence: season + recent form, usage, efficiency, minutes, pace, role score, and price lean. Intelligence: role 95.1, minutes UP, points STABLE.",Las Vegas Aces @ Chicago Sky,Chicago Sky,Las Vegas Aces,"[8.9, 8.0, 7.1, 6.2, 9.4]","[""ATL"", ""CHI"", ""DAL"", ""IND"", ""SEA""]",1.0,1.0,"[7.6, 6.7, 5.8, 8.9, 8.0]",7,95.1,UP,STABLE,wnba_player_intelligence
Sabrina Ionescu,nan,New York Liberty @ Phoenix Mercury,nan,PTS,14.8,12.3,8.8,15.8,8.8-15.8,20.5,-107.0,-124.33,,,-8.2,UNDER,HIGH,0.66,0.5542,0.1908,19.1,0.05,ACTIVE,ACTIVE MARKET,True,,"v5 intelligence blend from stats.wnba.com+player_intelligence: season + recent form, usage, efficiency, minutes, pace, role score, and price lean. Intelligence: role 100.0, minutes UP, points UP.",New York Liberty @ Phoenix Mercury,Phoenix Mercury,New York Liberty,"[12.8, 11.9, 11.0, 14.1, 13.2]","[""ATL"", ""CHI"", ""DAL"", ""IND"", ""SEA""]",1.0,1.0,"[11.9, 11.0, 14.1, 13.2, 12.3]",14,100.0,UP,UP,wnba_player_intelligence
Sydney Taylor,nan,Las Vegas Aces @ Chicago Sky,nan,PTS,14.2,10.3,6.8,13.8,6.8-13.8,16.5,-66.2,-124.5,,,-6.2,UNDER,HIGH,0.66,0.5546,0.1901,19.0,0.05,ACTIVE,ACTIVE MARKET,True,,"v5 intelligence blend from stats.wnba.com+player_intelligence: season + recent form, usage, efficiency, minutes, pace, role score, and price lean. Intelligence: role 78.6, minutes UP, points UP.",Las Vegas Aces @ Chicago Sky,Chicago Sky,Las Vegas Aces,"[12.1, 11.2, 10.3, 9.4, 8.5]","[""ATL"", ""CHI"", ""DAL"", ""IND"", ""SEA""]",1.0,1.0,"[10.8, 9.9, 9.0, 12.1, 11.2]",7,78.6,UP,UP,wnba_player_intelligence
Natasha Cloud,nan,Las Vegas Aces @ Chicago Sky,nan,PA,14.5,9.9,6.4,13.4,6.4-13.4,14.5,-121.0,-110.5,,,-4.6,UNDER,HIGH,0.6246,0.5249,0.1898,19.0,0.05,ACTIVE,ACTIVE MARKET,True,,"v5 intelligence blend from stats.wnba.com+player_intelligence: season + recent form, usage, efficiency, minutes, pace, role score, and price lean. Intelligence: role 95.1, minutes UP, points STABLE.",Las Vegas Aces @ Chicago Sky,Chicago Sky,Las Vegas Aces,"[11.7, 10.8, 9.9, 9.0, 8.1]","[""ATL"", ""CHI"", ""DAL"", ""IND"", ""SEA""]",1.0,1.0,"[10.3, 9.5, 8.6, 11.7, 10.8]",7,95.1,UP,STABLE,wnba_player_intelligence
Pauline Astier,nan,New York Liberty @ Phoenix Mercury,nan,PRA,16.3,8.3,4.8,11.8,4.8-11.8,13.5,-113.0,-116.5,,,-5.2,UNDER,HIGH,0.6402,0.5381,0.1897,19.0,0.05,ACTIVE,ACTIVE MARKET,True,,"v5 intelligence blend from stats.wnba.com+player_intelligence: season + recent form, usage, efficiency, minutes, pace, role score, and price lean. Intelligence: role 77.2, minutes STABLE, points STABLE.",New York Liberty @ Phoenix Mercury,Phoenix Mercury,New York Liberty,"[9.2, 8.3, 7.4, 6.5, 9.7]","[""ATL"", ""CHI"", ""DAL"", ""IND"", ""SEA""]",1.0,1.0,"[8.3, 7.4, 6.5, 9.7, 8.8]",14,77.2,STABLE,STABLE,wnba_player_intelligence
Kamilla Cardoso,nan,Las Vegas Aces @ Chicago Sky,nan,PR,22.0,15.1,11.6,18.6,11.6-18.6,23.5,-106.0,-125.0,,,-8.4,UNDER,HIGH,0.66,0.5556,0.188,18.8,0.05,ACTIVE,ACTIVE MARKET,True,,"v5 intelligence blend from stats.wnba.com+player_intelligence: season + recent form, usage, efficiency, minutes, pace, role score, and price lean. Intelligence: role 82.3, minutes STABLE, points STABLE.",Las Vegas Aces @ Chicago Sky,Chicago Sky,Las Vegas Aces,"[16.4, 15.5, 14.7, 13.8, 16.9]","[""ATL"", ""CHI"", ""DAL"", ""IND"", ""SEA""]",1.0,1.0,"[15.1, 14.2, 13.3, 16.4, 15.5]",7,82.3,STABLE,STABLE,wnba_player_intelligence
Jackie Young,nan,Las Vegas Aces @ Chicago Sky,nan,PTS,17.4,12.5,9.0,16.0,9.0-16.0,20.5,-105.5,-125.0,,,-8.0,UNDER,HIGH,0.66,0.5556,0.188,18.8,0.05,ACTIVE,ACTIVE MARKET,True,,"v5 intelligence blend from stats.wnba.com+player_intelligence: season + recent form, usage, efficiency, minutes, pace, role score, and price lean. Intelligence: role 94.8, minutes DOWN, points UP.",Las Vegas Aces @ Chicago Sky,Chicago Sky,Las Vegas Aces,"[12.1, 11.2, 14.3, 13.4, 12.5]","[""ATL"", ""CHI"", ""DAL"", ""IND"", ""SEA""]",1.0,1.0,"[10.7, 13.8, 12.9, 12.1, 11.2]",7,94.8,DOWN,UP,wnba_player_intelligence
Kamilla Cardoso,nan,Las Vegas Aces @ Chicago Sky,nan,PTS,14.0,8.1,4.6,11.6,4.6-11.6,15.5,3.5,-125.0,,,-7.4,UNDER,HIGH,0.66,0.5556,0.188,18.8,0.05,ACTIVE,ACTIVE MARKET,True,,"v5 intelligence blend from stats.wnba.com+player_intelligence: season + recent form, usage, efficiency, minutes, pace, role score, and price lean. Intelligence: role 82.3, minutes STABLE, points STABLE.",Las Vegas Aces @ Chicago Sky,Chicago Sky,Las Vegas Aces,"[9.4, 8.5, 7.6, 6.8, 9.9]","[""ATL"", ""CHI"", ""DAL"", ""IND"", ""SEA""]",1.0,1.0,"[8.1, 7.2, 6.3, 9.4, 8.5]",7,82.3,STABLE,STABLE,wnba_player_intelligence
Chelsea Gray,nan,Las Vegas Aces @ Chicago Sky,nan,PRA,23.1,17.1,13.6,20.6,13.6-20.6,22.5,-114.25,-119.0,,,-5.4,UNDER,HIGH,0.6454,0.5434,0.1878,18.8,0.05,ACTIVE,ACTIVE MARKET,True,,"v5 intelligence blend from stats.wnba.com+player_intelligence: season + recent form, usage, efficiency, minutes, pace, role score, and price lean. Intelligence: role 100.0, minutes STABLE, points STABLE.",Las Vegas Aces @ Chicago Sky,Chicago Sky,Las Vegas Aces,"[16.2, 15.3, 18.5, 17.6, 16.7]","[""ATL"", ""CHI"", ""DAL"", ""IND"", ""SEA""]",1.0,1.0,"[18.9, 18.0, 17.1, 16.2, 15.3]",7,100.0,STABLE,STABLE,wnba_player_intelligence
Elizabeth Williams,nan,Las Vegas Aces @ Chicago Sky,nan,RA,5.2,3.5,0.0,7.0,0.0-7.0,5.5,-154.0,113.0,,,-2.0,UNDER,HIGH,0.557,0.4695,0.1864,18.6,0.0412,ACTIVE,ACTIVE MARKET,True,,"v5 intelligence blend from stats.wnba.com+player_intelligence: season + recent form, usage, efficiency, minutes, pace, role score, and price lean. Intelligence: role 64.3, minutes STABLE, points STABLE.",Las Vegas Aces @ Chicago Sky,Chicago Sky,Las Vegas Aces,"[5.3, 4.4, 3.5, 2.6, 1.7]","[""ATL"", ""CHI"", ""DAL"", ""IND"", ""SEA""]",1.0,1.0,"[4.0, 3.0, 2.1, 5.3, 4.4]",7,64.3,STABLE,STABLE,wnba_player_intelligence
Elizabeth Williams,nan,Las Vegas Aces @ Chicago Sky,nan,PRA,10.6,2.9,-0.6,6.4,-0.6-6.4,13.5,-102.0,-127.0,,,-10.6,UNDER,HIGH,0.66,0.5595,0.1797,18.0,0.05,ACTIVE,ACTIVE MARKET,True,,"v5 intelligence blend from stats.wnba.com+player_intelligence: season + recent form, usage, efficiency, minutes, pace, role score, and price lean. Intelligence: role 64.3, minutes STABLE, points STABLE.",Las Vegas Aces @ Chicago Sky,Chicago Sky,Las Vegas Aces,"[2.4, 1.5, 4.7, 3.8, 2.9]","[""ATL"", ""CHI"", ""DAL"", ""IND"", ""SEA""]",1.0,1.0,"[1.1, 4.2, 3.4, 2.4, 1.5]",7,64.3,STABLE,STABLE,wnba_player_intelligence
Breanna Stewart,nan,New York Liberty @ Phoenix Mercury,nan,PR,29.0,25.3,21.8,28.8,21.8-28.8,31.5,-107.0,-127.0,,,-6.2,UNDER,HIGH,0.66,0.5595,0.1797,18.0,0.05,ACTIVE,ACTIVE MARKET,True,,"v5 intelligence blend from stats.wnba.com+player_intelligence: season + recent form, usage, efficiency, minutes, pace, role score, and price lean. Intelligence: role 100.0, minutes UP, points STABLE.",New York Liberty @ Phoenix Mercury,Phoenix Mercury,New York Liberty,"[26.7, 25.8, 24.9, 23.9, 27.1]","[""ATL"", ""CHI"", ""DAL"", ""IND"", ""SEA""]",1.0,1.0,"[25.8, 24.9, 23.9, 27.1, 26.2]",14,100.0,UP,STABLE,wnba_player_intelligence
Pauline Astier,nan,New York Liberty @ Phoenix Mercury,nan,PA,13.7,6.0,2.5,9.5,2.5-9.5,11.5,-110.0,-122.0,,,-5.5,UNDER,HIGH,0.648,0.5495,0.1791,17.9,0.05,ACTIVE,ACTIVE MARKET,True,,"v5 intelligence blend from stats.wnba.com+player_intelligence: season + recent form, usage, efficiency, minutes, pace, role score, and price lean. Intelligence: role 77.2, minutes STABLE, points STABLE.",New York Liberty @ Phoenix Mercury,Phoenix Mercury,New York Liberty,"[4.2, 7.3, 6.5, 5.5, 4.7]","[""ATL"", ""CHI"", ""DAL"", ""IND"", ""SEA""]",1.0,1.0,"[7.3, 6.5, 5.5, 4.7, 7.8]",14,77.2,STABLE,STABLE,wnba_player_intelligence
Pauline Astier,nan,New York Liberty @ Phoenix Mercury,nan,PR,12.7,4.7,1.2,8.2,1.2-8.2,10.5,-107.0,-126.0,,,-5.8,UNDER,HIGH,0.6558,0.5575,0.1763,17.6,0.05,ACTIVE,ACTIVE MARKET,True,,"v5 intelligence blend from stats.wnba.com+player_intelligence: season + recent form, usage, efficiency, minutes, pace, role score, and price lean. Intelligence: role 77.2, minutes STABLE, points STABLE.",New York Liberty @ Phoenix Mercury,Phoenix Mercury,New York Liberty,"[6.5, 5.6, 4.7, 3.8, 2.9]","[""ATL"", ""CHI"", ""DAL"", ""IND"", ""SEA""]",1.0,1.0,"[5.6, 4.7, 3.8, 2.9, 6.1]",14,77.2,STABLE,STABLE,wnba_player_intelligence
A'ja Wilson,nan,Las Vegas Aces @ Chicago Sky,nan,PA,28.6,23.4,19.9,26.9,19.9-26.9,31.5,-104.0,-128.0,,,-8.1,UNDER,HIGH,0.66,0.5614,0.1756,17.6,0.05,ACTIVE,ACTIVE MARKET,True,,"v5 intelligence blend from stats.wnba.com+player_intelligence: season + recent form, usage, efficiency, minutes, pace, role score, and price lean. Intelligence: role 95.6, minutes STABLE, points STABLE.",Las Vegas Aces @ Chicago Sky,Chicago Sky,Las Vegas Aces,"[23.8, 22.9, 22.0, 25.2, 24.3]","[""ATL"", ""CHI"", ""DAL"", ""IND"", ""SEA""]",1.0,1.0,"[22.5, 21.6, 24.8, 23.8, 22.9]",7,95.6,STABLE,STABLE,wnba_player_intelligence
Chelsea Gray,nan,Las Vegas Aces @ Chicago Sky,nan,PR,16.1,10.7,7.2,14.2,7.2-14.2,15.5,-116.0,-116.5,,,-4.8,UNDER,HIGH,0.6298,0.5381,0.1704,17.0,0.0496,ACTIVE,ACTIVE MARKET,True,,"v5 intelligence blend from stats.wnba.com+player_intelligence: season + recent form, usage, efficiency, minutes, pace, role score, and price lean. Intelligence: role 100.0, minutes STABLE, points STABLE.",Las Vegas Aces @ Chicago Sky,Chicago Sky,Las Vegas Aces,"[10.7, 9.8, 8.9, 12.0, 11.1]","[""ATL"", ""CHI"", ""DAL"", ""IND"", ""SEA""]",1.0,1.0,"[9.3, 12.5, 11.6, 10.7, 9.8]",7,100.0,STABLE,STABLE,wnba_player_intelligence
Alyssa Thomas,nan,New York Liberty @ Phoenix Mercury,nan,PA,22.6,20.0,16.5,23.5,16.5-23.5,23.5,-128.0,-104.0,,,-3.5,UNDER,HIGH,0.596,0.5098,0.1691,16.9,0.044,ACTIVE,ACTIVE MARKET,True,,"v5 intelligence blend from stats.wnba.com+player_intelligence: season + recent form, usage, efficiency, minutes, pace, role score, and price lean. Intelligence: role 100.0, minutes UP, points UP.",New York Liberty @ Phoenix Mercury,Phoenix Mercury,New York Liberty,"[20.9, 20.0, 19.1, 18.2, 21.4]","[""ATL"", ""CHI"", ""DAL"", ""IND"", ""SEA""]",1.0,1.0,"[20.0, 19.1, 18.2, 21.4, 20.4]",14,100.0,UP,UP,wnba_player_intelligence
Courtney Vandersloot,nan,Las Vegas Aces @ Chicago Sky,nan,PRA,15.4,7.3,3.8,10.8,3.8-10.8,15.5,-0.5,-130.0,,,-8.2,UNDER,HIGH,0.66,0.5652,0.1677,16.8,0.05,ACTIVE,ACTIVE MARKET,True,,"v5 intelligence blend from stats.wnba.com+player_intelligence: season + recent form, usage, efficiency, minutes, pace, role score, and price lean. Intelligence: role 68.6, minutes STABLE, points STABLE.",Las Vegas Aces @ Chicago Sky,Chicago Sky,Las Vegas Aces,"[7.8, 6.8, 5.9, 9.1, 8.2]","[""ATL"", ""CHI"", ""DAL"", ""IND"", ""SEA""]",1.0,1.0,"[6.4, 5.5, 8.7, 7.8, 6.8]",7,68.6,STABLE,STABLE,wnba_player_intelligence
Alyssa Thomas,nan,New York Liberty @ Phoenix Mercury,nan,PR,21.1,18.4,14.9,21.9,14.9-21.9,22.5,-120.0,-110.0,,,-4.1,UNDER,HIGH,0.6116,0.5238,0.1676,16.8,0.0461,ACTIVE,ACTIVE MARKET,True,,"v5 intelligence blend from stats.wnba.com+player_intelligence: season + recent form, usage, efficiency, minutes, pace, role score, and price lean. Intelligence: role 100.0, minutes UP, points UP.",New York Liberty @ Phoenix Mercury,Phoenix Mercury,New York Liberty,"[18.8, 17.9, 17.0, 20.2, 19.3]","[""ATL"", ""CHI"", ""DAL"", ""IND"", ""SEA""]",1.0,1.0,"[17.9, 17.0, 20.2, 19.3, 18.4]",14,100.0,UP,UP,wnba_player_intelligence
Chelsea Gray,nan,Las Vegas Aces @ Chicago Sky,nan,PA,19.6,14.2,10.7,17.7,10.7-17.7,19.5,-109.0,-122.5,,,-5.3,UNDER,HIGH,0.6428,0.5506,0.1675,16.8,0.05,ACTIVE,ACTIVE MARKET,True,,"v5 intelligence blend from stats.wnba.com+player_intelligence: season + recent form, usage, efficiency, minutes, pace, role score, and price lean. Intelligence: role 100.0, minutes STABLE, points STABLE.",Las Vegas Aces @ Chicago Sky,Chicago Sky,Las Vegas Aces,"[14.6, 13.8, 12.8, 16.0, 15.1]","[""ATL"", ""CHI"", ""DAL"", ""IND"", ""SEA""]",1.0,1.0,"[13.3, 12.4, 15.5, 14.6, 13.8]",7,100.0,STABLE,STABLE,wnba_player_intelligence
Jonquel Jones,nan,New York Liberty @ Phoenix Mercury,nan,PRA,25.8,19.4,15.9,22.9,15.9-22.9,25.5,-52.25,-130.33,,,-6.1,UNDER,HIGH,0.66,0.5658,0.1664,16.6,0.05,ACTIVE,ACTIVE MARKET,True,,"v5 intelligence blend from stats.wnba.com+player_intelligence: season + recent form, usage, efficiency, minutes, pace, role score, and price lean. Intelligence: role 90.3, minutes STABLE, points STABLE.",New York Liberty @ Phoenix Mercury,Phoenix Mercury,New York Liberty,"[20.8, 19.8, 18.9, 18.0, 21.2]","[""ATL"", ""CHI"", ""DAL"", ""IND"", ""SEA""]",1.0,1.0,"[19.8, 18.9, 18.0, 21.2, 20.3]",14,90.3,STABLE,STABLE,wnba_player_intelligence
Alyssa Thomas,nan,New York Liberty @ Phoenix Mercury,nan,PRA,29.5,27.5,24.0,31.0,24.0-31.0,31.5,-116.67,-110.0,,,-4.0,UNDER,HIGH,0.609,0.5238,0.1626,16.3,0.0447,ACTIVE,ACTIVE MARKET,True,,"v5 intelligence blend from stats.wnba.com+player_intelligence: season + recent form, usage, efficiency, minutes, pace, role score, and price lean. Intelligence: role 100.0, minutes UP, points UP.",New York Liberty @ Phoenix Mercury,Phoenix Mercury,New York Liberty,"[27.1, 26.1, 29.3, 28.4, 27.5]","[""ATL"", ""CHI"", ""DAL"", ""IND"", ""SEA""]",1.0,1.0,"[26.1, 29.3, 28.4, 27.5, 26.6]",14,100.0,UP,UP,wnba_player_intelligence
Natasha Cloud,nan,Las Vegas Aces @ Chicago Sky,nan,PR,13.1,7.5,4.0,11.0,4.0-11.0,13.5,100.0,-132.0,,,-6.0,UNDER,HIGH,0.66,0.569,0.16,16.0,0.05,ACTIVE,ACTIVE MARKET,True,,"v5 intelligence blend from stats.wnba.com+player_intelligence: season + recent form, usage, efficiency, minutes, pace, role score, and price lean. Intelligence: role 95.1, minutes UP, points STABLE.",Las Vegas Aces @ Chicago Sky,Chicago Sky,Las Vegas Aces,"[8.8, 8.0, 7.0, 6.2, 9.3]","[""ATL"", ""CHI"", ""DAL"", ""IND"", ""SEA""]",1.0,1.0,"[7.5, 6.6, 5.7, 8.8, 8.0]",7,95.1,UP,STABLE,wnba_player_intelligence
Alyssa Thomas,nan,New York Liberty @ Phoenix Mercury,nan,PRA,29.5,27.5,24.0,31.0,24.0-31.0,32.5,-112.0,-121.0,,,-5.0,UNDER,HIGH,0.635,0.5475,0.1598,16.0,0.0483,ACTIVE,ACTIVE MARKET,True,,"v5 intelligence blend from stats.wnba.com+player_intelligence: season + recent form, usage, efficiency, minutes, pace, role score, and price lean. Intelligence: role 100.0, minutes UP, points UP.",New York Liberty @ Phoenix Mercury,Phoenix Mercury,New York Liberty,"[27.1, 26.1, 29.3, 28.4, 27.5]","[""ATL"", ""CHI"", ""DAL"", ""IND"", ""SEA""]",1.0,1.0,"[26.1, 29.3, 28.4, 27.5, 26.6]",14,100.0,UP,UP,wnba_player_intelligence
Sabrina Ionescu,nan,New York Liberty @ Phoenix Mercury,nan,RA,7.9,7.5,4.0,11.0,4.0-11.0,9.5,-144.0,108.0,,,-2.0,UNDER,HIGH,0.557,0.4808,0.1586,15.9,0.0367,ACTIVE,ACTIVE MARKET,True,,"v5 intelligence blend from stats.wnba.com+player_intelligence: season + recent form, usage, efficiency, minutes, pace, role score, and price lean. Intelligence: role 100.0, minutes UP, points UP.",New York Liberty @ Phoenix Mercury,Phoenix Mercury,New York Liberty,"[9.3, 8.4, 7.5, 6.6, 5.7]","[""ATL"", ""CHI"", ""DAL"", ""IND"", ""SEA""]",1.0,1.0,"[8.4, 7.5, 6.6, 5.7, 8.8]",14,100.0,UP,UP,wnba_player_intelligence
Alyssa Thomas,nan,New York Liberty @ Phoenix Mercury,nan,PTS,14.2,10.4,6.9,13.9,6.9-13.9,15.5,-34.0,-122.5,,,-5.1,UNDER,HIGH,0.6376,0.5506,0.1581,15.8,0.0484,ACTIVE,ACTIVE MARKET,True,,"v5 intelligence blend from stats.wnba.com+player_intelligence: season + recent form, usage, efficiency, minutes, pace, role score, and price lean. Intelligence: role 100.0, minutes UP, points UP.",New York Liberty @ Phoenix Mercury,Phoenix Mercury,New York Liberty,"[10.8, 10.0, 9.1, 12.2, 11.3]","[""ATL"", ""CHI"", ""DAL"", ""IND"", ""SEA""]",1.0,1.0,"[10.0, 9.1, 12.2, 11.3, 10.4]",14,100.0,UP,UP,wnba_player_intelligence
Monique Akoa Makani,nan,New York Liberty @ Phoenix Mercury,nan,PA,12.2,4.4,0.9,7.9,0.9-7.9,11.5,-101.0,-134.0,,,-7.1,UNDER,HIGH,0.66,0.5726,0.1525,15.2,0.05,ACTIVE,ACTIVE MARKET,True,,"v5 intelligence blend from stats.wnba.com+player_intelligence: season + recent form, usage, efficiency, minutes, pace, role score, and price lean. Intelligence: role 79.4, minutes STABLE, points STABLE.",New York Liberty @ Phoenix Mercury,Phoenix Mercury,New York Liberty,"[2.6, 5.8, 4.9, 4.0, 3.1]","[""ATL"", ""CHI"", ""DAL"", ""IND"", ""SEA""]",1.0,1.0,"[5.8, 4.9, 4.0, 3.1, 6.2]",14,79.4,STABLE,STABLE,wnba_player_intelligence
Alyssa Thomas,nan,New York Liberty @ Phoenix Mercury,nan,PR,21.1,18.3,14.8,21.8,14.8-21.8,23.5,-107.0,-126.0,,,-5.2,UNDER,HIGH,0.6402,0.5575,0.1483,14.8,0.0467,ACTIVE,ACTIVE MARKET,True,,"v5 intelligence blend from stats.wnba.com+player_intelligence: season + recent form, usage, efficiency, minutes, pace, role score, and price lean. Intelligence: role 100.0, minutes UP, points UP.",New York Liberty @ Phoenix Mercury,Phoenix Mercury,New York Liberty,"[18.8, 17.9, 16.9, 20.1, 19.2]","[""ATL"", ""CHI"", ""DAL"", ""IND"", ""SEA""]",1.0,1.0,"[17.9, 16.9, 20.1, 19.2, 18.3]",14,100.0,UP,UP,wnba_player_intelligence
Chelsea Gray,nan,Las Vegas Aces @ Chicago Sky,nan,PTS,12.7,7.8,4.3,11.3,4.3-11.3,12.5,-111.6,-120.75,,,-4.7,UNDER,HIGH,0.6272,0.547,0.1466,14.7,0.0443,ACTIVE,ACTIVE MARKET,True,,"v5 intelligence blend from stats.wnba.com+player_intelligence: season + recent form, usage, efficiency, minutes, pace, role score, and price lean. Intelligence: role 100.0, minutes STABLE, points STABLE.",Las Vegas Aces @ Chicago Sky,Chicago Sky,Las Vegas Aces,"[7.8, 6.9, 6.0, 9.2, 8.2]","[""ATL"", ""CHI"", ""DAL"", ""IND"", ""SEA""]",1.0,1.0,"[6.4, 9.6, 8.7, 7.8, 6.9]",7,100.0,STABLE,STABLE,wnba_player_intelligence
Elizabeth Williams,nan,Las Vegas Aces @ Chicago Sky,nan,PTS,5.4,-1.8,-5.3,1.7,-5.3-1.7,7.5,34.33,-136.0,,,-9.3,UNDER,HIGH,0.66,0.5763,0.1453,14.5,0.0494,ACTIVE,ACTIVE MARKET,True,,"v5 intelligence blend from stats.wnba.com+player_intelligence: season + recent form, usage, efficiency, minutes, pace, role score, and price lean. Intelligence: role 64.3, minutes STABLE, points STABLE.",Las Vegas Aces @ Chicago Sky,Chicago Sky,Las Vegas Aces,"[0, 0, 0, 0, 0]","[""ATL"", ""CHI"", ""DAL"", ""IND"", ""SEA""]",1.0,1.0,"[0, 0, 0, 0, 0]",7,64.3,STABLE,STABLE,wnba_player_intelligence
Sabrina Ionescu,nan,New York Liberty @ Phoenix Mercury,nan,3PM,3.0,-0.7,-4.2,2.8,-4.2-2.8,2.5,-127.83,-106.75,,,-3.2,UNDER,HIGH,0.5882,0.5163,0.1392,13.9,0.0372,ACTIVE,ACTIVE MARKET,True,,"v5 intelligence blend from stats.wnba.com+player_intelligence: season + recent form, usage, efficiency, minutes, pace, role score, and price lean. Intelligence: role 100.0, minutes UP, points UP.",New York Liberty @ Phoenix Mercury,Phoenix Mercury,New York Liberty,"[0.7, 0, 0, 0, 1.1]","[""ATL"", ""CHI"", ""DAL"", ""IND"", ""SEA""]",1.0,1.0,"[0, 0, 0, 1.1, 0.2]",14,100.0,UP,UP,wnba_player_intelligence
DeWanna Bonner,nan,New York Liberty @ Phoenix Mercury,nan,PTS,9.5,6.0,2.5,9.5,2.5-9.5,10.5,-108.8,-120.75,,,-4.5,UNDER,HIGH,0.622,0.547,0.1371,13.7,0.0414,ACTIVE,ACTIVE MARKET,True,,"v5 intelligence blend from stats.wnba.com+player_intelligence: season + recent form, usage, efficiency, minutes, pace, role score, and price lean. Intelligence: role 91.7, minutes UP, points UP.",New York Liberty @ Phoenix Mercury,Phoenix Mercury,New York Liberty,"[4.7, 7.8, 6.9, 6.0, 5.1]","[""ATL"", ""CHI"", ""DAL"", ""IND"", ""SEA""]",1.0,1.0,"[7.8, 6.9, 6.0, 5.1, 4.2]",14,91.7,UP,UP,wnba_player_intelligence
Alyssa Thomas,nan,New York Liberty @ Phoenix Mercury,nan,PA,22.6,20.0,16.5,23.5,16.5-23.5,24.5,-112.0,-121.0,,,-4.5,UNDER,HIGH,0.622,0.5475,0.136,13.6,0.0412,ACTIVE,ACTIVE MARKET,True,,"v5 intelligence blend from stats.wnba.com+player_intelligence: season + recent form, usage, efficiency, minutes, pace, role score, and price lean. Intelligence: role 100.0, minutes UP, points UP.",New York Liberty @ Phoenix Mercury,Phoenix Mercury,New York Liberty,"[20.9, 20.0, 19.1, 18.2, 21.4]","[""ATL"", ""CHI"", ""DAL"", ""IND"", ""SEA""]",1.0,1.0,"[20.0, 19.1, 18.2, 21.4, 20.4]",14,100.0,UP,UP,wnba_player_intelligence
Courtney Vandersloot,nan,Las Vegas Aces @ Chicago Sky,nan,PTS,8.7,0.8,-2.7,4.3,-2.7-4.3,8.5,-4.5,-139.0,,,-7.7,UNDER,HIGH,0.66,0.5816,0.1348,13.5,0.0469,ACTIVE,ACTIVE MARKET,True,,"v5 intelligence blend from stats.wnba.com+player_intelligence: season + recent form, usage, efficiency, minutes, pace, role score, and price lean. Intelligence: role 68.6, minutes STABLE, points STABLE.",Las Vegas Aces @ Chicago Sky,Chicago Sky,Las Vegas Aces,"[2.2, 1.2, 0.4, 0, 2.6]","[""ATL"", ""CHI"", ""DAL"", ""IND"", ""SEA""]",1.0,1.0,"[0.8, 0, 0, 2.2, 1.2]",7,68.6,STABLE,STABLE,wnba_player_intelligence
A'ja Wilson,nan,Las Vegas Aces @ Chicago Sky,nan,RA,12.3,11.2,7.7,14.7,7.7-14.7,13.5,-135.0,-101.0,,,-2.3,UNDER,HIGH,0.5648,0.5025,0.124,12.4,0.0313,ACTIVE,ACTIVE MARKET,True,,"v5 intelligence blend from stats.wnba.com+player_intelligence: season + recent form, usage, efficiency, minutes, pace, role score, and price lean. Intelligence: role 95.6, minutes STABLE, points STABLE.",Las Vegas Aces @ Chicago Sky,Chicago Sky,Las Vegas Aces,"[12.5, 11.6, 10.8, 9.8, 13.0]","[""ATL"", ""CHI"", ""DAL"", ""IND"", ""SEA""]",1.0,1.0,"[11.2, 10.3, 9.4, 12.5, 11.6]",7,95.6,STABLE,STABLE,wnba_player_intelligence
DeWanna Bonner,nan,New York Liberty @ Phoenix Mercury,nan,PR,15.1,12.8,9.3,16.3,9.3-16.3,16.5,-111.0,-122.0,,,-3.7,UNDER,HIGH,0.6012,0.5495,0.094,9.4,0.0287,ACTIVE,ACTIVE MARKET,True,,"v5 intelligence blend from stats.wnba.com+player_intelligence: season + recent form, usage, efficiency, minutes, pace, role score, and price lean. Intelligence: role 91.7, minutes UP, points UP.",New York Liberty @ Phoenix Mercury,Phoenix Mercury,New York Liberty,"[11.5, 14.6, 13.7, 12.8, 11.9]","[""ATL"", ""CHI"", ""DAL"", ""IND"", ""SEA""]",1.0,1.0,"[14.6, 13.7, 12.8, 11.9, 11.0]",14,91.7,UP,UP,wnba_player_intelligence
Rebecca Allen,nan,New York Liberty @ Phoenix Mercury,nan,3PM,1.4,-3.1,-6.6,0.4,-6.6-0.4,1.5,103.5,-137.0,,,-4.6,UNDER,HIGH,0.6246,0.5781,0.0805,8.1,0.0276,ACTIVE,ACTIVE MARKET,True,,"v5 intelligence blend from stats.wnba.com+player_intelligence: season + recent form, usage, efficiency, minutes, pace, role score, and price lean. Intelligence: role 69.4, minutes UP, points UP.",New York Liberty @ Phoenix Mercury,Phoenix Mercury,New York Liberty,"[0, 0, 0, 0, 0]","[""ATL"", ""CHI"", ""DAL"", ""IND"", ""SEA""]",1.0,1.0,"[0, 0, 0, 0, 0]",14,69.4,UP,UP,wnba_player_intelligence
A'ja Wilson,nan,Las Vegas Aces @ Chicago Sky,nan,REB,9.3,7.7,4.2,11.2,4.2-11.2,10.5,-114.8,-119.0,,,-2.8,UNDER,HIGH,0.5778,0.5434,0.0633,6.3,0.0188,ACTIVE,ACTIVE MARKET,True,,"v5 intelligence blend from stats.wnba.com+player_intelligence: season + recent form, usage, efficiency, minutes, pace, role score, and price lean. Intelligence: role 95.6, minutes STABLE, points STABLE.",Las Vegas Aces @ Chicago Sky,Chicago Sky,Las Vegas Aces,"[6.3, 9.5, 8.6, 7.7, 6.8]","[""ATL"", ""CHI"", ""DAL"", ""IND"", ""SEA""]",1.0,1.0,"[9.1, 8.2, 7.2, 6.3, 9.5]",7,95.6,STABLE,STABLE,wnba_player_intelligence
Sabrina Ionescu,nan,New York Liberty @ Phoenix Mercury,nan,RA,7.9,7.3,3.8,10.8,3.8-10.8,10.5,-103.0,-132.0,,,-3.2,UNDER,HIGH,0.5882,0.569,0.0338,3.4,0.0112,ACTIVE,ACTIVE MARKET,True,,"v5 intelligence blend from stats.wnba.com+player_intelligence: season + recent form, usage, efficiency, minutes, pace, role score, and price lean. Intelligence: role 100.0, minutes UP, points UP.",New York Liberty @ Phoenix Mercury,Phoenix Mercury,New York Liberty,"[9.1, 8.2, 7.3, 6.4, 5.5]","[""ATL"", ""CHI"", ""DAL"", ""IND"", ""SEA""]",1.0,1.0,"[8.2, 7.3, 6.4, 5.5, 8.7]",14,100.0,UP,UP,wnba_player_intelligence
Jackie Young,nan,Las Vegas Aces @ Chicago Sky,nan,3PM,2.0,-2.6,-6.1,0.9,-6.1-0.9,2.5,126.67,-170.5,,,-5.1,UNDER,HIGH,0.6376,0.6303,0.0116,1.2,0.0049,ACTIVE,ACTIVE MARKET,True,,"v5 intelligence blend from stats.wnba.com+player_intelligence: season + recent form, usage, efficiency, minutes, pace, role score, and price lean. Intelligence: role 94.8, minutes DOWN, points UP.",Las Vegas Aces @ Chicago Sky,Chicago Sky,Las Vegas Aces,"[0, 0, 0, 0, 0]","[""ATL"", ""CHI"", ""DAL"", ""IND"", ""SEA""]",1.0,1.0,"[0, 0, 0, 0, 0]",7,94.8,DOWN,UP,wnba_player_intelligence
A'ja Wilson,nan,Las Vegas Aces @ Chicago Sky,nan,RA,12.3,11.0,7.5,14.5,7.5-14.5,14.5,108.0,-144.0,,,-3.5,UNDER,HIGH,0.596,0.5902,0.0099,1.0,0.0036,ACTIVE,ACTIVE MARKET,True,,"v5 intelligence blend from stats.wnba.com+player_intelligence: season + recent form, usage, efficiency, minutes, pace, role score, and price lean. Intelligence: role 95.6, minutes STABLE, points STABLE.",Las Vegas Aces @ Chicago Sky,Chicago Sky,Las Vegas Aces,"[12.3, 11.4, 10.6, 9.7, 12.8]","[""ATL"", ""CHI"", ""DAL"", ""IND"", ""SEA""]",1.0,1.0,"[11.0, 10.1, 9.2, 12.3, 11.4]",7,95.6,STABLE,STABLE,wnba_player_intelligence
Jackie Young,nan,Las Vegas Aces @ Chicago Sky,nan,RA,10.2,8.6,5.1,12.1,5.1-12.1,11.5,105.0,-141.0,,,-2.9,UNDER,HIGH,0.5804,0.5851,-0.008,-0.8,0.0,ACTIVE,ACTIVE MARKET,True,,"v5 intelligence blend from stats.wnba.com+player_intelligence: season + recent form, usage, efficiency, minutes, pace, role score, and price lean. Intelligence: role 94.8, minutes DOWN, points UP.",Las Vegas Aces @ Chicago Sky,Chicago Sky,Las Vegas Aces,"[9.5, 8.6, 7.7, 6.8, 9.9]","[""ATL"", ""CHI"", ""DAL"", ""IND"", ""SEA""]",1.0,1.0,"[8.2, 7.2, 10.4, 9.5, 8.6]",7,94.8,DOWN,UP,wnba_player_intelligence
Elizabeth Williams,nan,Las Vegas Aces @ Chicago Sky,nan,REB,3.8,2.0,-1.5,5.5,-1.5-5.5,4.5,66.4,-138.5,,,-2.5,UNDER,HIGH,0.57,0.5807,-0.0184,-1.8,0.0,ACTIVE,ACTIVE MARKET,True,,"v5 intelligence blend from stats.wnba.com+player_intelligence: season + recent form, usage, efficiency, minutes, pace, role score, and price lean. Intelligence: role 64.3, minutes STABLE, points STABLE.",Las Vegas Aces @ Chicago Sky,Chicago Sky,Las Vegas Aces,"[1.1, 0.2, 3.4, 2.5, 1.6]","[""ATL"", ""CHI"", ""DAL"", ""IND"", ""SEA""]",1.0,1.0,"[3.8, 2.9, 2.0, 1.1, 0.2]",7,64.3,STABLE,STABLE,wnba_player_intelligence
DeWanna Bonner,nan,New York Liberty @ Phoenix Mercury,nan,3PM,1.2,-3.0,-6.5,0.5,-6.5-0.5,1.5,129.83,-177.25,,,-4.5,UNDER,HIGH,0.622,0.6393,-0.0271,-2.7,0.0,ACTIVE,ACTIVE MARKET,True,,"v5 intelligence blend from stats.wnba.com+player_intelligence: season + recent form, usage, efficiency, minutes, pace, role score, and price lean. Intelligence: role 91.7, minutes UP, points UP.",New York Liberty @ Phoenix Mercury,Phoenix Mercury,New York Liberty,"[0, 0, 0, 0, 0]","[""ATL"", ""CHI"", ""DAL"", ""IND"", ""SEA""]",1.0,1.0,"[0, 0, 0, 0, 0]",14,91.7,UP,UP,wnba_player_intelligence
Kamilla Cardoso,nan,Las Vegas Aces @ Chicago Sky,nan,RA,10.4,8.5,5.0,12.0,5.0-12.0,10.5,-101.0,-134.0,,,-2.0,UNDER,HIGH,0.557,0.5726,-0.0273,-2.7,0.0,ACTIVE,ACTIVE MARKET,True,,"v5 intelligence blend from stats.wnba.com+player_intelligence: season + recent form, usage, efficiency, minutes, pace, role score, and price lean. Intelligence: role 82.3, minutes STABLE, points STABLE.",Las Vegas Aces @ Chicago Sky,Chicago Sky,Las Vegas Aces,"[7.2, 10.3, 9.4, 8.5, 7.6]","[""ATL"", ""CHI"", ""DAL"", ""IND"", ""SEA""]",1.0,1.0,"[9.8, 8.9, 8.1, 7.2, 10.3]",7,82.3,STABLE,STABLE,wnba_player_intelligence
Jackie Young,nan,Las Vegas Aces @ Chicago Sky,nan,AST,6.4,5.1,1.6,8.6,1.6-8.6,7.5,110.67,-145.33,,,-2.4,UNDER,HIGH,0.5674,0.5924,-0.0422,-4.2,0.0,ACTIVE,ACTIVE MARKET,True,,"v5 intelligence blend from stats.wnba.com+player_intelligence: season + recent form, usage, efficiency, minutes, pace, role score, and price lean. Intelligence: role 94.8, minutes DOWN, points UP.",Las Vegas Aces @ Chicago Sky,Chicago Sky,Las Vegas Aces,"[6.0, 5.1, 4.2, 3.3, 6.4]","[""ATL"", ""CHI"", ""DAL"", ""IND"", ""SEA""]",1.0,1.0,"[4.6, 3.7, 6.9, 6.0, 5.1]",7,94.8,DOWN,UP,wnba_player_intelligence
Monique Akoa Makani,nan,New York Liberty @ Phoenix Mercury,nan,3PM,1.2,-4.1,-7.6,-0.6,-7.6--0.6,1.5,152.5,-212.0,,,-5.6,UNDER,HIGH,0.6506,0.6795,-0.0425,-4.2,0.0,ACTIVE,ACTIVE MARKET,True,,"v5 intelligence blend from stats.wnba.com+player_intelligence: season + recent form, usage, efficiency, minutes, pace, role score, and price lean. Intelligence: role 79.4, minutes STABLE, points STABLE.",New York Liberty @ Phoenix Mercury,Phoenix Mercury,New York Liberty,"[0, 0, 0, 0, 0]","[""ATL"", ""CHI"", ""DAL"", ""IND"", ""SEA""]",1.0,1.0,"[0, 0, 0, 0, 0]",14,79.4,STABLE,STABLE,wnba_player_intelligence
Courtney Vandersloot,nan,Las Vegas Aces @ Chicago Sky,nan,REB,2.2,0.2,-3.3,3.7,-3.3-3.7,2.5,111.25,-148.33,,,-2.3,UNDER,HIGH,0.5648,0.5973,-0.0544,-5.4,0.0,ACTIVE,ACTIVE MARKET,True,,"v5 intelligence blend from stats.wnba.com+player_intelligence: season + recent form, usage, efficiency, minutes, pace, role score, and price lean. Intelligence: role 68.6, minutes STABLE, points STABLE.",Las Vegas Aces @ Chicago Sky,Chicago Sky,Las Vegas Aces,"[0.2, 0, 0, 1.6, 0.7]","[""ATL"", ""CHI"", ""DAL"", ""IND"", ""SEA""]",1.0,1.0,"[0, 2.0, 1.1, 0.2, 0]",7,68.6,STABLE,STABLE,wnba_player_intelligence
Sydney Taylor,nan,Las Vegas Aces @ Chicago Sky,nan,3PM,2.8,-1.7,-5.2,1.8,-5.2-1.8,2.5,141.0,-190.75,,,-4.2,UNDER,HIGH,0.6142,0.6561,-0.0638,-6.4,0.0,ACTIVE,ACTIVE MARKET,True,,"v5 intelligence blend from stats.wnba.com+player_intelligence: season + recent form, usage, efficiency, minutes, pace, role score, and price lean. Intelligence: role 78.6, minutes UP, points UP.",Las Vegas Aces @ Chicago Sky,Chicago Sky,Las Vegas Aces,"[0, 0.1, 0, 0, 0]","[""ATL"", ""CHI"", ""DAL"", ""IND"", ""SEA""]",1.0,1.0,"[0, 0, 0, 0, 0.1]",7,78.6,UP,UP,wnba_player_intelligence
Kahleah Copper,nan,New York Liberty @ Phoenix Mercury,nan,RA,5.4,4.5,1.0,8.0,1.0-8.0,6.5,114.0,-152.0,,,-2.0,UNDER,HIGH,0.557,0.6032,-0.0766,-7.7,0.0,ACTIVE,ACTIVE MARKET,True,,"v5 intelligence blend from stats.wnba.com+player_intelligence: season + recent form, usage, efficiency, minutes, pace, role score, and price lean. Intelligence: role 96.2, minutes STABLE, points STABLE.",New York Liberty @ Phoenix Mercury,Phoenix Mercury,New York Liberty,"[5.8, 5.0, 4.0, 3.1, 6.3]","[""ATL"", ""CHI"", ""DAL"", ""IND"", ""SEA""]",1.0,1.0,"[5.0, 4.0, 3.1, 6.3, 5.4]",14,96.2,STABLE,STABLE,wnba_player_intelligence
Natasha Cloud,nan,Las Vegas Aces @ Chicago Sky,nan,3PM,1.4,-3.3,-6.8,0.2,-6.8-0.2,1.5,164.17,-223.5,,,-4.8,UNDER,HIGH,0.6298,0.6909,-0.0884,-8.8,0.0,ACTIVE,ACTIVE MARKET,True,,"v5 intelligence blend from stats.wnba.com+player_intelligence: season + recent form, usage, efficiency, minutes, pace, role score, and price lean. Intelligence: role 95.1, minutes UP, points STABLE.",Las Vegas Aces @ Chicago Sky,Chicago Sky,Las Vegas Aces,"[0, 0, 0, 0, 0]","[""ATL"", ""CHI"", ""DAL"", ""IND"", ""SEA""]",1.0,1.0,"[0, 0, 0, 0, 0]",7,95.1,UP,STABLE,wnba_player_intelligence
Breanna Stewart,nan,New York Liberty @ Phoenix Mercury,nan,3PM,1.4,-3.2,-6.7,0.3,-6.7-0.3,1.5,176.0,-244.5,,,-4.7,UNDER,HIGH,0.6272,0.7097,-0.1163,-11.6,0.0,ACTIVE,ACTIVE MARKET,True,,"v5 intelligence blend from stats.wnba.com+player_intelligence: season + recent form, usage, efficiency, minutes, pace, role score, and price lean. Intelligence: role 100.0, minutes UP, points STABLE.",New York Liberty @ Phoenix Mercury,Phoenix Mercury,New York Liberty,"[0, 0, 0, 0, 0]","[""ATL"", ""CHI"", ""DAL"", ""IND"", ""SEA""]",1.0,1.0,"[0, 0, 0, 0, 0]",14,100.0,UP,STABLE,wnba_player_intelligence
Sabrina Ionescu,nan,New York Liberty @ Phoenix Mercury,nan,AST,4.2,3.4,-0.1,6.9,-0.1-6.9,5.5,-134.8,51.5,,,-2.1,UNDER,HIGH,0.5596,0.6601,-0.1522,-15.2,0.0,ACTIVE,ACTIVE MARKET,True,,"v5 intelligence blend from stats.wnba.com+player_intelligence: season + recent form, usage, efficiency, minutes, pace, role score, and price lean. Intelligence: role 100.0, minutes UP, points UP.",New York Liberty @ Phoenix Mercury,Phoenix Mercury,New York Liberty,"[5.2, 4.3, 3.4, 2.5, 1.6]","[""ATL"", ""CHI"", ""DAL"", ""IND"", ""SEA""]",1.0,1.0,"[4.3, 3.4, 2.5, 1.6, 4.8]",14,100.0,UP,UP,wnba_player_intelligence
Courtney Vandersloot,nan,Las Vegas Aces @ Chicago Sky,nan,RA,6.6,5.5,2.0,9.0,2.0-9.0,6.5,-132.5,-1.5,,,-1.0,UNDER,MED,0.531,0.0148,34.931,3493.1,0.05,ACTIVE,ACTIVE MARKET,True,,"v5 intelligence blend from stats.wnba.com+player_intelligence: season + recent form, usage, efficiency, minutes, pace, role score, and price lean. Intelligence: role 68.6, minutes STABLE, points STABLE.",Las Vegas Aces @ Chicago Sky,Chicago Sky,Las Vegas Aces,"[4.2, 7.3, 6.4, 5.5, 4.6]","[""ATL"", ""CHI"", ""DAL"", ""IND"", ""SEA""]",0.8,0.8,"[6.8, 6.0, 5.0, 4.2, 7.3]",7,68.6,STABLE,STABLE,wnba_player_intelligence
Chelsea Gray,nan,Las Vegas Aces @ Chicago Sky,nan,RA,10.4,9.1,5.6,12.6,5.6-12.6,9.5,-129.0,-4.0,,,-0.4,UNDER,MED,0.5154,0.0385,12.4004,1240.0,0.05,ACTIVE,ACTIVE MARKET,True,,"v5 intelligence blend from stats.wnba.com+player_intelligence: season + recent form, usage, efficiency, minutes, pace, role score, and price lean. Intelligence: role 100.0, minutes STABLE, points STABLE.",Las Vegas Aces @ Chicago Sky,Chicago Sky,Las Vegas Aces,"[10.4, 9.5, 8.7, 7.8, 10.9]","[""ATL"", ""CHI"", ""DAL"", ""IND"", ""SEA""]",0.4,0.5,"[9.1, 8.2, 7.3, 10.4, 9.5]",7,100.0,STABLE,STABLE,wnba_player_intelligence
Rebecca Allen,nan,New York Liberty @ Phoenix Mercury,nan,REB,1.6,1.0,-2.5,4.5,-2.5-4.5,2.5,-130.5,-35.67,,,-1.5,UNDER,MED,0.544,0.2629,1.0691,106.9,0.05,ACTIVE,ACTIVE MARKET,True,,"v5 intelligence blend from stats.wnba.com+player_intelligence: season + recent form, usage, efficiency, minutes, pace, role score, and price lean. Intelligence: role 69.4, minutes UP, points UP.",New York Liberty @ Phoenix Mercury,Phoenix Mercury,New York Liberty,"[0.1, 0, 2.4, 1.4, 0.6]","[""ATL"", ""CHI"", ""DAL"", ""IND"", ""SEA""]",1.0,0.9,"[0, 2.4, 1.4, 0.6, 0]",14,69.4,UP,UP,wnba_player_intelligence
Kahleah Copper,nan,New York Liberty @ Phoenix Mercury,nan,REB,3.6,2.8,-0.7,6.3,-0.7-6.3,3.5,-127.6,-53.75,,,-0.7,UNDER,MED,0.5232,0.3496,0.4966,49.7,0.05,ACTIVE,ACTIVE MARKET,True,,"v5 intelligence blend from stats.wnba.com+player_intelligence: season + recent form, usage, efficiency, minutes, pace, role score, and price lean. Intelligence: role 96.2, minutes STABLE, points STABLE.",New York Liberty @ Phoenix Mercury,Phoenix Mercury,New York Liberty,"[1.4, 4.6, 3.7, 2.8, 1.9]","[""ATL"", ""CHI"", ""DAL"", ""IND"", ""SEA""]",0.6,0.7,"[4.6, 3.7, 2.8, 1.9, 1.0]",14,96.2,STABLE,STABLE,wnba_player_intelligence
Jackie Young,nan,Las Vegas Aces @ Chicago Sky,nan,AST,6.4,5.4,1.9,8.9,1.9-8.9,6.5,-149.5,111.0,,,-1.1,UNDER,MED,0.5336,0.4739,0.1259,12.6,0.0284,ACTIVE,ACTIVE MARKET,True,,"v5 intelligence blend from stats.wnba.com+player_intelligence: season + recent form, usage, efficiency, minutes, pace, role score, and price lean. Intelligence: role 94.8, minutes DOWN, points UP.",Las Vegas Aces @ Chicago Sky,Chicago Sky,Las Vegas Aces,"[6.3, 5.4, 4.5, 3.6, 6.8]","[""ATL"", ""CHI"", ""DAL"", ""IND"", ""SEA""]",0.8,0.8,"[5.0, 4.1, 7.2, 6.3, 5.4]",7,94.8,DOWN,UP,wnba_player_intelligence
Jackie Young,nan,Las Vegas Aces @ Chicago Sky,nan,REB,3.8,2.4,-1.1,5.9,-1.1-5.9,3.5,-150.0,110.5,,,-1.1,UNDER,MED,0.5336,0.4751,0.1232,12.3,0.0279,ACTIVE,ACTIVE MARKET,True,,"v5 intelligence blend from stats.wnba.com+player_intelligence: season + recent form, usage, efficiency, minutes, pace, role score, and price lean. Intelligence: role 94.8, minutes DOWN, points UP.",Las Vegas Aces @ Chicago Sky,Chicago Sky,Las Vegas Aces,"[0.6, 3.8, 2.9, 1.9, 1.0]","[""ATL"", ""CHI"", ""DAL"", ""IND"", ""SEA""]",0.8,0.8,"[3.3, 2.4, 1.5, 0.6, 3.8]",7,94.8,DOWN,UP,wnba_player_intelligence
Kahleah Copper,nan,New York Liberty @ Phoenix Mercury,nan,RA,5.4,4.8,1.3,8.3,1.3-8.3,5.5,-152.0,111.0,,,-0.7,UNDER,MED,0.5232,0.4739,0.104,10.4,0.0234,ACTIVE,ACTIVE MARKET,True,,"v5 intelligence blend from stats.wnba.com+player_intelligence: season + recent form, usage, efficiency, minutes, pace, role score, and price lean. Intelligence: role 96.2, minutes STABLE, points STABLE.",New York Liberty @ Phoenix Mercury,Phoenix Mercury,New York Liberty,"[6.2, 5.2, 4.3, 3.4, 6.6]","[""ATL"", ""CHI"", ""DAL"", ""IND"", ""SEA""]",0.6,0.6,"[5.2, 4.3, 3.4, 6.6, 5.7]",14,96.2,STABLE,STABLE,wnba_player_intelligence
Jewell Loyd,nan,Las Vegas Aces @ Chicago Sky,nan,REB,2.5,1.3,-2.2,4.8,-2.2-4.8,2.5,-122.75,-104.33,,,-1.2,UNDER,MED,0.5362,0.5106,0.0501,5.0,0.0131,ACTIVE,ACTIVE MARKET,True,,"v5 intelligence blend from stats.wnba.com+player_intelligence: season + recent form, usage, efficiency, minutes, pace, role score, and price lean. Intelligence: role 88.6, minutes STABLE, points STABLE.",Las Vegas Aces @ Chicago Sky,Chicago Sky,Las Vegas Aces,"[1.8, 0.9, 0, 3.1, 2.2]","[""ATL"", ""CHI"", ""DAL"", ""IND"", ""SEA""]",0.8,0.8,"[0.4, 0, 2.7, 1.8, 0.9]",7,88.6,STABLE,STABLE,wnba_player_intelligence
Jonquel Jones,nan,New York Liberty @ Phoenix Mercury,nan,REB,8.9,7.9,4.4,11.4,4.4-11.4,8.5,-129.8,-102.5,,,-0.6,UNDER,MED,0.5206,0.5062,0.0285,2.9,0.0073,ACTIVE,ACTIVE MARKET,True,,"v5 intelligence blend from stats.wnba.com+player_intelligence: season + recent form, usage, efficiency, minutes, pace, role score, and price lean. Intelligence: role 90.3, minutes STABLE, points STABLE.",New York Liberty @ Phoenix Mercury,Phoenix Mercury,New York Liberty,"[8.8, 7.9, 7.0, 6.1, 9.2]","[""ATL"", ""CHI"", ""DAL"", ""IND"", ""SEA""]",0.6,0.6,"[7.9, 7.0, 6.1, 9.2, 8.3]",14,90.3,STABLE,STABLE,wnba_player_intelligence
A'ja Wilson,nan,Las Vegas Aces @ Chicago Sky,nan,AST,3.0,2.4,-1.1,5.9,-1.1-5.9,3.5,-118.4,-112.75,,,-1.1,UNDER,MED,0.5336,0.53,0.0069,0.7,0.0019,ACTIVE,ACTIVE MARKET,True,,"v5 intelligence blend from stats.wnba.com+player_intelligence: season + recent form, usage, efficiency, minutes, pace, role score, and price lean. Intelligence: role 95.6, minutes STABLE, points STABLE.",Las Vegas Aces @ Chicago Sky,Chicago Sky,Las Vegas Aces,"[3.8, 2.9, 1.9, 1.0, 4.2]","[""ATL"", ""CHI"", ""DAL"", ""IND"", ""SEA""]",0.6,0.7,"[2.4, 1.5, 0.6, 3.8, 2.9]",7,95.6,STABLE,STABLE,wnba_player_intelligence
Alyssa Thomas,nan,New York Liberty @ Phoenix Mercury,nan,REB,6.9,6.9,3.4,10.4,3.4-10.4,7.5,-118.4,-111.75,,,-0.6,UNDER,MED,0.5206,0.5277,-0.0135,-1.4,0.0,ACTIVE,ACTIVE MARKET,True,,"v5 intelligence blend from stats.wnba.com+player_intelligence: season + recent form, usage, efficiency, minutes, pace, role score, and price lean. Intelligence: role 100.0, minutes UP, points UP.",New York Liberty @ Phoenix Mercury,Phoenix Mercury,New York Liberty,"[6.0, 5.1, 8.2, 7.4, 6.5]","[""ATL"", ""CHI"", ""DAL"", ""IND"", ""SEA""]",0.8,0.7,"[5.1, 8.2, 7.4, 6.5, 5.6]",14,100.0,UP,UP,wnba_player_intelligence
Natasha Mack,nan,New York Liberty @ Phoenix Mercury,nan,REB,7.6,4.2,0.7,7.7,0.7-7.7,5.5,-109.2,-120.5,,,-1.3,UNDER,MED,0.5388,0.5465,-0.0141,-1.4,0.0,ACTIVE,ACTIVE MARKET,True,,"v5 intelligence blend from stats.wnba.com+player_intelligence: season + recent form, usage, efficiency, minutes, pace, role score, and price lean. Intelligence: role 72.2, minutes DOWN, points STABLE.",New York Liberty @ Phoenix Mercury,Phoenix Mercury,New York Liberty,"[5.6, 4.7, 3.8, 2.9, 6.0]","[""ATL"", ""CHI"", ""DAL"", ""IND"", ""SEA""]",0.6,0.7,"[4.7, 3.8, 2.9, 6.0, 5.1]",14,72.2,DOWN,STABLE,wnba_player_intelligence
Alyssa Thomas,nan,New York Liberty @ Phoenix Mercury,nan,RA,15.3,16.1,12.6,19.6,12.6-19.6,16.5,-116.5,-115.0,,,-0.4,UNDER,MED,0.5154,0.5349,-0.0364,-3.6,0.0,ACTIVE,ACTIVE MARKET,True,,"v5 intelligence blend from stats.wnba.com+player_intelligence: season + recent form, usage, efficiency, minutes, pace, role score, and price lean. Intelligence: role 100.0, minutes UP, points UP.",New York Liberty @ Phoenix Mercury,Phoenix Mercury,New York Liberty,"[17.9, 17.0, 16.1, 15.2, 14.3]","[""ATL"", ""CHI"", ""DAL"", ""IND"", ""SEA""]",0.6,0.5,"[17.0, 16.1, 15.2, 14.3, 17.5]",14,100.0,UP,UP,wnba_player_intelligence
NaLyssa Smith,nan,Las Vegas Aces @ Chicago Sky,nan,REB,6.1,3.6,0.1,7.1,0.1-7.1,5.5,62.6,-137.0,,,-1.9,UNDER,MED,0.5544,0.5781,-0.0409,-4.1,0.0,ACTIVE,ACTIVE MARKET,True,,"v5 intelligence blend from stats.wnba.com+player_intelligence: season + recent form, usage, efficiency, minutes, pace, role score, and price lean. Intelligence: role 74.2, minutes DOWN, points STABLE.",Las Vegas Aces @ Chicago Sky,Chicago Sky,Las Vegas Aces,"[3.6, 2.7, 1.8, 5.0, 4.0]","[""ATL"", ""CHI"", ""DAL"", ""IND"", ""SEA""]",1.0,1.0,"[2.2, 5.4, 4.5, 3.6, 2.7]",7,74.2,DOWN,STABLE,wnba_player_intelligence
Courtney Vandersloot,nan,Las Vegas Aces @ Chicago Sky,nan,AST,4.5,3.0,-0.5,6.5,-0.5-6.5,4.5,60.6,-132.25,,,-1.5,UNDER,MED,0.544,0.5694,-0.0447,-4.5,0.0,ACTIVE,ACTIVE MARKET,True,,"v5 intelligence blend from stats.wnba.com+player_intelligence: season + recent form, usage, efficiency, minutes, pace, role score, and price lean. Intelligence: role 68.6, minutes STABLE, points STABLE.",Las Vegas Aces @ Chicago Sky,Chicago Sky,Las Vegas Aces,"[1.6, 4.8, 3.9, 3.0, 2.1]","[""ATL"", ""CHI"", ""DAL"", ""IND"", ""SEA""]",0.8,0.9,"[4.3, 3.5, 2.5, 1.6, 4.8]",7,68.6,STABLE,STABLE,wnba_player_intelligence
Breanna Stewart,nan,New York Liberty @ Phoenix Mercury,nan,RA,11.6,12.6,9.1,16.1,9.1-16.1,11.5,-133.0,-102.0,,,1.1,OVER,MED,0.5336,0.5708,-0.0652,-6.5,0.0,ACTIVE,ACTIVE MARKET,True,,"v5 intelligence blend from stats.wnba.com+player_intelligence: season + recent form, usage, efficiency, minutes, pace, role score, and price lean. Intelligence: role 100.0, minutes UP, points STABLE.",New York Liberty @ Phoenix Mercury,Phoenix Mercury,New York Liberty,"[11.2, 14.4, 13.5, 12.6, 11.7]","[""ATL"", ""CHI"", ""DAL"", ""IND"", ""SEA""]",0.8,0.7,"[14.4, 13.5, 12.6, 11.7, 10.8]",14,100.0,UP,STABLE,wnba_player_intelligence
Breanna Stewart,nan,New York Liberty @ Phoenix Mercury,nan,AST,3.1,2.8,-0.7,6.3,-0.7-6.3,3.5,-21.6,-130.5,,,-0.7,UNDER,MED,0.5232,0.5662,-0.0759,-7.6,0.0,ACTIVE,ACTIVE MARKET,True,,"v5 intelligence blend from stats.wnba.com+player_intelligence: season + recent form, usage, efficiency, minutes, pace, role score, and price lean. Intelligence: role 100.0, minutes UP, points STABLE.",New York Liberty @ Phoenix Mercury,Phoenix Mercury,New York Liberty,"[1.4, 4.6, 3.7, 2.8, 1.9]","[""ATL"", ""CHI"", ""DAL"", ""IND"", ""SEA""]",0.6,0.7,"[4.6, 3.7, 2.8, 1.9, 1.0]",14,100.0,UP,STABLE,wnba_player_intelligence
Breanna Stewart,nan,New York Liberty @ Phoenix Mercury,nan,REB,8.5,7.9,4.4,11.4,4.4-11.4,8.5,-21.4,-130.75,,,-0.6,UNDER,MED,0.5206,0.5666,-0.0812,-8.1,0.0,ACTIVE,ACTIVE MARKET,True,,"v5 intelligence blend from stats.wnba.com+player_intelligence: season + recent form, usage, efficiency, minutes, pace, role score, and price lean. Intelligence: role 100.0, minutes UP, points STABLE.",New York Liberty @ Phoenix Mercury,Phoenix Mercury,New York Liberty,"[7.9, 7.0, 6.1, 9.2, 8.3]","[""ATL"", ""CHI"", ""DAL"", ""IND"", ""SEA""]",0.8,0.7,"[7.0, 6.1, 9.2, 8.3, 7.5]",14,100.0,UP,STABLE,wnba_player_intelligence
Alyssa Thomas,nan,New York Liberty @ Phoenix Mercury,nan,AST,8.3,8.9,5.4,12.4,5.4-12.4,8.5,-131.0,-52.25,,,0.4,OVER,MED,0.5154,0.5671,-0.0912,-9.1,0.0,ACTIVE,ACTIVE MARKET,True,,"v5 intelligence blend from stats.wnba.com+player_intelligence: season + recent form, usage, efficiency, minutes, pace, role score, and price lean. Intelligence: role 100.0, minutes UP, points UP.",New York Liberty @ Phoenix Mercury,Phoenix Mercury,New York Liberty,"[10.7, 9.8, 8.9, 8.0, 7.1]","[""ATL"", ""CHI"", ""DAL"", ""IND"", ""SEA""]",0.6,0.6,"[9.8, 8.9, 8.0, 7.1, 10.2]",14,100.0,UP,UP,wnba_player_intelligence
DeWanna Bonner,nan,New York Liberty @ Phoenix Mercury,nan,REB,5.6,5.9,2.4,9.4,2.4-9.4,5.5,-135.0,103.0,,,0.4,OVER,MED,0.5154,0.5745,-0.1028,-10.3,0.0,ACTIVE,ACTIVE MARKET,True,,"v5 intelligence blend from stats.wnba.com+player_intelligence: season + recent form, usage, efficiency, minutes, pace, role score, and price lean. Intelligence: role 91.7, minutes UP, points UP.",New York Liberty @ Phoenix Mercury,Phoenix Mercury,New York Liberty,"[7.2, 6.4, 5.5, 4.6, 7.7]","[""ATL"", ""CHI"", ""DAL"", ""IND"", ""SEA""]",0.6,0.6,"[6.4, 5.5, 4.6, 7.7, 6.8]",14,91.7,UP,UP,wnba_player_intelligence
Sabrina Ionescu,nan,New York Liberty @ Phoenix Mercury,nan,REB,3.8,3.0,-0.5,6.5,-0.5-6.5,4.5,115.4,-155.25,,,-1.5,UNDER,MED,0.544,0.6082,-0.1056,-10.6,0.0,ACTIVE,ACTIVE MARKET,True,,"v5 intelligence blend from stats.wnba.com+player_intelligence: season + recent form, usage, efficiency, minutes, pace, role score, and price lean. Intelligence: role 100.0, minutes UP, points UP.",New York Liberty @ Phoenix Mercury,Phoenix Mercury,New York Liberty,"[2.1, 1.2, 4.3, 3.5, 2.5]","[""ATL"", ""CHI"", ""DAL"", ""IND"", ""SEA""]",1.0,0.9,"[1.2, 4.3, 3.5, 2.5, 1.6]",14,100.0,UP,UP,wnba_player_intelligence
Kamilla Cardoso,nan,Las Vegas Aces @ Chicago Sky,nan,AST,2.4,1.0,-2.5,4.5,-2.5-4.5,2.5,122.0,-157.5,,,-1.5,UNDER,MED,0.544,0.6117,-0.1106,-11.1,0.0,ACTIVE,ACTIVE MARKET,True,,"v5 intelligence blend from stats.wnba.com+player_intelligence: season + recent form, usage, efficiency, minutes, pace, role score, and price lean. Intelligence: role 82.3, minutes STABLE, points STABLE.",Las Vegas Aces @ Chicago Sky,Chicago Sky,Las Vegas Aces,"[0, 2.8, 1.9, 1.0, 0.1]","[""ATL"", ""CHI"", ""DAL"", ""IND"", ""SEA""]",0.8,0.9,"[2.4, 1.4, 0.6, 0, 2.8]",7,82.3,STABLE,STABLE,wnba_player_intelligence
Kahleah Copper,nan,New York Liberty @ Phoenix Mercury,nan,AST,1.8,0.9,-2.6,4.4,-2.6-4.4,2.5,125.75,-165.33,,,-1.6,UNDER,MED,0.5466,0.6231,-0.1228,-12.3,0.0,ACTIVE,ACTIVE MARKET,True,,"v5 intelligence blend from stats.wnba.com+player_intelligence: season + recent form, usage, efficiency, minutes, pace, role score, and price lean. Intelligence: role 96.2, minutes STABLE, points STABLE.",New York Liberty @ Phoenix Mercury,Phoenix Mercury,New York Liberty,"[2.2, 1.4, 0.5, 0, 2.7]","[""ATL"", ""CHI"", ""DAL"", ""IND"", ""SEA""]",0.8,0.9,"[1.4, 0.5, 0, 2.7, 1.8]",14,96.2,STABLE,STABLE,wnba_player_intelligence
Natasha Cloud,nan,Las Vegas Aces @ Chicago Sky,nan,REB,3.2,1.9,-1.6,5.4,-1.6-5.4,3.5,128.0,-170.33,,,-1.6,UNDER,MED,0.5466,0.6301,-0.1325,-13.2,0.0,ACTIVE,ACTIVE MARKET,True,,"v5 intelligence blend from stats.wnba.com+player_intelligence: season + recent form, usage, efficiency, minutes, pace, role score, and price lean. Intelligence: role 95.1, minutes UP, points STABLE.",Las Vegas Aces @ Chicago Sky,Chicago Sky,Las Vegas Aces,"[1.9, 1.0, 0.1, 3.2, 2.4]","[""ATL"", ""CHI"", ""DAL"", ""IND"", ""SEA""]",1.0,0.9,"[0.5, 3.7, 2.8, 1.9, 1.0]",7,95.1,UP,STABLE,wnba_player_intelligence
Monique Akoa Makani,nan,New York Liberty @ Phoenix Mercury,nan,AST,2.5,0.9,-2.6,4.4,-2.6-4.4,2.5,129.0,-171.5,,,-1.6,UNDER,MED,0.5466,0.6317,-0.1347,-13.5,0.0,ACTIVE,ACTIVE MARKET,True,,"v5 intelligence blend from stats.wnba.com+player_intelligence: season + recent form, usage, efficiency, minutes, pace, role score, and price lean. Intelligence: role 79.4, minutes STABLE, points STABLE.",New York Liberty @ Phoenix Mercury,Phoenix Mercury,New York Liberty,"[0, 0, 2.2, 1.4, 0.5]","[""ATL"", ""CHI"", ""DAL"", ""IND"", ""SEA""]",1.0,0.9,"[0, 2.2, 1.4, 0.5, 0]",14,79.4,STABLE,STABLE,wnba_player_intelligence
Kamilla Cardoso,nan,Las Vegas Aces @ Chicago Sky,nan,REB,8.0,6.0,2.5,9.5,2.5-9.5,7.5,-135.8,54.75,,,-1.5,UNDER,MED,0.544,0.6462,-0.1582,-15.8,0.0,ACTIVE,ACTIVE MARKET,True,,"v5 intelligence blend from stats.wnba.com+player_intelligence: season + recent form, usage, efficiency, minutes, pace, role score, and price lean. Intelligence: role 82.3, minutes STABLE, points STABLE.",Las Vegas Aces @ Chicago Sky,Chicago Sky,Las Vegas Aces,"[6.0, 5.1, 4.2, 7.3, 6.5]","[""ATL"", ""CHI"", ""DAL"", ""IND"", ""SEA""]",1.0,0.9,"[4.7, 7.8, 6.9, 6.0, 5.1]",7,82.3,STABLE,STABLE,wnba_player_intelligence
Sydney Taylor,nan,Las Vegas Aces @ Chicago Sky,nan,REB,1.5,0.6,-2.9,4.1,-2.9-4.1,2.5,158.0,-208.0,,,-1.9,UNDER,MED,0.5544,0.6753,-0.1791,-17.9,0.0,ACTIVE,ACTIVE MARKET,True,,"v5 intelligence blend from stats.wnba.com+player_intelligence: season + recent form, usage, efficiency, minutes, pace, role score, and price lean. Intelligence: role 78.6, minutes UP, points UP.",Las Vegas Aces @ Chicago Sky,Chicago Sky,Las Vegas Aces,"[1.1, 0.1, 0, 2.4, 1.5]","[""ATL"", ""CHI"", ""DAL"", ""IND"", ""SEA""]",1.0,1.0,"[0, 0, 2.0, 1.1, 0.1]",7,78.6,UP,UP,wnba_player_intelligence
Sydney Taylor,nan,Las Vegas Aces @ Chicago Sky,nan,AST,1.7,0.6,-2.9,4.1,-2.9-4.1,2.5,174.0,-233.0,,,-1.9,UNDER,MED,0.5544,0.6997,-0.2077,-20.8,0.0,ACTIVE,ACTIVE MARKET,True,,"v5 intelligence blend from stats.wnba.com+player_intelligence: season + recent form, usage, efficiency, minutes, pace, role score, and price lean. Intelligence: role 78.6, minutes UP, points UP.",Las Vegas Aces @ Chicago Sky,Chicago Sky,Las Vegas Aces,"[0, 0, 2.0, 1.1, 0.1]","[""ATL"", ""CHI"", ""DAL"", ""IND"", ""SEA""]",1.0,1.0,"[2.4, 1.5, 0.6, 0, 0]",7,78.6,UP,UP,wnba_player_intelligence
Jonquel Jones,nan,New York Liberty @ Phoenix Mercury,nan,AST,2.8,2.2,-1.3,5.7,-1.3-5.7,2.5,109.0,-144.0,,,-0.3,,LOW,0.5128,0.4785,0.0718,7.2,0.0165,ACTIVE,ACTIVE MARKET,True,,"v5 intelligence blend from stats.wnba.com+player_intelligence: season + recent form, usage, efficiency, minutes, pace, role score, and price lean. Intelligence: role 90.3, minutes STABLE, points STABLE.",New York Liberty @ Phoenix Mercury,Phoenix Mercury,New York Liberty,"[1.8, 0.9, 4.0, 3.1, 2.2]","[""ATL"", ""CHI"", ""DAL"", ""IND"", ""SEA""]",0.0,0.0,"[0.9, 4.0, 3.1, 2.2, 1.3]",14,90.3,STABLE,STABLE,wnba_player_intelligence
Breanna Stewart,nan,New York Liberty @ Phoenix Mercury,nan,RA,11.6,12.4,8.9,15.9,8.9-15.9,12.5,108.0,-144.0,,,-0.1,,LOW,0.5076,0.4808,0.0558,5.6,0.0129,ACTIVE,ACTIVE MARKET,True,,"v5 intelligence blend from stats.wnba.com+player_intelligence: season + recent form, usage, efficiency, minutes, pace, role score, and price lean. Intelligence: role 100.0, minutes UP, points STABLE.",New York Liberty @ Phoenix Mercury,Phoenix Mercury,New York Liberty,"[11.1, 14.2, 13.3, 12.4, 11.5]","[""ATL"", ""CHI"", ""DAL"", ""IND"", ""SEA""]",0.0,0.0,"[14.2, 13.3, 12.4, 11.5, 10.6]",14,100.0,UP,STABLE,wnba_player_intelligence
Jonquel Jones,nan,New York Liberty @ Phoenix Mercury,nan,RA,11.7,11.3,7.8,14.8,7.8-14.8,11.5,-106.5,-125.5,,,-0.2,,LOW,0.5102,0.5157,-0.0107,-1.1,0.0,ACTIVE,ACTIVE MARKET,True,,"v5 intelligence blend from stats.wnba.com+player_intelligence: season + recent form, usage, efficiency, minutes, pace, role score, and price lean. Intelligence: role 90.3, minutes STABLE, points STABLE.",New York Liberty @ Phoenix Mercury,Phoenix Mercury,New York Liberty,"[10.9, 10.0, 13.1, 12.2, 11.3]","[""ATL"", ""CHI"", ""DAL"", ""IND"", ""SEA""]",0.0,0.0,"[10.0, 13.1, 12.2, 11.3, 10.4]",14,90.3,STABLE,STABLE,wnba_player_intelligence
Chelsea Gray,nan,Las Vegas Aces @ Chicago Sky,nan,AST,7.0,6.2,2.7,9.7,2.7-9.7,6.5,-127.0,-4.5,,,-0.3,,LOW,0.5128,0.5595,-0.0834,-8.3,0.0,ACTIVE,ACTIVE MARKET,True,,"v5 intelligence blend from stats.wnba.com+player_intelligence: season + recent form, usage, efficiency, minutes, pace, role score, and price lean. Intelligence: role 100.0, minutes STABLE, points STABLE.",Las Vegas Aces @ Chicago Sky,Chicago Sky,Las Vegas Aces,"[7.6, 6.7, 5.8, 4.8, 8.0]","[""ATL"", ""CHI"", ""DAL"", ""IND"", ""SEA""]",0.0,0.0,"[6.2, 5.3, 4.4, 7.6, 6.7]",7,100.0,STABLE,STABLE,wnba_player_intelligence
Natasha Cloud,nan,Las Vegas Aces @ Chicago Sky,nan,AST,4.6,4.8,1.3,8.3,1.3-8.3,4.5,-132.0,-50.75,,,0.3,,LOW,0.5128,0.569,-0.0987,-9.9,0.0,ACTIVE,ACTIVE MARKET,True,,"v5 intelligence blend from stats.wnba.com+player_intelligence: season + recent form, usage, efficiency, minutes, pace, role score, and price lean. Intelligence: role 95.1, minutes UP, points STABLE.",Las Vegas Aces @ Chicago Sky,Chicago Sky,Las Vegas Aces,"[3.4, 6.6, 5.7, 4.8, 3.9]","[""ATL"", ""CHI"", ""DAL"", ""IND"", ""SEA""]",0.0,0.0,"[6.2, 5.2, 4.3, 3.4, 6.6]",7,95.1,UP,STABLE,wnba_player_intelligence
Natasha Cloud,nan,Las Vegas Aces @ Chicago Sky,nan,RA,7.9,7.6,4.1,11.1,4.1-11.1,7.5,-145.5,108.0,,,0.1,,LOW,0.5076,0.5927,-0.1435,-14.3,0.0,ACTIVE,ACTIVE MARKET,True,,"v5 intelligence blend from stats.wnba.com+player_intelligence: season + recent form, usage, efficiency, minutes, pace, role score, and price lean. Intelligence: role 95.1, minutes UP, points STABLE.",Las Vegas Aces @ Chicago Sky,Chicago Sky,Las Vegas Aces,"[6.2, 9.4, 8.5, 7.6, 6.7]","[""ATL"", ""CHI"", ""DAL"", ""IND"", ""SEA""]",0.0,0.0,"[8.9, 8.0, 7.1, 6.2, 9.4]",7,95.1,UP,STABLE,wnba_player_intelligence
Pauline Astier,nan,New York Liberty @ Phoenix Mercury,nan,AST,3.6,2.3,-1.2,5.8,-1.2-5.8,2.5,-156.5,119.67,,,-0.2,,LOW,0.5102,0.6101,-0.1638,-16.4,0.0,ACTIVE,ACTIVE MARKET,True,,"v5 intelligence blend from stats.wnba.com+player_intelligence: season + recent form, usage, efficiency, minutes, pace, role score, and price lean. Intelligence: role 77.2, minutes STABLE, points STABLE.",New York Liberty @ Phoenix Mercury,Phoenix Mercury,New York Liberty,"[1.4, 0.5, 3.6, 2.8, 1.8]","[""ATL"", ""CHI"", ""DAL"", ""IND"", ""SEA""]",0.0,0.0,"[0.5, 3.6, 2.8, 1.8, 0.9]",14,77.2,STABLE,STABLE,wnba_player_intelligence
Chelsea Gray,nan,Las Vegas Aces @ Chicago Sky,nan,REB,3.4,2.3,-1.2,5.8,-1.2-5.8,2.5,-169.33,126.67,,,-0.2,,LOW,0.5102,0.6287,-0.1885,-18.9,0.0,ACTIVE,ACTIVE MARKET,True,,"v5 intelligence blend from stats.wnba.com+player_intelligence: season + recent form, usage, efficiency, minutes, pace, role score, and price lean. Intelligence: role 100.0, minutes STABLE, points STABLE.",Las Vegas Aces @ Chicago Sky,Chicago Sky,Las Vegas Aces,"[0.9, 4.1, 3.2, 2.3, 1.4]","[""ATL"", ""CHI"", ""DAL"", ""IND"", ""SEA""]",0.0,0.0,"[3.6, 2.8, 1.8, 0.9, 4.1]",7,100.0,STABLE,STABLE,wnba_player_intelligence
Natasha Cloud,nan,Las Vegas Aces @ Chicago Sky,nan,REB,3.2,2.4,-1.1,5.9,-1.1-5.9,2.5,-170.0,125.0,,,-0.1,,LOW,0.5076,0.6296,-0.1938,-19.4,0.0,ACTIVE,ACTIVE MARKET,True,,"v5 intelligence blend from stats.wnba.com+player_intelligence: season + recent form, usage, efficiency, minutes, pace, role score, and price lean. Intelligence: role 95.1, minutes UP, points STABLE.",Las Vegas Aces @ Chicago Sky,Chicago Sky,Las Vegas Aces,"[2.4, 1.5, 0.6, 3.8, 2.9]","[""ATL"", ""CHI"", ""DAL"", ""IND"", ""SEA""]",0.0,0.0,"[1.0, 4.2, 3.3, 2.4, 1.5]",7,95.1,UP,STABLE,wnba_player_intelligence
