game_date,event_id,player,team,position,opp_team,is_home,stat_raw,stat,line,over_price,under_price,yes_price,no_price,num_books,odds_type,game_time,home_team,away_team,source,scraped_at
2026-07-29,c01616be622aa0fcab0ac0351d05e264,Jessica Shepard,,,Atlanta Dream @ Dallas Wings,,player_assists,ast,4.5,-160.5,122.0,,,2,sportsbook,2026-07-30T00:00:00Z,Dallas Wings,Atlanta Dream,the-odds-api,2026-07-29T15:28:18.630545+00:00
2026-07-29,c01616be622aa0fcab0ac0351d05e264,Jordin Canada,,,Atlanta Dream @ Dallas Wings,,player_assists,ast,7.5,-154.0,117.0,,,2,sportsbook,2026-07-30T00:00:00Z,Dallas Wings,Atlanta Dream,the-odds-api,2026-07-29T15:28:18.630545+00:00
2026-07-29,c01616be622aa0fcab0ac0351d05e264,Paige Bueckers,,,Atlanta Dream @ Dallas Wings,,player_assists,ast,5.5,-148.5,111.5,,,4,sportsbook,2026-07-30T00:00:00Z,Dallas Wings,Atlanta Dream,the-odds-api,2026-07-29T15:28:18.630545+00:00
2026-07-29,c01616be622aa0fcab0ac0351d05e264,Rhyne Howard,,,Atlanta Dream @ Dallas Wings,,player_assists,ast,3.5,-114.2,-120.5,,,5,sportsbook,2026-07-30T00:00:00Z,Dallas Wings,Atlanta Dream,the-odds-api,2026-07-29T15:28:18.630545+00:00
2026-07-29,c01616be622aa0fcab0ac0351d05e264,Jessica Shepard,,,Atlanta Dream @ Dallas Wings,,player_points,pts,14.5,-115.2,-114.25,,,5,sportsbook,2026-07-30T00:00:00Z,Dallas Wings,Atlanta Dream,the-odds-api,2026-07-29T15:28:18.630545+00:00
2026-07-29,c01616be622aa0fcab0ac0351d05e264,Naz Hillmon,,,Atlanta Dream @ Dallas Wings,,player_points,pts,8.5,-114.2,-118.0,,,5,sportsbook,2026-07-30T00:00:00Z,Dallas Wings,Atlanta Dream,the-odds-api,2026-07-29T15:28:18.630545+00:00
2026-07-29,c01616be622aa0fcab0ac0351d05e264,Allisha Gray,,,Atlanta Dream @ Dallas Wings,,player_points,pts,19.5,-106.8,-123.0,,,5,sportsbook,2026-07-30T00:00:00Z,Dallas Wings,Atlanta Dream,the-odds-api,2026-07-29T15:28:18.630545+00:00
2026-07-29,c01616be622aa0fcab0ac0351d05e264,Arike Ogunbowale,,,Atlanta Dream @ Dallas Wings,,player_points,pts,13.5,-131.75,-33.0,,,4,sportsbook,2026-07-30T00:00:00Z,Dallas Wings,Atlanta Dream,the-odds-api,2026-07-29T15:28:18.630545+00:00
2026-07-29,c01616be622aa0fcab0ac0351d05e264,Jordin Canada,,,Atlanta Dream @ Dallas Wings,,player_points,pts,11.5,-121.0,-109.75,,,5,sportsbook,2026-07-30T00:00:00Z,Dallas Wings,Atlanta Dream,the-odds-api,2026-07-29T15:28:18.630545+00:00
2026-07-29,c01616be622aa0fcab0ac0351d05e264,Paige Bueckers,,,Atlanta Dream @ Dallas Wings,,player_points,pts,19.5,-135.5,100.0,,,2,sportsbook,2026-07-30T00:00:00Z,Dallas Wings,Atlanta Dream,the-odds-api,2026-07-29T15:28:18.630545+00:00
2026-07-29,c01616be622aa0fcab0ac0351d05e264,Rhyne Howard,,,Atlanta Dream @ Dallas Wings,,player_points,pts,17.5,-120.4,-114.0,,,5,sportsbook,2026-07-30T00:00:00Z,Dallas Wings,Atlanta Dream,the-odds-api,2026-07-29T15:28:18.630545+00:00
2026-07-29,c01616be622aa0fcab0ac0351d05e264,Angel Reese,,,Atlanta Dream @ Dallas Wings,,player_points,pts,15.5,-115.6,-118.25,,,5,sportsbook,2026-07-30T00:00:00Z,Dallas Wings,Atlanta Dream,the-odds-api,2026-07-29T15:28:18.630545+00:00
2026-07-29,c01616be622aa0fcab0ac0351d05e264,Azzi Fudd,,,Atlanta Dream @ Dallas Wings,,player_points,pts,13.5,-62.8,-128.0,,,5,sportsbook,2026-07-30T00:00:00Z,Dallas Wings,Atlanta Dream,the-odds-api,2026-07-29T15:28:18.630545+00:00
2026-07-29,c01616be622aa0fcab0ac0351d05e264,Jessica Shepard,,,Atlanta Dream @ Dallas Wings,,player_points_assists,pa,19.5,-119.5,-112.5,,,2,sportsbook,2026-07-30T00:00:00Z,Dallas Wings,Atlanta Dream,the-odds-api,2026-07-29T15:28:18.630545+00:00
2026-07-29,c01616be622aa0fcab0ac0351d05e264,Jordin Canada,,,Atlanta Dream @ Dallas Wings,,player_points_assists,pa,19.5,-122.0,-108.0,,,1,sportsbook,2026-07-30T00:00:00Z,Dallas Wings,Atlanta Dream,the-odds-api,2026-07-29T15:28:18.630545+00:00
2026-07-29,c01616be622aa0fcab0ac0351d05e264,Rhyne Howard,,,Atlanta Dream @ Dallas Wings,,player_points_assists,pa,21.5,-107.5,-124.5,,,2,sportsbook,2026-07-30T00:00:00Z,Dallas Wings,Atlanta Dream,the-odds-api,2026-07-29T15:28:18.630545+00:00
2026-07-29,c01616be622aa0fcab0ac0351d05e264,Paige Bueckers,,,Atlanta Dream @ Dallas Wings,,player_points_assists,pa,26.5,-116.5,-115.5,,,2,sportsbook,2026-07-30T00:00:00Z,Dallas Wings,Atlanta Dream,the-odds-api,2026-07-29T15:28:18.630545+00:00
2026-07-29,c01616be622aa0fcab0ac0351d05e264,Angel Reese,,,Atlanta Dream @ Dallas Wings,,player_points_q1,q1_pts,3.5,-146.0,110.0,,,1,sportsbook,2026-07-30T00:00:00Z,Dallas Wings,Atlanta Dream,the-odds-api,2026-07-29T15:28:18.630545+00:00
2026-07-29,c01616be622aa0fcab0ac0351d05e264,Allisha Gray,,,Atlanta Dream @ Dallas Wings,,player_points_q1,q1_pts,4.5,-136.0,102.0,,,1,sportsbook,2026-07-30T00:00:00Z,Dallas Wings,Atlanta Dream,the-odds-api,2026-07-29T15:28:18.630545+00:00
2026-07-29,c01616be622aa0fcab0ac0351d05e264,Rhyne Howard,,,Atlanta Dream @ Dallas Wings,,player_points_q1,q1_pts,3.5,-136.0,102.0,,,1,sportsbook,2026-07-30T00:00:00Z,Dallas Wings,Atlanta Dream,the-odds-api,2026-07-29T15:28:18.630545+00:00
2026-07-29,c01616be622aa0fcab0ac0351d05e264,Paige Bueckers,,,Atlanta Dream @ Dallas Wings,,player_points_q1,q1_pts,4.5,-118.0,-112.0,,,1,sportsbook,2026-07-30T00:00:00Z,Dallas Wings,Atlanta Dream,the-odds-api,2026-07-29T15:28:18.630545+00:00
2026-07-29,c01616be622aa0fcab0ac0351d05e264,Jordin Canada,,,Atlanta Dream @ Dallas Wings,,player_points_q1,q1_pts,2.5,-118.0,-112.0,,,1,sportsbook,2026-07-30T00:00:00Z,Dallas Wings,Atlanta Dream,the-odds-api,2026-07-29T15:28:18.630545+00:00
2026-07-29,c01616be622aa0fcab0ac0351d05e264,Azzi Fudd,,,Atlanta Dream @ Dallas Wings,,player_points_q1,q1_pts,2.5,-154.0,116.0,,,1,sportsbook,2026-07-30T00:00:00Z,Dallas Wings,Atlanta Dream,the-odds-api,2026-07-29T15:28:18.630545+00:00
2026-07-29,c01616be622aa0fcab0ac0351d05e264,Arike Ogunbowale,,,Atlanta Dream @ Dallas Wings,,player_points_q1,q1_pts,2.5,-136.0,102.0,,,1,sportsbook,2026-07-30T00:00:00Z,Dallas Wings,Atlanta Dream,the-odds-api,2026-07-29T15:28:18.630545+00:00
2026-07-29,c01616be622aa0fcab0ac0351d05e264,Jessica Shepard,,,Atlanta Dream @ Dallas Wings,,player_points_q1,q1_pts,3.5,-114.0,-114.0,,,1,sportsbook,2026-07-30T00:00:00Z,Dallas Wings,Atlanta Dream,the-odds-api,2026-07-29T15:28:18.630545+00:00
2026-07-29,c01616be622aa0fcab0ac0351d05e264,Jessica Shepard,,,Atlanta Dream @ Dallas Wings,,player_points_rebounds,pr,25.5,-128.5,-105.0,,,2,sportsbook,2026-07-30T00:00:00Z,Dallas Wings,Atlanta Dream,the-odds-api,2026-07-29T15:28:18.630545+00:00
2026-07-29,c01616be622aa0fcab0ac0351d05e264,Angel Reese,,,Atlanta Dream @ Dallas Wings,,player_points_rebounds,pr,27.5,-106.5,-126.5,,,2,sportsbook,2026-07-30T00:00:00Z,Dallas Wings,Atlanta Dream,the-odds-api,2026-07-29T15:28:18.630545+00:00
2026-07-29,c01616be622aa0fcab0ac0351d05e264,Naz Hillmon,,,Atlanta Dream @ Dallas Wings,,player_points_rebounds,pr,12.5,-124.0,-107.5,,,2,sportsbook,2026-07-30T00:00:00Z,Dallas Wings,Atlanta Dream,the-odds-api,2026-07-29T15:28:18.630545+00:00
2026-07-29,c01616be622aa0fcab0ac0351d05e264,Paige Bueckers,,,Atlanta Dream @ Dallas Wings,,player_points_rebounds,pr,24.5,-114.5,-118.0,,,2,sportsbook,2026-07-30T00:00:00Z,Dallas Wings,Atlanta Dream,the-odds-api,2026-07-29T15:28:18.630545+00:00
2026-07-29,c01616be622aa0fcab0ac0351d05e264,Jordin Canada,,,Atlanta Dream @ Dallas Wings,,player_points_rebounds,pr,15.5,-112.5,-118.0,,,2,sportsbook,2026-07-30T00:00:00Z,Dallas Wings,Atlanta Dream,the-odds-api,2026-07-29T15:28:18.630545+00:00
2026-07-29,c01616be622aa0fcab0ac0351d05e264,Rhyne Howard,,,Atlanta Dream @ Dallas Wings,,player_points_rebounds,pr,21.5,-117.5,-114.0,,,2,sportsbook,2026-07-30T00:00:00Z,Dallas Wings,Atlanta Dream,the-odds-api,2026-07-29T15:28:18.630545+00:00
2026-07-29,c01616be622aa0fcab0ac0351d05e264,Jessica Shepard,,,Atlanta Dream @ Dallas Wings,,player_points_rebounds_assists,pra,31.5,-111.5,-123.0,,,4,sportsbook,2026-07-30T00:00:00Z,Dallas Wings,Atlanta Dream,the-odds-api,2026-07-29T15:28:18.630545+00:00
2026-07-29,c01616be622aa0fcab0ac0351d05e264,Angel Reese,,,Atlanta Dream @ Dallas Wings,,player_points_rebounds_assists,pra,29.5,-118.67,-111.33,,,3,sportsbook,2026-07-30T00:00:00Z,Dallas Wings,Atlanta Dream,the-odds-api,2026-07-29T15:28:18.630545+00:00
2026-07-29,c01616be622aa0fcab0ac0351d05e264,Paige Bueckers,,,Atlanta Dream @ Dallas Wings,,player_points_rebounds_assists,pra,30.5,-118.25,-114.0,,,4,sportsbook,2026-07-30T00:00:00Z,Dallas Wings,Atlanta Dream,the-odds-api,2026-07-29T15:28:18.630545+00:00
2026-07-29,c01616be622aa0fcab0ac0351d05e264,Allisha Gray,,,Atlanta Dream @ Dallas Wings,,player_points_rebounds_assists,pra,25.5,-108.33,-122.0,,,3,sportsbook,2026-07-30T00:00:00Z,Dallas Wings,Atlanta Dream,the-odds-api,2026-07-29T15:28:18.630545+00:00
2026-07-29,c01616be622aa0fcab0ac0351d05e264,Arike Ogunbowale,,,Atlanta Dream @ Dallas Wings,,player_points_rebounds_assists,pra,19.5,-118.25,-112.0,,,4,sportsbook,2026-07-30T00:00:00Z,Dallas Wings,Atlanta Dream,the-odds-api,2026-07-29T15:28:18.630545+00:00
2026-07-29,c01616be622aa0fcab0ac0351d05e264,Jordin Canada,,,Atlanta Dream @ Dallas Wings,,player_points_rebounds_assists,pra,23.5,-120.0,-109.0,,,2,sportsbook,2026-07-30T00:00:00Z,Dallas Wings,Atlanta Dream,the-odds-api,2026-07-29T15:28:18.630545+00:00
2026-07-29,c01616be622aa0fcab0ac0351d05e264,Rhyne Howard,,,Atlanta Dream @ Dallas Wings,,player_points_rebounds_assists,pra,25.5,-108.0,-122.67,,,3,sportsbook,2026-07-30T00:00:00Z,Dallas Wings,Atlanta Dream,the-odds-api,2026-07-29T15:28:18.630545+00:00
2026-07-29,c01616be622aa0fcab0ac0351d05e264,Azzi Fudd,,,Atlanta Dream @ Dallas Wings,,player_points_rebounds_assists,pra,17.5,-110.67,-119.0,,,3,sportsbook,2026-07-30T00:00:00Z,Dallas Wings,Atlanta Dream,the-odds-api,2026-07-29T15:28:18.630545+00:00
2026-07-29,c01616be622aa0fcab0ac0351d05e264,Jessica Shepard,,,Atlanta Dream @ Dallas Wings,,player_rebounds,reb,11.5,-66.4,-130.0,,,5,sportsbook,2026-07-30T00:00:00Z,Dallas Wings,Atlanta Dream,the-odds-api,2026-07-29T15:28:18.630545+00:00
2026-07-29,c01616be622aa0fcab0ac0351d05e264,Angel Reese,,,Atlanta Dream @ Dallas Wings,,player_rebounds,reb,11.5,-122.75,-109.5,,,4,sportsbook,2026-07-30T00:00:00Z,Dallas Wings,Atlanta Dream,the-odds-api,2026-07-29T15:28:18.630545+00:00
2026-07-29,c01616be622aa0fcab0ac0351d05e264,Naz Hillmon,,,Atlanta Dream @ Dallas Wings,,player_rebounds,reb,3.5,-177.0,133.5,,,2,sportsbook,2026-07-30T00:00:00Z,Dallas Wings,Atlanta Dream,the-odds-api,2026-07-29T15:28:18.630545+00:00
2026-07-29,c01616be622aa0fcab0ac0351d05e264,Allisha Gray,,,Atlanta Dream @ Dallas Wings,,player_rebounds,reb,3.5,120.5,-161.25,,,4,sportsbook,2026-07-30T00:00:00Z,Dallas Wings,Atlanta Dream,the-odds-api,2026-07-29T15:28:18.630545+00:00
2026-07-29,c01616be622aa0fcab0ac0351d05e264,Jordin Canada,,,Atlanta Dream @ Dallas Wings,,player_rebounds,reb,3.5,-129.2,-1.75,,,5,sportsbook,2026-07-30T00:00:00Z,Dallas Wings,Atlanta Dream,the-odds-api,2026-07-29T15:28:18.630545+00:00
2026-07-29,c01616be622aa0fcab0ac0351d05e264,Paige Bueckers,,,Atlanta Dream @ Dallas Wings,,player_rebounds,reb,3.5,-155.2,117.0,,,5,sportsbook,2026-07-30T00:00:00Z,Dallas Wings,Atlanta Dream,the-odds-api,2026-07-29T15:28:18.630545+00:00
2026-07-29,c01616be622aa0fcab0ac0351d05e264,Rhyne Howard,,,Atlanta Dream @ Dallas Wings,,player_rebounds,reb,3.5,-158.75,118.75,,,4,sportsbook,2026-07-30T00:00:00Z,Dallas Wings,Atlanta Dream,the-odds-api,2026-07-29T15:28:18.630545+00:00
2026-07-29,c01616be622aa0fcab0ac0351d05e264,Brionna Jones,,,Atlanta Dream @ Dallas Wings,,player_rebounds,reb,5.5,122.0,-162.0,,,1,sportsbook,2026-07-30T00:00:00Z,Dallas Wings,Atlanta Dream,the-odds-api,2026-07-29T15:28:18.630545+00:00
2026-07-29,c01616be622aa0fcab0ac0351d05e264,Jessica Shepard,,,Atlanta Dream @ Dallas Wings,,player_rebounds_assists,ra,16.5,-115.5,-116.0,,,2,sportsbook,2026-07-30T00:00:00Z,Dallas Wings,Atlanta Dream,the-odds-api,2026-07-29T15:28:18.630545+00:00
2026-07-29,c01616be622aa0fcab0ac0351d05e264,Paige Bueckers,,,Atlanta Dream @ Dallas Wings,,player_rebounds_assists,ra,9.5,-152.0,114.0,,,1,sportsbook,2026-07-30T00:00:00Z,Dallas Wings,Atlanta Dream,the-odds-api,2026-07-29T15:28:18.630545+00:00
2026-07-29,c01616be622aa0fcab0ac0351d05e264,Jordin Canada,,,Atlanta Dream @ Dallas Wings,,player_rebounds_assists,ra,11.5,-136.0,102.0,,,1,sportsbook,2026-07-30T00:00:00Z,Dallas Wings,Atlanta Dream,the-odds-api,2026-07-29T15:28:18.630545+00:00
2026-07-29,c01616be622aa0fcab0ac0351d05e264,Rhyne Howard,,,Atlanta Dream @ Dallas Wings,,player_rebounds_assists,ra,7.5,-118.0,-113.5,,,2,sportsbook,2026-07-30T00:00:00Z,Dallas Wings,Atlanta Dream,the-odds-api,2026-07-29T15:28:18.630545+00:00
2026-07-29,c01616be622aa0fcab0ac0351d05e264,Naz Hillmon,,,Atlanta Dream @ Dallas Wings,,player_threes,threes,1.5,191.5,-261.5,,,2,sportsbook,2026-07-30T00:00:00Z,Dallas Wings,Atlanta Dream,the-odds-api,2026-07-29T15:28:18.630545+00:00
2026-07-29,c01616be622aa0fcab0ac0351d05e264,Allisha Gray,,,Atlanta Dream @ Dallas Wings,,player_threes,threes,1.5,-176.5,131.75,,,5,sportsbook,2026-07-30T00:00:00Z,Dallas Wings,Atlanta Dream,the-odds-api,2026-07-29T15:28:18.630545+00:00
2026-07-29,c01616be622aa0fcab0ac0351d05e264,Jordin Canada,,,Atlanta Dream @ Dallas Wings,,player_threes,threes,1.5,159.75,-237.5,,,3,sportsbook,2026-07-30T00:00:00Z,Dallas Wings,Atlanta Dream,the-odds-api,2026-07-29T15:28:18.630545+00:00
2026-07-29,c01616be622aa0fcab0ac0351d05e264,Paige Bueckers,,,Atlanta Dream @ Dallas Wings,,player_threes,threes,1.5,108.67,-149.0,,,5,sportsbook,2026-07-30T00:00:00Z,Dallas Wings,Atlanta Dream,the-odds-api,2026-07-29T15:28:18.630545+00:00
2026-07-29,c01616be622aa0fcab0ac0351d05e264,Arike Ogunbowale,,,Atlanta Dream @ Dallas Wings,,player_threes,threes,1.5,-150.0,106.5,,,5,sportsbook,2026-07-30T00:00:00Z,Dallas Wings,Atlanta Dream,the-odds-api,2026-07-29T15:28:18.630545+00:00
2026-07-29,c01616be622aa0fcab0ac0351d05e264,Rhyne Howard,,,Atlanta Dream @ Dallas Wings,,player_threes,threes,2.5,-182.5,137.5,,,2,sportsbook,2026-07-30T00:00:00Z,Dallas Wings,Atlanta Dream,the-odds-api,2026-07-29T15:28:18.630545+00:00
2026-07-29,c01616be622aa0fcab0ac0351d05e264,Azzi Fudd,,,Atlanta Dream @ Dallas Wings,,player_threes,threes,2.5,155.0,-206.67,,,3,sportsbook,2026-07-30T00:00:00Z,Dallas Wings,Atlanta Dream,the-odds-api,2026-07-29T15:28:18.630545+00:00
2026-07-29,c01616be622aa0fcab0ac0351d05e264,Jordin Canada,,,Atlanta Dream @ Dallas Wings,,player_assists,ast,8.5,34.33,-136.0,,,3,sportsbook,2026-07-30T00:00:00Z,Dallas Wings,Atlanta Dream,the-odds-api,2026-07-29T15:28:18.630545+00:00
2026-07-29,c01616be622aa0fcab0ac0351d05e264,Jessica Shepard,,,Atlanta Dream @ Dallas Wings,,player_assists,ast,5.5,115.33,-157.0,,,3,sportsbook,2026-07-30T00:00:00Z,Dallas Wings,Atlanta Dream,the-odds-api,2026-07-29T15:28:18.630545+00:00
2026-07-29,c01616be622aa0fcab0ac0351d05e264,Arike Ogunbowale,,,Atlanta Dream @ Dallas Wings,,player_assists,ast,2.5,-156.67,117.5,,,3,sportsbook,2026-07-30T00:00:00Z,Dallas Wings,Atlanta Dream,the-odds-api,2026-07-29T15:28:18.630545+00:00
2026-07-29,c01616be622aa0fcab0ac0351d05e264,Allisha Gray,,,Atlanta Dream @ Dallas Wings,,player_assists,ast,2.5,103.67,-135.0,,,3,sportsbook,2026-07-30T00:00:00Z,Dallas Wings,Atlanta Dream,the-odds-api,2026-07-29T15:28:18.630545+00:00
2026-07-29,c01616be622aa0fcab0ac0351d05e264,Angel Reese,,,Atlanta Dream @ Dallas Wings,,player_assists,ast,2.5,111.67,-146.5,,,3,sportsbook,2026-07-30T00:00:00Z,Dallas Wings,Atlanta Dream,the-odds-api,2026-07-29T15:28:18.630545+00:00
2026-07-29,c01616be622aa0fcab0ac0351d05e264,Paige Bueckers,,,Atlanta Dream @ Dallas Wings,,player_points,pts,20.5,-114.25,-116.0,,,4,sportsbook,2026-07-30T00:00:00Z,Dallas Wings,Atlanta Dream,the-odds-api,2026-07-29T15:28:18.630545+00:00
2026-07-29,c01616be622aa0fcab0ac0351d05e264,Arike Ogunbowale,,,Atlanta Dream @ Dallas Wings,,player_points,pts,14.5,-104.5,-127.0,,,2,sportsbook,2026-07-30T00:00:00Z,Dallas Wings,Atlanta Dream,the-odds-api,2026-07-29T15:28:18.630545+00:00
2026-07-29,c01616be622aa0fcab0ac0351d05e264,Allisha Gray,,,Atlanta Dream @ Dallas Wings,,player_points_assists,pa,22.5,-106.0,-128.0,,,1,sportsbook,2026-07-30T00:00:00Z,Dallas Wings,Atlanta Dream,the-odds-api,2026-07-29T15:28:18.630545+00:00
2026-07-29,c01616be622aa0fcab0ac0351d05e264,Jordin Canada,,,Atlanta Dream @ Dallas Wings,,player_points_assists,pa,20.5,-112.0,-121.0,,,1,sportsbook,2026-07-30T00:00:00Z,Dallas Wings,Atlanta Dream,the-odds-api,2026-07-29T15:28:18.630545+00:00
2026-07-29,c01616be622aa0fcab0ac0351d05e264,Angel Reese,,,Atlanta Dream @ Dallas Wings,,player_points_assists,pa,17.5,-121.0,-112.0,,,1,sportsbook,2026-07-30T00:00:00Z,Dallas Wings,Atlanta Dream,the-odds-api,2026-07-29T15:28:18.630545+00:00
2026-07-29,c01616be622aa0fcab0ac0351d05e264,Arike Ogunbowale,,,Atlanta Dream @ Dallas Wings,,player_points_assists,pa,17.5,-106.0,-128.0,,,1,sportsbook,2026-07-30T00:00:00Z,Dallas Wings,Atlanta Dream,the-odds-api,2026-07-29T15:28:18.630545+00:00
2026-07-29,c01616be622aa0fcab0ac0351d05e264,Azzi Fudd,,,Atlanta Dream @ Dallas Wings,,player_points_assists,pa,15.5,-111.0,-123.0,,,1,sportsbook,2026-07-30T00:00:00Z,Dallas Wings,Atlanta Dream,the-odds-api,2026-07-29T15:28:18.630545+00:00
2026-07-29,c01616be622aa0fcab0ac0351d05e264,Allisha Gray,,,Atlanta Dream @ Dallas Wings,,player_points_rebounds,pr,22.5,-120.0,-113.0,,,1,sportsbook,2026-07-30T00:00:00Z,Dallas Wings,Atlanta Dream,the-odds-api,2026-07-29T15:28:18.630545+00:00
2026-07-29,c01616be622aa0fcab0ac0351d05e264,Arike Ogunbowale,,,Atlanta Dream @ Dallas Wings,,player_points_rebounds,pr,16.5,-128.0,-106.0,,,1,sportsbook,2026-07-30T00:00:00Z,Dallas Wings,Atlanta Dream,the-odds-api,2026-07-29T15:28:18.630545+00:00
2026-07-29,c01616be622aa0fcab0ac0351d05e264,Azzi Fudd,,,Atlanta Dream @ Dallas Wings,,player_points_rebounds,pr,15.5,-106.0,-128.0,,,1,sportsbook,2026-07-30T00:00:00Z,Dallas Wings,Atlanta Dream,the-odds-api,2026-07-29T15:28:18.630545+00:00
2026-07-29,c01616be622aa0fcab0ac0351d05e264,Brionna Jones,,,Atlanta Dream @ Dallas Wings,,player_points_rebounds,pr,13.5,-115.0,-118.0,,,1,sportsbook,2026-07-30T00:00:00Z,Dallas Wings,Atlanta Dream,the-odds-api,2026-07-29T15:28:18.630545+00:00
2026-07-29,c01616be622aa0fcab0ac0351d05e264,Jordin Canada,,,Atlanta Dream @ Dallas Wings,,player_points_rebounds_assists,pra,24.5,-107.0,-128.0,,,2,sportsbook,2026-07-30T00:00:00Z,Dallas Wings,Atlanta Dream,the-odds-api,2026-07-29T15:28:18.630545+00:00
2026-07-29,c01616be622aa0fcab0ac0351d05e264,Brionna Jones,,,Atlanta Dream @ Dallas Wings,,player_rebounds,reb,4.5,-145.33,109.67,,,3,sportsbook,2026-07-30T00:00:00Z,Dallas Wings,Atlanta Dream,the-odds-api,2026-07-29T15:28:18.630545+00:00
2026-07-29,c01616be622aa0fcab0ac0351d05e264,Naz Hillmon,,,Atlanta Dream @ Dallas Wings,,player_rebounds,reb,4.5,38.0,-148.5,,,3,sportsbook,2026-07-30T00:00:00Z,Dallas Wings,Atlanta Dream,the-odds-api,2026-07-29T15:28:18.630545+00:00
2026-07-29,c01616be622aa0fcab0ac0351d05e264,Arike Ogunbowale,,,Atlanta Dream @ Dallas Wings,,player_rebounds,reb,2.5,-110.33,-116.5,,,3,sportsbook,2026-07-30T00:00:00Z,Dallas Wings,Atlanta Dream,the-odds-api,2026-07-29T15:28:18.630545+00:00
2026-07-29,c01616be622aa0fcab0ac0351d05e264,Angel Reese,,,Atlanta Dream @ Dallas Wings,,player_rebounds_assists,ra,14.5,100.0,-136.0,,,1,sportsbook,2026-07-30T00:00:00Z,Dallas Wings,Atlanta Dream,the-odds-api,2026-07-29T15:28:18.630545+00:00
2026-07-29,c01616be622aa0fcab0ac0351d05e264,Jordin Canada,,,Atlanta Dream @ Dallas Wings,,player_rebounds_assists,ra,12.5,102.0,-139.0,,,1,sportsbook,2026-07-30T00:00:00Z,Dallas Wings,Atlanta Dream,the-odds-api,2026-07-29T15:28:18.630545+00:00
2026-07-29,c01616be622aa0fcab0ac0351d05e264,Paige Bueckers,,,Atlanta Dream @ Dallas Wings,,player_rebounds_assists,ra,10.5,105.0,-143.0,,,1,sportsbook,2026-07-30T00:00:00Z,Dallas Wings,Atlanta Dream,the-odds-api,2026-07-29T15:28:18.630545+00:00
2026-07-29,c01616be622aa0fcab0ac0351d05e264,Rhyne Howard,,,Atlanta Dream @ Dallas Wings,,player_threes,threes,3.5,119.75,-170.5,,,3,sportsbook,2026-07-30T00:00:00Z,Dallas Wings,Atlanta Dream,the-odds-api,2026-07-29T15:28:18.630545+00:00
2026-07-29,c01616be622aa0fcab0ac0351d05e264,Azzi Fudd,,,Atlanta Dream @ Dallas Wings,,player_threes,threes,1.5,-191.67,142.0,,,2,sportsbook,2026-07-30T00:00:00Z,Dallas Wings,Atlanta Dream,the-odds-api,2026-07-29T15:28:18.630545+00:00
2026-07-29,c01616be622aa0fcab0ac0351d05e264,Jordin Canada,,,Atlanta Dream @ Dallas Wings,,player_threes,threes,0.5,-219.0,162.5,,,2,sportsbook,2026-07-30T00:00:00Z,Dallas Wings,Atlanta Dream,the-odds-api,2026-07-29T15:28:18.630545+00:00
2026-07-29,c01616be622aa0fcab0ac0351d05e264,Paige Bueckers,,,Atlanta Dream @ Dallas Wings,,player_assists,ast,6.5,112.0,,,,1,sportsbook,2026-07-30T00:00:00Z,Dallas Wings,Atlanta Dream,the-odds-api,2026-07-29T15:28:18.630545+00:00
2026-07-29,c01616be622aa0fcab0ac0351d05e264,Angel Reese,,,Atlanta Dream @ Dallas Wings,,player_points,pts,16.5,-103.0,,,,1,sportsbook,2026-07-30T00:00:00Z,Dallas Wings,Atlanta Dream,the-odds-api,2026-07-29T15:28:18.630545+00:00
2026-07-29,c01616be622aa0fcab0ac0351d05e264,Jessica Shepard,,,Atlanta Dream @ Dallas Wings,,player_points,pts,15.5,107.0,,,,1,sportsbook,2026-07-30T00:00:00Z,Dallas Wings,Atlanta Dream,the-odds-api,2026-07-29T15:28:18.630545+00:00
2026-07-29,c01616be622aa0fcab0ac0351d05e264,Azzi Fudd,,,Atlanta Dream @ Dallas Wings,,player_points,pts,12.5,-125.0,,,,1,sportsbook,2026-07-30T00:00:00Z,Dallas Wings,Atlanta Dream,the-odds-api,2026-07-29T15:28:18.630545+00:00
2026-07-29,c01616be622aa0fcab0ac0351d05e264,Rhyne Howard,,,Atlanta Dream @ Dallas Wings,,player_points,pts,19.5,107.0,,,,1,sportsbook,2026-07-30T00:00:00Z,Dallas Wings,Atlanta Dream,the-odds-api,2026-07-29T15:28:18.630545+00:00
2026-07-29,c01616be622aa0fcab0ac0351d05e264,Allisha Gray,,,Atlanta Dream @ Dallas Wings,,player_points,pts,18.5,-129.0,,,,1,sportsbook,2026-07-30T00:00:00Z,Dallas Wings,Atlanta Dream,the-odds-api,2026-07-29T15:28:18.630545+00:00
2026-07-29,c01616be622aa0fcab0ac0351d05e264,Rhyne Howard,,,Atlanta Dream @ Dallas Wings,,player_points,pts,18.5,-115.0,,,,1,sportsbook,2026-07-30T00:00:00Z,Dallas Wings,Atlanta Dream,the-odds-api,2026-07-29T15:28:18.630545+00:00
2026-07-29,c01616be622aa0fcab0ac0351d05e264,Paige Bueckers,,,Atlanta Dream @ Dallas Wings,,player_points,pts,21.5,108.0,,,,1,sportsbook,2026-07-30T00:00:00Z,Dallas Wings,Atlanta Dream,the-odds-api,2026-07-29T15:28:18.630545+00:00
2026-07-29,c01616be622aa0fcab0ac0351d05e264,Naz Hillmon,,,Atlanta Dream @ Dallas Wings,,player_points,pts,9.5,106.0,,,,1,sportsbook,2026-07-30T00:00:00Z,Dallas Wings,Atlanta Dream,the-odds-api,2026-07-29T15:28:18.630545+00:00
2026-07-29,c01616be622aa0fcab0ac0351d05e264,Jordin Canada,,,Atlanta Dream @ Dallas Wings,,player_points,pts,12.5,102.0,,,,1,sportsbook,2026-07-30T00:00:00Z,Dallas Wings,Atlanta Dream,the-odds-api,2026-07-29T15:28:18.630545+00:00
2026-07-29,c01616be622aa0fcab0ac0351d05e264,Allisha Gray,,,Atlanta Dream @ Dallas Wings,,player_points,pts,20.5,115.0,,,,1,sportsbook,2026-07-30T00:00:00Z,Dallas Wings,Atlanta Dream,the-odds-api,2026-07-29T15:28:18.630545+00:00
2026-07-29,c01616be622aa0fcab0ac0351d05e264,Rhyne Howard,,,Atlanta Dream @ Dallas Wings,,player_points_rebounds_assists,pra,26.5,-118.0,,,,1,sportsbook,2026-07-30T00:00:00Z,Dallas Wings,Atlanta Dream,the-odds-api,2026-07-29T15:28:18.630545+00:00
2026-07-29,c01616be622aa0fcab0ac0351d05e264,Angel Reese,,,Atlanta Dream @ Dallas Wings,,player_points_rebounds_assists,pra,30.5,-121.0,,,,1,sportsbook,2026-07-30T00:00:00Z,Dallas Wings,Atlanta Dream,the-odds-api,2026-07-29T15:28:18.630545+00:00
2026-07-29,c01616be622aa0fcab0ac0351d05e264,Allisha Gray,,,Atlanta Dream @ Dallas Wings,,player_points_rebounds_assists,pra,24.5,-118.0,,,,1,sportsbook,2026-07-30T00:00:00Z,Dallas Wings,Atlanta Dream,the-odds-api,2026-07-29T15:28:18.630545+00:00
2026-07-29,c01616be622aa0fcab0ac0351d05e264,Rhyne Howard,,,Atlanta Dream @ Dallas Wings,,player_rebounds,reb,4.5,120.0,,,,1,sportsbook,2026-07-30T00:00:00Z,Dallas Wings,Atlanta Dream,the-odds-api,2026-07-29T15:28:18.630545+00:00
2026-07-29,c01616be622aa0fcab0ac0351d05e264,Angel Reese,,,Atlanta Dream @ Dallas Wings,,player_rebounds,reb,12.5,104.0,,,,1,sportsbook,2026-07-30T00:00:00Z,Dallas Wings,Atlanta Dream,the-odds-api,2026-07-29T15:28:18.630545+00:00
2026-07-29,c01616be622aa0fcab0ac0351d05e264,Allisha Gray,,,Atlanta Dream @ Dallas Wings,,player_rebounds,reb,2.5,-155.0,,,,1,sportsbook,2026-07-30T00:00:00Z,Dallas Wings,Atlanta Dream,the-odds-api,2026-07-29T15:28:18.630545+00:00
2026-07-29,c01616be622aa0fcab0ac0351d05e264,Azzi Fudd,,,Atlanta Dream @ Dallas Wings,,player_assists,ast,2.5,152.0,-200.0,,,1,sportsbook,2026-07-30T00:00:00Z,Dallas Wings,Atlanta Dream,the-odds-api,2026-07-29T15:28:18.630545+00:00
2026-07-29,44c05d0bdf345dc1b2a2eef1bff78ce3,Gabby Williams,,,Golden State Valkyries @ Phoenix Mercury,,player_assists,ast,2.5,153.0,-206.67,,,3,sportsbook,2026-07-30T02:00:00Z,Phoenix Mercury,Golden State Valkyries,the-odds-api,2026-07-29T15:28:20.217673+00:00
2026-07-29,44c05d0bdf345dc1b2a2eef1bff78ce3,Veronica Burton,,,Golden State Valkyries @ Phoenix Mercury,,player_assists,ast,6.5,-105.4,-125.5,,,5,sportsbook,2026-07-30T02:00:00Z,Phoenix Mercury,Golden State Valkyries,the-odds-api,2026-07-29T15:28:20.217673+00:00
2026-07-29,44c05d0bdf345dc1b2a2eef1bff78ce3,Alyssa Thomas,,,Golden State Valkyries @ Phoenix Mercury,,player_assists,ast,8.5,-119.0,-119.5,,,5,sportsbook,2026-07-30T02:00:00Z,Phoenix Mercury,Golden State Valkyries,the-odds-api,2026-07-29T15:28:20.217673+00:00
2026-07-29,44c05d0bdf345dc1b2a2eef1bff78ce3,Kaitlyn Chen,,,Golden State Valkyries @ Phoenix Mercury,,player_points,pts,8.5,-106.25,-124.25,,,4,sportsbook,2026-07-30T02:00:00Z,Phoenix Mercury,Golden State Valkyries,the-odds-api,2026-07-29T15:28:20.217673+00:00
2026-07-29,44c05d0bdf345dc1b2a2eef1bff78ce3,Veronica Burton,,,Golden State Valkyries @ Phoenix Mercury,,player_points,pts,12.5,-110.0,-118.0,,,5,sportsbook,2026-07-30T02:00:00Z,Phoenix Mercury,Golden State Valkyries,the-odds-api,2026-07-29T15:28:20.217673+00:00
2026-07-29,44c05d0bdf345dc1b2a2eef1bff78ce3,Kayla Thornton,,,Golden State Valkyries @ Phoenix Mercury,,player_points,pts,9.5,-75.2,-110.75,,,5,sportsbook,2026-07-30T02:00:00Z,Phoenix Mercury,Golden State Valkyries,the-odds-api,2026-07-29T15:28:20.217673+00:00
2026-07-29,44c05d0bdf345dc1b2a2eef1bff78ce3,Gabby Williams,,,Golden State Valkyries @ Phoenix Mercury,,player_points,pts,14.5,-63.6,-127.75,,,5,sportsbook,2026-07-30T02:00:00Z,Phoenix Mercury,Golden State Valkyries,the-odds-api,2026-07-29T15:28:20.217673+00:00
2026-07-29,44c05d0bdf345dc1b2a2eef1bff78ce3,Janelle Salaun,,,Golden State Valkyries @ Phoenix Mercury,,player_points,pts,12.5,-110.4,-120.75,,,5,sportsbook,2026-07-30T02:00:00Z,Phoenix Mercury,Golden State Valkyries,the-odds-api,2026-07-29T15:28:20.217673+00:00
2026-07-29,44c05d0bdf345dc1b2a2eef1bff78ce3,Alyssa Thomas,,,Golden State Valkyries @ Phoenix Mercury,,player_points,pts,13.5,-115.2,-117.75,,,5,sportsbook,2026-07-30T02:00:00Z,Phoenix Mercury,Golden State Valkyries,the-odds-api,2026-07-29T15:28:20.217673+00:00
2026-07-29,44c05d0bdf345dc1b2a2eef1bff78ce3,Monique Akoa Makani,,,Golden State Valkyries @ Phoenix Mercury,,player_points,pts,9.5,-108.0,-123.25,,,5,sportsbook,2026-07-30T02:00:00Z,Phoenix Mercury,Golden State Valkyries,the-odds-api,2026-07-29T15:28:20.217673+00:00
2026-07-29,44c05d0bdf345dc1b2a2eef1bff78ce3,DeWanna Bonner,,,Golden State Valkyries @ Phoenix Mercury,,player_points,pts,8.5,-130.0,100.0,,,1,sportsbook,2026-07-30T02:00:00Z,Phoenix Mercury,Golden State Valkyries,the-odds-api,2026-07-29T15:28:20.217673+00:00
2026-07-29,44c05d0bdf345dc1b2a2eef1bff78ce3,Kahleah Copper,,,Golden State Valkyries @ Phoenix Mercury,,player_points,pts,17.5,-115.0,-114.67,,,3,sportsbook,2026-07-30T02:00:00Z,Phoenix Mercury,Golden State Valkyries,the-odds-api,2026-07-29T15:28:20.217673+00:00
2026-07-29,44c05d0bdf345dc1b2a2eef1bff78ce3,Gabby Williams,,,Golden State Valkyries @ Phoenix Mercury,,player_points_assists,pa,16.5,-110.5,-121.0,,,2,sportsbook,2026-07-30T02:00:00Z,Phoenix Mercury,Golden State Valkyries,the-odds-api,2026-07-29T15:28:20.217673+00:00
2026-07-29,44c05d0bdf345dc1b2a2eef1bff78ce3,Veronica Burton,,,Golden State Valkyries @ Phoenix Mercury,,player_points_assists,pa,19.5,-104.5,-128.5,,,2,sportsbook,2026-07-30T02:00:00Z,Phoenix Mercury,Golden State Valkyries,the-odds-api,2026-07-29T15:28:20.217673+00:00
2026-07-29,44c05d0bdf345dc1b2a2eef1bff78ce3,Alyssa Thomas,,,Golden State Valkyries @ Phoenix Mercury,,player_points_assists,pa,22.5,-8.0,-124.5,,,2,sportsbook,2026-07-30T02:00:00Z,Phoenix Mercury,Golden State Valkyries,the-odds-api,2026-07-29T15:28:20.217673+00:00
2026-07-29,44c05d0bdf345dc1b2a2eef1bff78ce3,Kahleah Copper,,,Golden State Valkyries @ Phoenix Mercury,,player_points_rebounds,pr,20.5,-128.0,-104.0,,,1,sportsbook,2026-07-30T02:00:00Z,Phoenix Mercury,Golden State Valkyries,the-odds-api,2026-07-29T15:28:20.217673+00:00
2026-07-29,44c05d0bdf345dc1b2a2eef1bff78ce3,Kayla Thornton,,,Golden State Valkyries @ Phoenix Mercury,,player_points_rebounds,pr,14.5,-122.5,-109.0,,,2,sportsbook,2026-07-30T02:00:00Z,Phoenix Mercury,Golden State Valkyries,the-odds-api,2026-07-29T15:28:20.217673+00:00
2026-07-29,44c05d0bdf345dc1b2a2eef1bff78ce3,Alyssa Thomas,,,Golden State Valkyries @ Phoenix Mercury,,player_points_rebounds,pr,21.5,-108.0,-124.5,,,2,sportsbook,2026-07-30T02:00:00Z,Phoenix Mercury,Golden State Valkyries,the-odds-api,2026-07-29T15:28:20.217673+00:00
2026-07-29,44c05d0bdf345dc1b2a2eef1bff78ce3,Janelle Salaun,,,Golden State Valkyries @ Phoenix Mercury,,player_points_rebounds,pr,15.5,-130.0,-102.0,,,1,sportsbook,2026-07-30T02:00:00Z,Phoenix Mercury,Golden State Valkyries,the-odds-api,2026-07-29T15:28:20.217673+00:00
2026-07-29,44c05d0bdf345dc1b2a2eef1bff78ce3,DeWanna Bonner,,,Golden State Valkyries @ Phoenix Mercury,,player_points_rebounds,pr,14.5,-125.0,-106.0,,,1,sportsbook,2026-07-30T02:00:00Z,Phoenix Mercury,Golden State Valkyries,the-odds-api,2026-07-29T15:28:20.217673+00:00
2026-07-29,44c05d0bdf345dc1b2a2eef1bff78ce3,Gabby Williams,,,Golden State Valkyries @ Phoenix Mercury,,player_points_rebounds,pr,17.5,-102.0,-130.0,,,1,sportsbook,2026-07-30T02:00:00Z,Phoenix Mercury,Golden State Valkyries,the-odds-api,2026-07-29T15:28:20.217673+00:00
2026-07-29,44c05d0bdf345dc1b2a2eef1bff78ce3,Veronica Burton,,,Golden State Valkyries @ Phoenix Mercury,,player_points_rebounds,pr,15.5,-128.0,-104.0,,,1,sportsbook,2026-07-30T02:00:00Z,Phoenix Mercury,Golden State Valkyries,the-odds-api,2026-07-29T15:28:20.217673+00:00
2026-07-29,44c05d0bdf345dc1b2a2eef1bff78ce3,Veronica Burton,,,Golden State Valkyries @ Phoenix Mercury,,player_points_rebounds_assists,pra,22.5,-119.0,-109.0,,,4,sportsbook,2026-07-30T02:00:00Z,Phoenix Mercury,Golden State Valkyries,the-odds-api,2026-07-29T15:28:20.217673+00:00
2026-07-29,44c05d0bdf345dc1b2a2eef1bff78ce3,Alyssa Thomas,,,Golden State Valkyries @ Phoenix Mercury,,player_points_rebounds_assists,pra,29.5,-120.5,-108.5,,,2,sportsbook,2026-07-30T02:00:00Z,Phoenix Mercury,Golden State Valkyries,the-odds-api,2026-07-29T15:28:20.217673+00:00
2026-07-29,44c05d0bdf345dc1b2a2eef1bff78ce3,Monique Akoa Makani,,,Golden State Valkyries @ Phoenix Mercury,,player_points_rebounds_assists,pra,14.5,-107.0,-123.67,,,3,sportsbook,2026-07-30T02:00:00Z,Phoenix Mercury,Golden State Valkyries,the-odds-api,2026-07-29T15:28:20.217673+00:00
2026-07-29,44c05d0bdf345dc1b2a2eef1bff78ce3,Gabby Williams,,,Golden State Valkyries @ Phoenix Mercury,,player_points_rebounds_assists,pra,19.5,-108.25,-122.33,,,4,sportsbook,2026-07-30T02:00:00Z,Phoenix Mercury,Golden State Valkyries,the-odds-api,2026-07-29T15:28:20.217673+00:00
2026-07-29,44c05d0bdf345dc1b2a2eef1bff78ce3,Kahleah Copper,,,Golden State Valkyries @ Phoenix Mercury,,player_points_rebounds_assists,pra,23.5,-107.0,-122.5,,,2,sportsbook,2026-07-30T02:00:00Z,Phoenix Mercury,Golden State Valkyries,the-odds-api,2026-07-29T15:28:20.217673+00:00
2026-07-29,44c05d0bdf345dc1b2a2eef1bff78ce3,Janelle Salaun,,,Golden State Valkyries @ Phoenix Mercury,,player_rebounds,reb,3.5,-123.2,-105.75,,,5,sportsbook,2026-07-30T02:00:00Z,Phoenix Mercury,Golden State Valkyries,the-odds-api,2026-07-29T15:28:20.217673+00:00
2026-07-29,44c05d0bdf345dc1b2a2eef1bff78ce3,Gabby Williams,,,Golden State Valkyries @ Phoenix Mercury,,player_rebounds,reb,2.5,-135.5,-33.0,,,4,sportsbook,2026-07-30T02:00:00Z,Phoenix Mercury,Golden State Valkyries,the-odds-api,2026-07-29T15:28:20.217673+00:00
2026-07-29,44c05d0bdf345dc1b2a2eef1bff78ce3,Kayla Thornton,,,Golden State Valkyries @ Phoenix Mercury,,player_rebounds,reb,4.5,-149.0,113.25,,,5,sportsbook,2026-07-30T02:00:00Z,Phoenix Mercury,Golden State Valkyries,the-odds-api,2026-07-29T15:28:20.217673+00:00
2026-07-29,44c05d0bdf345dc1b2a2eef1bff78ce3,Veronica Burton,,,Golden State Valkyries @ Phoenix Mercury,,player_rebounds,reb,3.5,-24.8,-132.75,,,5,sportsbook,2026-07-30T02:00:00Z,Phoenix Mercury,Golden State Valkyries,the-odds-api,2026-07-29T15:28:20.217673+00:00
2026-07-29,44c05d0bdf345dc1b2a2eef1bff78ce3,DeWanna Bonner,,,Golden State Valkyries @ Phoenix Mercury,,player_rebounds,reb,5.5,-135.0,51.5,,,5,sportsbook,2026-07-30T02:00:00Z,Phoenix Mercury,Golden State Valkyries,the-odds-api,2026-07-29T15:28:20.217673+00:00
2026-07-29,44c05d0bdf345dc1b2a2eef1bff78ce3,Kahleah Copper,,,Golden State Valkyries @ Phoenix Mercury,,player_rebounds,reb,3.5,65.4,-148.75,,,5,sportsbook,2026-07-30T02:00:00Z,Phoenix Mercury,Golden State Valkyries,the-odds-api,2026-07-29T15:28:20.217673+00:00
2026-07-29,44c05d0bdf345dc1b2a2eef1bff78ce3,Alyssa Thomas,,,Golden State Valkyries @ Phoenix Mercury,,player_rebounds,reb,7.5,-116.8,-114.25,,,5,sportsbook,2026-07-30T02:00:00Z,Phoenix Mercury,Golden State Valkyries,the-odds-api,2026-07-29T15:28:20.217673+00:00
2026-07-29,44c05d0bdf345dc1b2a2eef1bff78ce3,Alyssa Thomas,,,Golden State Valkyries @ Phoenix Mercury,,player_rebounds_assists,ra,16.5,-106.0,-125.5,,,2,sportsbook,2026-07-30T02:00:00Z,Phoenix Mercury,Golden State Valkyries,the-odds-api,2026-07-29T15:28:20.217673+00:00
2026-07-29,44c05d0bdf345dc1b2a2eef1bff78ce3,Gabby Williams,,,Golden State Valkyries @ Phoenix Mercury,,player_rebounds_assists,ra,4.5,-152.0,114.0,,,1,sportsbook,2026-07-30T02:00:00Z,Phoenix Mercury,Golden State Valkyries,the-odds-api,2026-07-29T15:28:20.217673+00:00
2026-07-29,44c05d0bdf345dc1b2a2eef1bff78ce3,Veronica Burton,,,Golden State Valkyries @ Phoenix Mercury,,player_rebounds_assists,ra,10.5,114.0,-152.0,,,1,sportsbook,2026-07-30T02:00:00Z,Phoenix Mercury,Golden State Valkyries,the-odds-api,2026-07-29T15:28:20.217673+00:00
2026-07-29,44c05d0bdf345dc1b2a2eef1bff78ce3,Kayla Thornton,,,Golden State Valkyries @ Phoenix Mercury,,player_threes,threes,1.5,-42.83,-115.75,,,5,sportsbook,2026-07-30T02:00:00Z,Phoenix Mercury,Golden State Valkyries,the-odds-api,2026-07-29T15:28:20.217673+00:00
2026-07-29,44c05d0bdf345dc1b2a2eef1bff78ce3,Kahleah Copper,,,Golden State Valkyries @ Phoenix Mercury,,player_threes,threes,1.5,-149.5,110.5,,,5,sportsbook,2026-07-30T02:00:00Z,Phoenix Mercury,Golden State Valkyries,the-odds-api,2026-07-29T15:28:20.217673+00:00
2026-07-29,44c05d0bdf345dc1b2a2eef1bff78ce3,Monique Akoa Makani,,,Golden State Valkyries @ Phoenix Mercury,,player_threes,threes,1.5,142.5,-193.25,,,5,sportsbook,2026-07-30T02:00:00Z,Phoenix Mercury,Golden State Valkyries,the-odds-api,2026-07-29T15:28:20.217673+00:00
2026-07-29,44c05d0bdf345dc1b2a2eef1bff78ce3,Cecilia Zandalasini,,,Golden State Valkyries @ Phoenix Mercury,,player_threes,threes,1.5,196.5,-269.0,,,2,sportsbook,2026-07-30T02:00:00Z,Phoenix Mercury,Golden State Valkyries,the-odds-api,2026-07-29T15:28:20.217673+00:00
2026-07-29,44c05d0bdf345dc1b2a2eef1bff78ce3,Gabby Williams,,,Golden State Valkyries @ Phoenix Mercury,,player_threes,threes,1.5,-121.17,-109.5,,,5,sportsbook,2026-07-30T02:00:00Z,Phoenix Mercury,Golden State Valkyries,the-odds-api,2026-07-29T15:28:20.217673+00:00
2026-07-29,44c05d0bdf345dc1b2a2eef1bff78ce3,DeWanna Bonner,,,Golden State Valkyries @ Phoenix Mercury,,player_threes,threes,1.5,152.67,-216.0,,,5,sportsbook,2026-07-30T02:00:00Z,Phoenix Mercury,Golden State Valkyries,the-odds-api,2026-07-29T15:28:20.217673+00:00
2026-07-29,44c05d0bdf345dc1b2a2eef1bff78ce3,Veronica Burton,,,Golden State Valkyries @ Phoenix Mercury,,player_threes,threes,1.5,151.5,-217.25,,,5,sportsbook,2026-07-30T02:00:00Z,Phoenix Mercury,Golden State Valkyries,the-odds-api,2026-07-29T15:28:20.217673+00:00
2026-07-29,44c05d0bdf345dc1b2a2eef1bff78ce3,Janelle Salaun,,,Golden State Valkyries @ Phoenix Mercury,,player_threes,threes,2.5,136.0,-178.25,,,5,sportsbook,2026-07-30T02:00:00Z,Phoenix Mercury,Golden State Valkyries,the-odds-api,2026-07-29T15:28:20.217673+00:00
2026-07-29,44c05d0bdf345dc1b2a2eef1bff78ce3,Monique Akoa Makani,,,Golden State Valkyries @ Phoenix Mercury,,player_assists,ast,2.5,-111.33,-120.0,,,3,sportsbook,2026-07-30T02:00:00Z,Phoenix Mercury,Golden State Valkyries,the-odds-api,2026-07-29T15:28:20.217673+00:00
2026-07-29,44c05d0bdf345dc1b2a2eef1bff78ce3,Kahleah Copper,,,Golden State Valkyries @ Phoenix Mercury,,player_assists,ast,2.5,137.67,-199.5,,,3,sportsbook,2026-07-30T02:00:00Z,Phoenix Mercury,Golden State Valkyries,the-odds-api,2026-07-29T15:28:20.217673+00:00
2026-07-29,44c05d0bdf345dc1b2a2eef1bff78ce3,Kahleah Copper,,,Golden State Valkyries @ Phoenix Mercury,,player_points,pts,18.5,-115.5,-117.0,,,2,sportsbook,2026-07-30T02:00:00Z,Phoenix Mercury,Golden State Valkyries,the-odds-api,2026-07-29T15:28:20.217673+00:00
2026-07-29,44c05d0bdf345dc1b2a2eef1bff78ce3,DeWanna Bonner,,,Golden State Valkyries @ Phoenix Mercury,,player_points,pts,9.5,-57.0,-125.67,,,4,sportsbook,2026-07-30T02:00:00Z,Phoenix Mercury,Golden State Valkyries,the-odds-api,2026-07-29T15:28:20.217673+00:00
2026-07-29,44c05d0bdf345dc1b2a2eef1bff78ce3,Kahleah Copper,,,Golden State Valkyries @ Phoenix Mercury,,player_points_assists,pa,20.5,-120.0,-113.0,,,1,sportsbook,2026-07-30T02:00:00Z,Phoenix Mercury,Golden State Valkyries,the-odds-api,2026-07-29T15:28:20.217673+00:00
2026-07-29,44c05d0bdf345dc1b2a2eef1bff78ce3,Monique Akoa Makani,,,Golden State Valkyries @ Phoenix Mercury,,player_points_assists,pa,11.5,-136.0,100.0,,,1,sportsbook,2026-07-30T02:00:00Z,Phoenix Mercury,Golden State Valkyries,the-odds-api,2026-07-29T15:28:20.217673+00:00
2026-07-29,44c05d0bdf345dc1b2a2eef1bff78ce3,DeWanna Bonner,,,Golden State Valkyries @ Phoenix Mercury,,player_points_assists,pa,11.5,100.0,-136.0,,,1,sportsbook,2026-07-30T02:00:00Z,Phoenix Mercury,Golden State Valkyries,the-odds-api,2026-07-29T15:28:20.217673+00:00
2026-07-29,44c05d0bdf345dc1b2a2eef1bff78ce3,Kahleah Copper,,,Golden State Valkyries @ Phoenix Mercury,,player_points_rebounds,pr,22.5,-105.0,-129.0,,,1,sportsbook,2026-07-30T02:00:00Z,Phoenix Mercury,Golden State Valkyries,the-odds-api,2026-07-29T15:28:20.217673+00:00
2026-07-29,44c05d0bdf345dc1b2a2eef1bff78ce3,Gabby Williams,,,Golden State Valkyries @ Phoenix Mercury,,player_points_rebounds,pr,16.5,-132.0,-103.0,,,1,sportsbook,2026-07-30T02:00:00Z,Phoenix Mercury,Golden State Valkyries,the-odds-api,2026-07-29T15:28:20.217673+00:00
2026-07-29,44c05d0bdf345dc1b2a2eef1bff78ce3,Janelle Salaun,,,Golden State Valkyries @ Phoenix Mercury,,player_points_rebounds,pr,16.5,-112.0,-121.0,,,1,sportsbook,2026-07-30T02:00:00Z,Phoenix Mercury,Golden State Valkyries,the-odds-api,2026-07-29T15:28:20.217673+00:00
2026-07-29,44c05d0bdf345dc1b2a2eef1bff78ce3,Veronica Burton,,,Golden State Valkyries @ Phoenix Mercury,,player_points_rebounds,pr,16.5,-108.0,-126.0,,,1,sportsbook,2026-07-30T02:00:00Z,Phoenix Mercury,Golden State Valkyries,the-odds-api,2026-07-29T15:28:20.217673+00:00
2026-07-29,44c05d0bdf345dc1b2a2eef1bff78ce3,DeWanna Bonner,,,Golden State Valkyries @ Phoenix Mercury,,player_points_rebounds,pr,15.5,-112.0,-121.0,,,1,sportsbook,2026-07-30T02:00:00Z,Phoenix Mercury,Golden State Valkyries,the-odds-api,2026-07-29T15:28:20.217673+00:00
2026-07-29,44c05d0bdf345dc1b2a2eef1bff78ce3,Monique Akoa Makani,,,Golden State Valkyries @ Phoenix Mercury,,player_points_rebounds,pr,11.5,-119.0,-114.0,,,1,sportsbook,2026-07-30T02:00:00Z,Phoenix Mercury,Golden State Valkyries,the-odds-api,2026-07-29T15:28:20.217673+00:00
2026-07-29,44c05d0bdf345dc1b2a2eef1bff78ce3,Alyssa Thomas,,,Golden State Valkyries @ Phoenix Mercury,,player_points_rebounds_assists,pra,30.5,-120.0,-118.0,,,2,sportsbook,2026-07-30T02:00:00Z,Phoenix Mercury,Golden State Valkyries,the-odds-api,2026-07-29T15:28:20.217673+00:00
2026-07-29,44c05d0bdf345dc1b2a2eef1bff78ce3,Kahleah Copper,,,Golden State Valkyries @ Phoenix Mercury,,player_points_rebounds_assists,pra,24.5,-113.5,-124.0,,,2,sportsbook,2026-07-30T02:00:00Z,Phoenix Mercury,Golden State Valkyries,the-odds-api,2026-07-29T15:28:20.217673+00:00
2026-07-29,44c05d0bdf345dc1b2a2eef1bff78ce3,DeWanna Bonner,,,Golden State Valkyries @ Phoenix Mercury,,player_points_rebounds_assists,pra,17.5,-0.5,-132.0,,,2,sportsbook,2026-07-30T02:00:00Z,Phoenix Mercury,Golden State Valkyries,the-odds-api,2026-07-29T15:28:20.217673+00:00
2026-07-29,44c05d0bdf345dc1b2a2eef1bff78ce3,Monique Akoa Makani,,,Golden State Valkyries @ Phoenix Mercury,,player_rebounds,reb,2.5,127.0,-169.0,,,2,sportsbook,2026-07-30T02:00:00Z,Phoenix Mercury,Golden State Valkyries,the-odds-api,2026-07-29T15:28:20.217673+00:00
2026-07-29,44c05d0bdf345dc1b2a2eef1bff78ce3,Veronica Burton,,,Golden State Valkyries @ Phoenix Mercury,,player_rebounds_assists,ra,9.5,-130.0,-105.0,,,1,sportsbook,2026-07-30T02:00:00Z,Phoenix Mercury,Golden State Valkyries,the-odds-api,2026-07-29T15:28:20.217673+00:00
2026-07-29,44c05d0bdf345dc1b2a2eef1bff78ce3,DeWanna Bonner,,,Golden State Valkyries @ Phoenix Mercury,,player_rebounds_assists,ra,7.5,-109.0,-125.0,,,1,sportsbook,2026-07-30T02:00:00Z,Phoenix Mercury,Golden State Valkyries,the-odds-api,2026-07-29T15:28:20.217673+00:00
2026-07-29,44c05d0bdf345dc1b2a2eef1bff78ce3,Gabby Williams,,,Golden State Valkyries @ Phoenix Mercury,,player_assists,ast,1.5,-175.0,,,,1,sportsbook,2026-07-30T02:00:00Z,Phoenix Mercury,Golden State Valkyries,the-odds-api,2026-07-29T15:28:20.217673+00:00
2026-07-29,44c05d0bdf345dc1b2a2eef1bff78ce3,Alyssa Thomas,,,Golden State Valkyries @ Phoenix Mercury,,player_points,pts,14.5,100.0,,,,1,sportsbook,2026-07-30T02:00:00Z,Phoenix Mercury,Golden State Valkyries,the-odds-api,2026-07-29T15:28:20.217673+00:00
2026-07-29,44c05d0bdf345dc1b2a2eef1bff78ce3,Kahleah Copper,,,Golden State Valkyries @ Phoenix Mercury,,player_points,pts,19.5,105.0,,,,1,sportsbook,2026-07-30T02:00:00Z,Phoenix Mercury,Golden State Valkyries,the-odds-api,2026-07-29T15:28:20.217673+00:00
2026-07-29,44c05d0bdf345dc1b2a2eef1bff78ce3,Veronica Burton,,,Golden State Valkyries @ Phoenix Mercury,,player_points,pts,11.5,-130.0,,,,1,sportsbook,2026-07-30T02:00:00Z,Phoenix Mercury,Golden State Valkyries,the-odds-api,2026-07-29T15:28:20.217673+00:00
2026-07-29,44c05d0bdf345dc1b2a2eef1bff78ce3,Janelle Salaun,,,Golden State Valkyries @ Phoenix Mercury,,player_points,pts,13.5,110.0,,,,1,sportsbook,2026-07-30T02:00:00Z,Phoenix Mercury,Golden State Valkyries,the-odds-api,2026-07-29T15:28:20.217673+00:00
2026-07-29,44c05d0bdf345dc1b2a2eef1bff78ce3,DeWanna Bonner,,,Golden State Valkyries @ Phoenix Mercury,,player_points,pts,10.5,118.0,,,,1,sportsbook,2026-07-30T02:00:00Z,Phoenix Mercury,Golden State Valkyries,the-odds-api,2026-07-29T15:28:20.217673+00:00
2026-07-29,44c05d0bdf345dc1b2a2eef1bff78ce3,Monique Akoa Makani,,,Golden State Valkyries @ Phoenix Mercury,,player_points,pts,10.5,114.0,,,,1,sportsbook,2026-07-30T02:00:00Z,Phoenix Mercury,Golden State Valkyries,the-odds-api,2026-07-29T15:28:20.217673+00:00
2026-07-29,44c05d0bdf345dc1b2a2eef1bff78ce3,Gabby Williams,,,Golden State Valkyries @ Phoenix Mercury,,player_points,pts,13.5,-130.0,,,,1,sportsbook,2026-07-30T02:00:00Z,Phoenix Mercury,Golden State Valkyries,the-odds-api,2026-07-29T15:28:20.217673+00:00
2026-07-29,44c05d0bdf345dc1b2a2eef1bff78ce3,Kayla Thornton,,,Golden State Valkyries @ Phoenix Mercury,,player_points,pts,8.5,-129.0,,,,1,sportsbook,2026-07-30T02:00:00Z,Phoenix Mercury,Golden State Valkyries,the-odds-api,2026-07-29T15:28:20.217673+00:00
2026-07-29,c1d42f6695414bf61ecb07b706cce413,Natasha Cloud,,,Connecticut Sun @ Chicago Sky,,player_assists,ast,5.5,-156.0,116.0,,,2,sportsbook,2026-07-31T00:10:00Z,Chicago Sky,Connecticut Sun,the-odds-api,2026-07-29T15:28:21.663120+00:00
2026-07-29,c1d42f6695414bf61ecb07b706cce413,Leïla Lacan,,,Connecticut Sun @ Chicago Sky,,player_assists,ast,4.5,120.0,-161.0,,,2,sportsbook,2026-07-31T00:10:00Z,Chicago Sky,Connecticut Sun,the-odds-api,2026-07-29T15:28:21.663120+00:00
2026-07-29,c1d42f6695414bf61ecb07b706cce413,Sydney Taylor,,,Connecticut Sun @ Chicago Sky,,player_points,pts,16.5,-119.5,-109.5,,,2,sportsbook,2026-07-31T00:10:00Z,Chicago Sky,Connecticut Sun,the-odds-api,2026-07-29T15:28:21.663120+00:00
2026-07-29,c1d42f6695414bf61ecb07b706cce413,Azura Stevens,,,Connecticut Sun @ Chicago Sky,,player_points,pts,13.5,-120.0,-109.5,,,2,sportsbook,2026-07-31T00:10:00Z,Chicago Sky,Connecticut Sun,the-odds-api,2026-07-29T15:28:21.663120+00:00
2026-07-29,c1d42f6695414bf61ecb07b706cce413,Kamilla Cardoso,,,Connecticut Sun @ Chicago Sky,,player_points,pts,12.5,-114.0,-115.0,,,2,sportsbook,2026-07-31T00:10:00Z,Chicago Sky,Connecticut Sun,the-odds-api,2026-07-29T15:28:21.663120+00:00
2026-07-29,c1d42f6695414bf61ecb07b706cce413,Leïla Lacan,,,Connecticut Sun @ Chicago Sky,,player_points,pts,11.5,-130.0,-1.0,,,2,sportsbook,2026-07-31T00:10:00Z,Chicago Sky,Connecticut Sun,the-odds-api,2026-07-29T15:28:21.663120+00:00
2026-07-29,c1d42f6695414bf61ecb07b706cce413,Natasha Cloud,,,Connecticut Sun @ Chicago Sky,,player_points,pts,11.5,-102.5,-128.5,,,2,sportsbook,2026-07-31T00:10:00Z,Chicago Sky,Connecticut Sun,the-odds-api,2026-07-29T15:28:21.663120+00:00
2026-07-29,c1d42f6695414bf61ecb07b706cce413,Natasha Cloud,,,Connecticut Sun @ Chicago Sky,,player_points_assists,pa,17.5,-112.0,-119.5,,,2,sportsbook,2026-07-31T00:10:00Z,Chicago Sky,Connecticut Sun,the-odds-api,2026-07-29T15:28:21.663120+00:00
2026-07-29,c1d42f6695414bf61ecb07b706cce413,Leïla Lacan,,,Connecticut Sun @ Chicago Sky,,player_points_assists,pa,16.5,-107.5,-124.5,,,2,sportsbook,2026-07-31T00:10:00Z,Chicago Sky,Connecticut Sun,the-odds-api,2026-07-29T15:28:21.663120+00:00
2026-07-29,c1d42f6695414bf61ecb07b706cce413,Azura Stevens,,,Connecticut Sun @ Chicago Sky,,player_points_rebounds,pr,21.5,-105.0,-129.0,,,1,sportsbook,2026-07-31T00:10:00Z,Chicago Sky,Connecticut Sun,the-odds-api,2026-07-29T15:28:21.663120+00:00
2026-07-29,c1d42f6695414bf61ecb07b706cce413,Kamilla Cardoso,,,Connecticut Sun @ Chicago Sky,,player_points_rebounds,pr,20.5,-110.5,-121.5,,,2,sportsbook,2026-07-31T00:10:00Z,Chicago Sky,Connecticut Sun,the-odds-api,2026-07-29T15:28:21.663120+00:00
2026-07-29,c1d42f6695414bf61ecb07b706cce413,Natasha Cloud,,,Connecticut Sun @ Chicago Sky,,player_points_rebounds,pr,14.5,-121.0,-111.0,,,2,sportsbook,2026-07-31T00:10:00Z,Chicago Sky,Connecticut Sun,the-odds-api,2026-07-29T15:28:21.663120+00:00
2026-07-29,c1d42f6695414bf61ecb07b706cce413,Natasha Cloud,,,Connecticut Sun @ Chicago Sky,,player_points_rebounds_assists,pra,20.5,-128.0,-105.0,,,2,sportsbook,2026-07-31T00:10:00Z,Chicago Sky,Connecticut Sun,the-odds-api,2026-07-29T15:28:21.663120+00:00
2026-07-29,c1d42f6695414bf61ecb07b706cce413,Kamilla Cardoso,,,Connecticut Sun @ Chicago Sky,,player_rebounds,reb,7.5,-114.5,-116.0,,,2,sportsbook,2026-07-31T00:10:00Z,Chicago Sky,Connecticut Sun,the-odds-api,2026-07-29T15:28:21.663120+00:00
2026-07-29,c1d42f6695414bf61ecb07b706cce413,Azura Stevens,,,Connecticut Sun @ Chicago Sky,,player_rebounds,reb,7.5,116.5,-157.0,,,2,sportsbook,2026-07-31T00:10:00Z,Chicago Sky,Connecticut Sun,the-odds-api,2026-07-29T15:28:21.663120+00:00
2026-07-29,c1d42f6695414bf61ecb07b706cce413,Natasha Cloud,,,Connecticut Sun @ Chicago Sky,,player_rebounds,reb,3.5,107.5,-144.0,,,2,sportsbook,2026-07-31T00:10:00Z,Chicago Sky,Connecticut Sun,the-odds-api,2026-07-29T15:28:21.663120+00:00
2026-07-29,c1d42f6695414bf61ecb07b706cce413,Natasha Cloud,,,Connecticut Sun @ Chicago Sky,,player_rebounds_assists,ra,9.5,-110.0,-121.5,,,2,sportsbook,2026-07-31T00:10:00Z,Chicago Sky,Connecticut Sun,the-odds-api,2026-07-29T15:28:21.663120+00:00
2026-07-29,c1d42f6695414bf61ecb07b706cce413,Sydney Taylor,,,Connecticut Sun @ Chicago Sky,,player_threes,threes,2.5,121.0,-163.0,,,2,sportsbook,2026-07-31T00:10:00Z,Chicago Sky,Connecticut Sun,the-odds-api,2026-07-29T15:28:21.663120+00:00
2026-07-29,c1d42f6695414bf61ecb07b706cce413,Azura Stevens,,,Connecticut Sun @ Chicago Sky,,player_threes,threes,1.5,159.5,-218.0,,,2,sportsbook,2026-07-31T00:10:00Z,Chicago Sky,Connecticut Sun,the-odds-api,2026-07-29T15:28:21.663120+00:00
2026-07-29,c1d42f6695414bf61ecb07b706cce413,Natasha Cloud,,,Connecticut Sun @ Chicago Sky,,player_threes,threes,1.5,161.0,-220.0,,,2,sportsbook,2026-07-31T00:10:00Z,Chicago Sky,Connecticut Sun,the-odds-api,2026-07-29T15:28:21.663120+00:00
2026-07-29,c1d42f6695414bf61ecb07b706cce413,Kamilla Cardoso,,,Connecticut Sun @ Chicago Sky,,player_points_assists,pa,14.5,-125.0,-106.0,,,1,sportsbook,2026-07-31T00:10:00Z,Chicago Sky,Connecticut Sun,the-odds-api,2026-07-29T15:28:21.663120+00:00
2026-07-29,c1d42f6695414bf61ecb07b706cce413,Azura Stevens,,,Connecticut Sun @ Chicago Sky,,player_points_assists,pa,16.5,-102.0,-130.0,,,1,sportsbook,2026-07-31T00:10:00Z,Chicago Sky,Connecticut Sun,the-odds-api,2026-07-29T15:28:21.663120+00:00
2026-07-29,c1d42f6695414bf61ecb07b706cce413,Sydney Taylor,,,Connecticut Sun @ Chicago Sky,,player_points_q1,q1_pts,3.5,-102.0,-130.0,,,1,sportsbook,2026-07-31T00:10:00Z,Chicago Sky,Connecticut Sun,the-odds-api,2026-07-29T15:28:21.663120+00:00
2026-07-29,c1d42f6695414bf61ecb07b706cce413,Kamilla Cardoso,,,Connecticut Sun @ Chicago Sky,,player_points_q1,q1_pts,2.5,-108.0,-122.0,,,1,sportsbook,2026-07-31T00:10:00Z,Chicago Sky,Connecticut Sun,the-odds-api,2026-07-29T15:28:21.663120+00:00
2026-07-29,c1d42f6695414bf61ecb07b706cce413,Natasha Cloud,,,Connecticut Sun @ Chicago Sky,,player_points_q1,q1_pts,2.5,108.0,-144.0,,,1,sportsbook,2026-07-31T00:10:00Z,Chicago Sky,Connecticut Sun,the-odds-api,2026-07-29T15:28:21.663120+00:00
2026-07-29,c1d42f6695414bf61ecb07b706cce413,Azura Stevens,,,Connecticut Sun @ Chicago Sky,,player_points_q1,q1_pts,2.5,-125.0,-106.0,,,1,sportsbook,2026-07-31T00:10:00Z,Chicago Sky,Connecticut Sun,the-odds-api,2026-07-29T15:28:21.663120+00:00
2026-07-29,c1d42f6695414bf61ecb07b706cce413,Azura Stevens,,,Connecticut Sun @ Chicago Sky,,player_points_rebounds,pr,20.5,-125.0,-106.0,,,1,sportsbook,2026-07-31T00:10:00Z,Chicago Sky,Connecticut Sun,the-odds-api,2026-07-29T15:28:21.663120+00:00
2026-07-29,c1d42f6695414bf61ecb07b706cce413,Sydney Taylor,,,Connecticut Sun @ Chicago Sky,,player_points_rebounds_assists,pra,20.5,-120.0,-110.0,,,1,sportsbook,2026-07-31T00:10:00Z,Chicago Sky,Connecticut Sun,the-odds-api,2026-07-29T15:28:21.663120+00:00
2026-07-29,c1d42f6695414bf61ecb07b706cce413,Kamilla Cardoso,,,Connecticut Sun @ Chicago Sky,,player_points_rebounds_assists,pra,22.5,-118.0,-112.0,,,1,sportsbook,2026-07-31T00:10:00Z,Chicago Sky,Connecticut Sun,the-odds-api,2026-07-29T15:28:21.663120+00:00
2026-07-29,c1d42f6695414bf61ecb07b706cce413,Azura Stevens,,,Connecticut Sun @ Chicago Sky,,player_points_rebounds_assists,pra,23.5,-112.0,-118.0,,,1,sportsbook,2026-07-31T00:10:00Z,Chicago Sky,Connecticut Sun,the-odds-api,2026-07-29T15:28:21.663120+00:00
2026-07-29,c1d42f6695414bf61ecb07b706cce413,Kamilla Cardoso,,,Connecticut Sun @ Chicago Sky,,player_rebounds_assists,ra,9.5,-130.0,-102.0,,,1,sportsbook,2026-07-31T00:10:00Z,Chicago Sky,Connecticut Sun,the-odds-api,2026-07-29T15:28:21.663120+00:00
2026-07-29,c1d42f6695414bf61ecb07b706cce413,Azura Stevens,,,Connecticut Sun @ Chicago Sky,,player_rebounds_assists,ra,9.5,-118.0,-112.0,,,1,sportsbook,2026-07-31T00:10:00Z,Chicago Sky,Connecticut Sun,the-odds-api,2026-07-29T15:28:21.663120+00:00
2026-07-29,ba08696dc9c287df669bc353e504f1be,Olivia Miles,,,Minnesota Lynx @ Toronto Tempo,,player_assists,ast,7.5,111.0,-149.5,,,2,sportsbook,2026-07-31T00:10:00Z,Toronto Tempo,Minnesota Lynx,the-odds-api,2026-07-29T15:28:23.057217+00:00
2026-07-29,ba08696dc9c287df669bc353e504f1be,Courtney Williams,,,Minnesota Lynx @ Toronto Tempo,,player_assists,ast,3.5,-163.0,119.0,,,1,sportsbook,2026-07-31T00:10:00Z,Toronto Tempo,Minnesota Lynx,the-odds-api,2026-07-29T15:28:23.057217+00:00
2026-07-29,ba08696dc9c287df669bc353e504f1be,Marina Mabrey,,,Minnesota Lynx @ Toronto Tempo,,player_assists,ast,3.5,-139.0,103.5,,,2,sportsbook,2026-07-31T00:10:00Z,Toronto Tempo,Minnesota Lynx,the-odds-api,2026-07-29T15:28:23.057217+00:00
2026-07-29,ba08696dc9c287df669bc353e504f1be,Napheesa Collier,,,Minnesota Lynx @ Toronto Tempo,,player_assists,ast,2.5,111.5,-150.0,,,2,sportsbook,2026-07-31T00:10:00Z,Toronto Tempo,Minnesota Lynx,the-odds-api,2026-07-29T15:28:23.057217+00:00
2026-07-29,ba08696dc9c287df669bc353e504f1be,Kayla McBride,,,Minnesota Lynx @ Toronto Tempo,,player_assists,ast,2.5,112.5,-151.0,,,2,sportsbook,2026-07-31T00:10:00Z,Toronto Tempo,Minnesota Lynx,the-odds-api,2026-07-29T15:28:23.057217+00:00
2026-07-29,ba08696dc9c287df669bc353e504f1be,Marina Mabrey,,,Minnesota Lynx @ Toronto Tempo,,player_points,pts,21.5,-109.5,-120.0,,,2,sportsbook,2026-07-31T00:10:00Z,Toronto Tempo,Minnesota Lynx,the-odds-api,2026-07-29T15:28:23.057217+00:00
2026-07-29,ba08696dc9c287df669bc353e504f1be,Napheesa Collier,,,Minnesota Lynx @ Toronto Tempo,,player_points,pts,19.5,-3.5,-126.5,,,2,sportsbook,2026-07-31T00:10:00Z,Toronto Tempo,Minnesota Lynx,the-odds-api,2026-07-29T15:28:23.057217+00:00
2026-07-29,ba08696dc9c287df669bc353e504f1be,Olivia Miles,,,Minnesota Lynx @ Toronto Tempo,,player_points,pts,17.5,-130.0,-1.0,,,2,sportsbook,2026-07-31T00:10:00Z,Toronto Tempo,Minnesota Lynx,the-odds-api,2026-07-29T15:28:23.057217+00:00
2026-07-29,ba08696dc9c287df669bc353e504f1be,Kayla McBride,,,Minnesota Lynx @ Toronto Tempo,,player_points,pts,17.5,-113.5,-115.5,,,2,sportsbook,2026-07-31T00:10:00Z,Toronto Tempo,Minnesota Lynx,the-odds-api,2026-07-29T15:28:23.057217+00:00
2026-07-29,ba08696dc9c287df669bc353e504f1be,Courtney Williams,,,Minnesota Lynx @ Toronto Tempo,,player_points,pts,11.5,-2.0,-128.5,,,2,sportsbook,2026-07-31T00:10:00Z,Toronto Tempo,Minnesota Lynx,the-odds-api,2026-07-29T15:28:23.057217+00:00
2026-07-29,ba08696dc9c287df669bc353e504f1be,Marina Mabrey,,,Minnesota Lynx @ Toronto Tempo,,player_points_assists,pa,25.5,-110.5,-122.0,,,2,sportsbook,2026-07-31T00:10:00Z,Toronto Tempo,Minnesota Lynx,the-odds-api,2026-07-29T15:28:23.057217+00:00
2026-07-29,ba08696dc9c287df669bc353e504f1be,Olivia Miles,,,Minnesota Lynx @ Toronto Tempo,,player_points_assists,pa,25.5,-111.5,-120.0,,,2,sportsbook,2026-07-31T00:10:00Z,Toronto Tempo,Minnesota Lynx,the-odds-api,2026-07-29T15:28:23.057217+00:00
2026-07-29,ba08696dc9c287df669bc353e504f1be,Napheesa Collier,,,Minnesota Lynx @ Toronto Tempo,,player_points_assists,pa,21.5,-117.0,-113.5,,,2,sportsbook,2026-07-31T00:10:00Z,Toronto Tempo,Minnesota Lynx,the-odds-api,2026-07-29T15:28:23.057217+00:00
2026-07-29,ba08696dc9c287df669bc353e504f1be,Kayla McBride,,,Minnesota Lynx @ Toronto Tempo,,player_points_assists,pa,19.5,-126.0,-108.0,,,1,sportsbook,2026-07-31T00:10:00Z,Toronto Tempo,Minnesota Lynx,the-odds-api,2026-07-29T15:28:23.057217+00:00
2026-07-29,ba08696dc9c287df669bc353e504f1be,Courtney Williams,,,Minnesota Lynx @ Toronto Tempo,,player_points_assists,pa,15.5,-109.5,-122.5,,,2,sportsbook,2026-07-31T00:10:00Z,Toronto Tempo,Minnesota Lynx,the-odds-api,2026-07-29T15:28:23.057217+00:00
2026-07-29,ba08696dc9c287df669bc353e504f1be,Napheesa Collier,,,Minnesota Lynx @ Toronto Tempo,,player_points_rebounds,pr,26.5,-112.5,-119.0,,,2,sportsbook,2026-07-31T00:10:00Z,Toronto Tempo,Minnesota Lynx,the-odds-api,2026-07-29T15:28:23.057217+00:00
2026-07-29,ba08696dc9c287df669bc353e504f1be,Marina Mabrey,,,Minnesota Lynx @ Toronto Tempo,,player_points_rebounds,pr,25.5,-106.0,-128.0,,,1,sportsbook,2026-07-31T00:10:00Z,Toronto Tempo,Minnesota Lynx,the-odds-api,2026-07-29T15:28:23.057217+00:00
2026-07-29,ba08696dc9c287df669bc353e504f1be,Olivia Miles,,,Minnesota Lynx @ Toronto Tempo,,player_points_rebounds,pr,22.5,-119.5,-112.0,,,2,sportsbook,2026-07-31T00:10:00Z,Toronto Tempo,Minnesota Lynx,the-odds-api,2026-07-29T15:28:23.057217+00:00
2026-07-29,ba08696dc9c287df669bc353e504f1be,Kayla McBride,,,Minnesota Lynx @ Toronto Tempo,,player_points_rebounds,pr,19.5,-130.0,-105.0,,,1,sportsbook,2026-07-31T00:10:00Z,Toronto Tempo,Minnesota Lynx,the-odds-api,2026-07-29T15:28:23.057217+00:00
2026-07-29,ba08696dc9c287df669bc353e504f1be,Courtney Williams,,,Minnesota Lynx @ Toronto Tempo,,player_points_rebounds,pr,15.5,-122.0,-110.0,,,2,sportsbook,2026-07-31T00:10:00Z,Toronto Tempo,Minnesota Lynx,the-odds-api,2026-07-29T15:28:23.057217+00:00
2026-07-29,ba08696dc9c287df669bc353e504f1be,Olivia Miles,,,Minnesota Lynx @ Toronto Tempo,,player_points_rebounds_assists,pra,30.5,-106.0,-126.5,,,2,sportsbook,2026-07-31T00:10:00Z,Toronto Tempo,Minnesota Lynx,the-odds-api,2026-07-29T15:28:23.057217+00:00
2026-07-29,ba08696dc9c287df669bc353e504f1be,Marina Mabrey,,,Minnesota Lynx @ Toronto Tempo,,player_points_rebounds_assists,pra,29.5,-107.0,-127.0,,,1,sportsbook,2026-07-31T00:10:00Z,Toronto Tempo,Minnesota Lynx,the-odds-api,2026-07-29T15:28:23.057217+00:00
2026-07-29,ba08696dc9c287df669bc353e504f1be,Napheesa Collier,,,Minnesota Lynx @ Toronto Tempo,,player_points_rebounds_assists,pra,28.5,-122.5,-109.5,,,2,sportsbook,2026-07-31T00:10:00Z,Toronto Tempo,Minnesota Lynx,the-odds-api,2026-07-29T15:28:23.057217+00:00
2026-07-29,ba08696dc9c287df669bc353e504f1be,Kayla McBride,,,Minnesota Lynx @ Toronto Tempo,,player_points_rebounds_assists,pra,22.5,-116.0,-115.5,,,2,sportsbook,2026-07-31T00:10:00Z,Toronto Tempo,Minnesota Lynx,the-odds-api,2026-07-29T15:28:23.057217+00:00
2026-07-29,ba08696dc9c287df669bc353e504f1be,Courtney Williams,,,Minnesota Lynx @ Toronto Tempo,,player_points_rebounds_assists,pra,19.5,-127.5,-105.5,,,2,sportsbook,2026-07-31T00:10:00Z,Toronto Tempo,Minnesota Lynx,the-odds-api,2026-07-29T15:28:23.057217+00:00
2026-07-29,ba08696dc9c287df669bc353e504f1be,Napheesa Collier,,,Minnesota Lynx @ Toronto Tempo,,player_rebounds,reb,6.5,-155.0,114.0,,,1,sportsbook,2026-07-31T00:10:00Z,Toronto Tempo,Minnesota Lynx,the-odds-api,2026-07-29T15:28:23.057217+00:00
2026-07-29,ba08696dc9c287df669bc353e504f1be,Olivia Miles,,,Minnesota Lynx @ Toronto Tempo,,player_rebounds,reb,4.5,-115.5,-115.0,,,2,sportsbook,2026-07-31T00:10:00Z,Toronto Tempo,Minnesota Lynx,the-odds-api,2026-07-29T15:28:23.057217+00:00
2026-07-29,ba08696dc9c287df669bc353e504f1be,Courtney Williams,,,Minnesota Lynx @ Toronto Tempo,,player_rebounds,reb,4.5,101.0,-136.5,,,2,sportsbook,2026-07-31T00:10:00Z,Toronto Tempo,Minnesota Lynx,the-odds-api,2026-07-29T15:28:23.057217+00:00
2026-07-29,ba08696dc9c287df669bc353e504f1be,Marina Mabrey,,,Minnesota Lynx @ Toronto Tempo,,player_rebounds,reb,3.5,-112.5,-118.0,,,2,sportsbook,2026-07-31T00:10:00Z,Toronto Tempo,Minnesota Lynx,the-odds-api,2026-07-29T15:28:23.057217+00:00
2026-07-29,ba08696dc9c287df669bc353e504f1be,Kayla McBride,,,Minnesota Lynx @ Toronto Tempo,,player_rebounds,reb,2.5,-101.5,-132.5,,,2,sportsbook,2026-07-31T00:10:00Z,Toronto Tempo,Minnesota Lynx,the-odds-api,2026-07-29T15:28:23.057217+00:00
2026-07-29,ba08696dc9c287df669bc353e504f1be,Olivia Miles,,,Minnesota Lynx @ Toronto Tempo,,player_rebounds_assists,ra,11.5,-132.5,-1.0,,,2,sportsbook,2026-07-31T00:10:00Z,Toronto Tempo,Minnesota Lynx,the-odds-api,2026-07-29T15:28:23.057217+00:00
2026-07-29,ba08696dc9c287df669bc353e504f1be,Napheesa Collier,,,Minnesota Lynx @ Toronto Tempo,,player_rebounds_assists,ra,9.5,-112.0,-118.5,,,2,sportsbook,2026-07-31T00:10:00Z,Toronto Tempo,Minnesota Lynx,the-odds-api,2026-07-29T15:28:23.057217+00:00
2026-07-29,ba08696dc9c287df669bc353e504f1be,Courtney Williams,,,Minnesota Lynx @ Toronto Tempo,,player_rebounds_assists,ra,8.5,-110.5,-121.5,,,2,sportsbook,2026-07-31T00:10:00Z,Toronto Tempo,Minnesota Lynx,the-odds-api,2026-07-29T15:28:23.057217+00:00
2026-07-29,ba08696dc9c287df669bc353e504f1be,Marina Mabrey,,,Minnesota Lynx @ Toronto Tempo,,player_rebounds_assists,ra,7.5,-108.5,-123.5,,,2,sportsbook,2026-07-31T00:10:00Z,Toronto Tempo,Minnesota Lynx,the-odds-api,2026-07-29T15:28:23.057217+00:00
2026-07-29,ba08696dc9c287df669bc353e504f1be,Marina Mabrey,,,Minnesota Lynx @ Toronto Tempo,,player_threes,threes,2.5,-166.0,123.0,,,2,sportsbook,2026-07-31T00:10:00Z,Toronto Tempo,Minnesota Lynx,the-odds-api,2026-07-29T15:28:23.057217+00:00
2026-07-29,ba08696dc9c287df669bc353e504f1be,Kayla McBride,,,Minnesota Lynx @ Toronto Tempo,,player_threes,threes,2.5,-157.5,117.0,,,2,sportsbook,2026-07-31T00:10:00Z,Toronto Tempo,Minnesota Lynx,the-odds-api,2026-07-29T15:28:23.057217+00:00
2026-07-29,ba08696dc9c287df669bc353e504f1be,Olivia Miles,,,Minnesota Lynx @ Toronto Tempo,,player_threes,threes,1.5,128.5,-174.5,,,2,sportsbook,2026-07-31T00:10:00Z,Toronto Tempo,Minnesota Lynx,the-odds-api,2026-07-29T15:28:23.057217+00:00
2026-07-29,ba08696dc9c287df669bc353e504f1be,Napheesa Collier,,,Minnesota Lynx @ Toronto Tempo,,player_threes,threes,1.5,140.0,-190.5,,,2,sportsbook,2026-07-31T00:10:00Z,Toronto Tempo,Minnesota Lynx,the-odds-api,2026-07-29T15:28:23.057217+00:00
2026-07-29,ba08696dc9c287df669bc353e504f1be,Courtney Williams,,,Minnesota Lynx @ Toronto Tempo,,player_threes,threes,0.5,-232.0,168.0,,,2,sportsbook,2026-07-31T00:10:00Z,Toronto Tempo,Minnesota Lynx,the-odds-api,2026-07-29T15:28:23.057217+00:00
2026-07-29,ba08696dc9c287df669bc353e504f1be,Courtney Williams,,,Minnesota Lynx @ Toronto Tempo,,player_assists,ast,4.5,134.0,-180.0,,,1,sportsbook,2026-07-31T00:10:00Z,Toronto Tempo,Minnesota Lynx,the-odds-api,2026-07-29T15:28:23.057217+00:00
2026-07-29,ba08696dc9c287df669bc353e504f1be,Kayla McBride,,,Minnesota Lynx @ Toronto Tempo,,player_points_assists,pa,20.5,100.0,-132.0,,,1,sportsbook,2026-07-31T00:10:00Z,Toronto Tempo,Minnesota Lynx,the-odds-api,2026-07-29T15:28:23.057217+00:00
2026-07-29,ba08696dc9c287df669bc353e504f1be,Kayla McBride,,,Minnesota Lynx @ Toronto Tempo,,player_points_rebounds,pr,20.5,-102.0,-130.0,,,1,sportsbook,2026-07-31T00:10:00Z,Toronto Tempo,Minnesota Lynx,the-odds-api,2026-07-29T15:28:23.057217+00:00
2026-07-29,ba08696dc9c287df669bc353e504f1be,Marina Mabrey,,,Minnesota Lynx @ Toronto Tempo,,player_points_rebounds,pr,24.5,-125.0,-106.0,,,1,sportsbook,2026-07-31T00:10:00Z,Toronto Tempo,Minnesota Lynx,the-odds-api,2026-07-29T15:28:23.057217+00:00
2026-07-29,ba08696dc9c287df669bc353e504f1be,Marina Mabrey,,,Minnesota Lynx @ Toronto Tempo,,player_points_rebounds_assists,pra,28.5,-128.0,-104.0,,,1,sportsbook,2026-07-31T00:10:00Z,Toronto Tempo,Minnesota Lynx,the-odds-api,2026-07-29T15:28:23.057217+00:00
2026-07-29,ba08696dc9c287df669bc353e504f1be,Napheesa Collier,,,Minnesota Lynx @ Toronto Tempo,,player_rebounds,reb,7.5,120.0,-160.0,,,1,sportsbook,2026-07-31T00:10:00Z,Toronto Tempo,Minnesota Lynx,the-odds-api,2026-07-29T15:28:23.057217+00:00
2026-07-29,ba08696dc9c287df669bc353e504f1be,Kayla McBride,,,Minnesota Lynx @ Toronto Tempo,,player_rebounds_assists,ra,4.5,-154.0,116.0,,,1,sportsbook,2026-07-31T00:10:00Z,Toronto Tempo,Minnesota Lynx,the-odds-api,2026-07-29T15:28:23.057217+00:00
2026-07-29,86a42225bc8fb8c6d5c57f0732338c65,Jackie Young,,,New York Liberty @ Las Vegas Aces,,player_assists,ast,7.5,111.0,-151.0,,,1,sportsbook,2026-07-31T02:10:00Z,Las Vegas Aces,New York Liberty,the-odds-api,2026-07-29T15:28:24.558924+00:00
2026-07-29,86a42225bc8fb8c6d5c57f0732338c65,Chelsea Gray,,,New York Liberty @ Las Vegas Aces,,player_assists,ast,6.5,-116.5,-114.0,,,2,sportsbook,2026-07-31T02:10:00Z,Las Vegas Aces,New York Liberty,the-odds-api,2026-07-29T15:28:24.558924+00:00
2026-07-29,86a42225bc8fb8c6d5c57f0732338c65,Sabrina Ionescu,,,New York Liberty @ Las Vegas Aces,,player_assists,ast,5.5,-111.5,-119.5,,,2,sportsbook,2026-07-31T02:10:00Z,Las Vegas Aces,New York Liberty,the-odds-api,2026-07-29T15:28:24.558924+00:00
2026-07-29,86a42225bc8fb8c6d5c57f0732338c65,A'ja Wilson,,,New York Liberty @ Las Vegas Aces,,player_assists,ast,3.5,-0.5,-133.0,,,2,sportsbook,2026-07-31T02:10:00Z,Las Vegas Aces,New York Liberty,the-odds-api,2026-07-29T15:28:24.558924+00:00
2026-07-29,86a42225bc8fb8c6d5c57f0732338c65,Breanna Stewart,,,New York Liberty @ Las Vegas Aces,,player_assists,ast,3.5,112.5,-151.0,,,2,sportsbook,2026-07-31T02:10:00Z,Las Vegas Aces,New York Liberty,the-odds-api,2026-07-29T15:28:24.558924+00:00
2026-07-29,86a42225bc8fb8c6d5c57f0732338c65,Jonquel Jones,,,New York Liberty @ Las Vegas Aces,,player_assists,ast,2.5,124.0,-167.5,,,2,sportsbook,2026-07-31T02:10:00Z,Las Vegas Aces,New York Liberty,the-odds-api,2026-07-29T15:28:24.558924+00:00
2026-07-29,86a42225bc8fb8c6d5c57f0732338c65,A'ja Wilson,,,New York Liberty @ Las Vegas Aces,,player_points,pts,25.5,-122.5,-7.5,,,2,sportsbook,2026-07-31T02:10:00Z,Las Vegas Aces,New York Liberty,the-odds-api,2026-07-29T15:28:24.558924+00:00
2026-07-29,86a42225bc8fb8c6d5c57f0732338c65,Breanna Stewart,,,New York Liberty @ Las Vegas Aces,,player_points,pts,20.5,-119.5,-110.0,,,2,sportsbook,2026-07-31T02:10:00Z,Las Vegas Aces,New York Liberty,the-odds-api,2026-07-29T15:28:24.558924+00:00
2026-07-29,86a42225bc8fb8c6d5c57f0732338c65,Sabrina Ionescu,,,New York Liberty @ Las Vegas Aces,,player_points,pts,18.5,-126.5,-104.0,,,2,sportsbook,2026-07-31T02:10:00Z,Las Vegas Aces,New York Liberty,the-odds-api,2026-07-29T15:28:24.558924+00:00
2026-07-29,86a42225bc8fb8c6d5c57f0732338c65,Jackie Young,,,New York Liberty @ Las Vegas Aces,,player_points,pts,17.5,-117.5,-111.5,,,2,sportsbook,2026-07-31T02:10:00Z,Las Vegas Aces,New York Liberty,the-odds-api,2026-07-29T15:28:24.558924+00:00
2026-07-29,86a42225bc8fb8c6d5c57f0732338c65,Jonquel Jones,,,New York Liberty @ Las Vegas Aces,,player_points,pts,13.5,-115.0,-114.0,,,2,sportsbook,2026-07-31T02:10:00Z,Las Vegas Aces,New York Liberty,the-odds-api,2026-07-29T15:28:24.558924+00:00
2026-07-29,86a42225bc8fb8c6d5c57f0732338c65,Chelsea Gray,,,New York Liberty @ Las Vegas Aces,,player_points,pts,11.5,-123.5,-106.5,,,2,sportsbook,2026-07-31T02:10:00Z,Las Vegas Aces,New York Liberty,the-odds-api,2026-07-29T15:28:24.558924+00:00
2026-07-29,86a42225bc8fb8c6d5c57f0732338c65,A'ja Wilson,,,New York Liberty @ Las Vegas Aces,,player_points_assists,pa,29.5,-115.5,-116.0,,,2,sportsbook,2026-07-31T02:10:00Z,Las Vegas Aces,New York Liberty,the-odds-api,2026-07-29T15:28:24.558924+00:00
2026-07-29,86a42225bc8fb8c6d5c57f0732338c65,Jackie Young,,,New York Liberty @ Las Vegas Aces,,player_points_assists,pa,24.5,-124.0,-109.0,,,1,sportsbook,2026-07-31T02:10:00Z,Las Vegas Aces,New York Liberty,the-odds-api,2026-07-29T15:28:24.558924+00:00
2026-07-29,86a42225bc8fb8c6d5c57f0732338c65,Sabrina Ionescu,,,New York Liberty @ Las Vegas Aces,,player_points_assists,pa,24.5,-122.0,-110.0,,,2,sportsbook,2026-07-31T02:10:00Z,Las Vegas Aces,New York Liberty,the-odds-api,2026-07-29T15:28:24.558924+00:00
2026-07-29,86a42225bc8fb8c6d5c57f0732338c65,Breanna Stewart,,,New York Liberty @ Las Vegas Aces,,player_points_assists,pa,23.5,-127.0,-107.0,,,1,sportsbook,2026-07-31T02:10:00Z,Las Vegas Aces,New York Liberty,the-odds-api,2026-07-29T15:28:24.558924+00:00
2026-07-29,86a42225bc8fb8c6d5c57f0732338c65,Chelsea Gray,,,New York Liberty @ Las Vegas Aces,,player_points_assists,pa,18.5,-120.0,-111.5,,,2,sportsbook,2026-07-31T02:10:00Z,Las Vegas Aces,New York Liberty,the-odds-api,2026-07-29T15:28:24.558924+00:00
2026-07-29,86a42225bc8fb8c6d5c57f0732338c65,Jonquel Jones,,,New York Liberty @ Las Vegas Aces,,player_points_assists,pa,15.5,-129.0,-4.0,,,2,sportsbook,2026-07-31T02:10:00Z,Las Vegas Aces,New York Liberty,the-odds-api,2026-07-29T15:28:24.558924+00:00
2026-07-29,86a42225bc8fb8c6d5c57f0732338c65,A'ja Wilson,,,New York Liberty @ Las Vegas Aces,,player_points_rebounds,pr,35.5,-125.0,-109.0,,,1,sportsbook,2026-07-31T02:10:00Z,Las Vegas Aces,New York Liberty,the-odds-api,2026-07-29T15:28:24.558924+00:00
2026-07-29,86a42225bc8fb8c6d5c57f0732338c65,Breanna Stewart,,,New York Liberty @ Las Vegas Aces,,player_points_rebounds,pr,28.5,-122.0,-111.0,,,1,sportsbook,2026-07-31T02:10:00Z,Las Vegas Aces,New York Liberty,the-odds-api,2026-07-29T15:28:24.558924+00:00
2026-07-29,86a42225bc8fb8c6d5c57f0732338c65,Sabrina Ionescu,,,New York Liberty @ Las Vegas Aces,,player_points_rebounds,pr,23.5,-107.0,-125.5,,,2,sportsbook,2026-07-31T02:10:00Z,Las Vegas Aces,New York Liberty,the-odds-api,2026-07-29T15:28:24.558924+00:00
2026-07-29,86a42225bc8fb8c6d5c57f0732338c65,Jonquel Jones,,,New York Liberty @ Las Vegas Aces,,player_points_rebounds,pr,22.5,-119.0,-114.0,,,1,sportsbook,2026-07-31T02:10:00Z,Las Vegas Aces,New York Liberty,the-odds-api,2026-07-29T15:28:24.558924+00:00
2026-07-29,86a42225bc8fb8c6d5c57f0732338c65,Jackie Young,,,New York Liberty @ Las Vegas Aces,,player_points_rebounds,pr,21.5,-121.0,-112.0,,,1,sportsbook,2026-07-31T02:10:00Z,Las Vegas Aces,New York Liberty,the-odds-api,2026-07-29T15:28:24.558924+00:00
2026-07-29,86a42225bc8fb8c6d5c57f0732338c65,Chelsea Gray,,,New York Liberty @ Las Vegas Aces,,player_points_rebounds,pr,15.5,-105.0,-129.0,,,1,sportsbook,2026-07-31T02:10:00Z,Las Vegas Aces,New York Liberty,the-odds-api,2026-07-29T15:28:24.558924+00:00
2026-07-29,86a42225bc8fb8c6d5c57f0732338c65,A'ja Wilson,,,New York Liberty @ Las Vegas Aces,,player_points_rebounds_assists,pra,39.5,-119.0,-112.5,,,2,sportsbook,2026-07-31T02:10:00Z,Las Vegas Aces,New York Liberty,the-odds-api,2026-07-29T15:28:24.558924+00:00
2026-07-29,86a42225bc8fb8c6d5c57f0732338c65,Breanna Stewart,,,New York Liberty @ Las Vegas Aces,,player_points_rebounds_assists,pra,32.5,-114.5,-117.0,,,2,sportsbook,2026-07-31T02:10:00Z,Las Vegas Aces,New York Liberty,the-odds-api,2026-07-29T15:28:24.558924+00:00
2026-07-29,86a42225bc8fb8c6d5c57f0732338c65,Jackie Young,,,New York Liberty @ Las Vegas Aces,,player_points_rebounds_assists,pra,29.5,-108.0,-124.5,,,2,sportsbook,2026-07-31T02:10:00Z,Las Vegas Aces,New York Liberty,the-odds-api,2026-07-29T15:28:24.558924+00:00
2026-07-29,86a42225bc8fb8c6d5c57f0732338c65,Sabrina Ionescu,,,New York Liberty @ Las Vegas Aces,,player_points_rebounds_assists,pra,28.5,-125.0,-109.0,,,1,sportsbook,2026-07-31T02:10:00Z,Las Vegas Aces,New York Liberty,the-odds-api,2026-07-29T15:28:24.558924+00:00
2026-07-29,86a42225bc8fb8c6d5c57f0732338c65,Jonquel Jones,,,New York Liberty @ Las Vegas Aces,,player_points_rebounds_assists,pra,24.5,-126.0,-108.0,,,1,sportsbook,2026-07-31T02:10:00Z,Las Vegas Aces,New York Liberty,the-odds-api,2026-07-29T15:28:24.558924+00:00
2026-07-29,86a42225bc8fb8c6d5c57f0732338c65,Chelsea Gray,,,New York Liberty @ Las Vegas Aces,,player_points_rebounds_assists,pra,21.5,-125.0,-107.5,,,2,sportsbook,2026-07-31T02:10:00Z,Las Vegas Aces,New York Liberty,the-odds-api,2026-07-29T15:28:24.558924+00:00
2026-07-29,86a42225bc8fb8c6d5c57f0732338c65,A'ja Wilson,,,New York Liberty @ Las Vegas Aces,,player_rebounds,reb,10.5,106.0,-144.0,,,1,sportsbook,2026-07-31T02:10:00Z,Las Vegas Aces,New York Liberty,the-odds-api,2026-07-29T15:28:24.558924+00:00
2026-07-29,86a42225bc8fb8c6d5c57f0732338c65,Jonquel Jones,,,New York Liberty @ Las Vegas Aces,,player_rebounds,reb,8.5,-145.5,108.5,,,2,sportsbook,2026-07-31T02:10:00Z,Las Vegas Aces,New York Liberty,the-odds-api,2026-07-29T15:28:24.558924+00:00
2026-07-29,86a42225bc8fb8c6d5c57f0732338c65,Breanna Stewart,,,New York Liberty @ Las Vegas Aces,,player_rebounds,reb,8.5,114.0,-154.0,,,2,sportsbook,2026-07-31T02:10:00Z,Las Vegas Aces,New York Liberty,the-odds-api,2026-07-29T15:28:24.558924+00:00
2026-07-29,86a42225bc8fb8c6d5c57f0732338c65,Sabrina Ionescu,,,New York Liberty @ Las Vegas Aces,,player_rebounds,reb,4.5,123.5,-167.0,,,2,sportsbook,2026-07-31T02:10:00Z,Las Vegas Aces,New York Liberty,the-odds-api,2026-07-29T15:28:24.558924+00:00
2026-07-29,86a42225bc8fb8c6d5c57f0732338c65,Jackie Young,,,New York Liberty @ Las Vegas Aces,,player_rebounds,reb,3.5,-167.0,122.0,,,1,sportsbook,2026-07-31T02:10:00Z,Las Vegas Aces,New York Liberty,the-odds-api,2026-07-29T15:28:24.558924+00:00
2026-07-29,86a42225bc8fb8c6d5c57f0732338c65,Chelsea Gray,,,New York Liberty @ Las Vegas Aces,,player_rebounds,reb,3.5,123.0,-168.0,,,1,sportsbook,2026-07-31T02:10:00Z,Las Vegas Aces,New York Liberty,the-odds-api,2026-07-29T15:28:24.558924+00:00
2026-07-29,86a42225bc8fb8c6d5c57f0732338c65,A'ja Wilson,,,New York Liberty @ Las Vegas Aces,,player_rebounds_assists,ra,13.5,-116.0,-116.0,,,2,sportsbook,2026-07-31T02:10:00Z,Las Vegas Aces,New York Liberty,the-odds-api,2026-07-29T15:28:24.558924+00:00
2026-07-29,86a42225bc8fb8c6d5c57f0732338c65,Breanna Stewart,,,New York Liberty @ Las Vegas Aces,,player_rebounds_assists,ra,11.5,-113.5,-117.0,,,2,sportsbook,2026-07-31T02:10:00Z,Las Vegas Aces,New York Liberty,the-odds-api,2026-07-29T15:28:24.558924+00:00
2026-07-29,86a42225bc8fb8c6d5c57f0732338c65,Jackie Young,,,New York Liberty @ Las Vegas Aces,,player_rebounds_assists,ra,11.5,-102.5,-131.0,,,2,sportsbook,2026-07-31T02:10:00Z,Las Vegas Aces,New York Liberty,the-odds-api,2026-07-29T15:28:24.558924+00:00
2026-07-29,86a42225bc8fb8c6d5c57f0732338c65,Jonquel Jones,,,New York Liberty @ Las Vegas Aces,,player_rebounds_assists,ra,11.5,-7.0,-125.0,,,2,sportsbook,2026-07-31T02:10:00Z,Las Vegas Aces,New York Liberty,the-odds-api,2026-07-29T15:28:24.558924+00:00
2026-07-29,86a42225bc8fb8c6d5c57f0732338c65,Chelsea Gray,,,New York Liberty @ Las Vegas Aces,,player_rebounds_assists,ra,9.5,-128.5,-5.0,,,2,sportsbook,2026-07-31T02:10:00Z,Las Vegas Aces,New York Liberty,the-odds-api,2026-07-29T15:28:24.558924+00:00
2026-07-29,86a42225bc8fb8c6d5c57f0732338c65,Sabrina Ionescu,,,New York Liberty @ Las Vegas Aces,,player_rebounds_assists,ra,9.5,-127.5,-5.0,,,2,sportsbook,2026-07-31T02:10:00Z,Las Vegas Aces,New York Liberty,the-odds-api,2026-07-29T15:28:24.558924+00:00
2026-07-29,86a42225bc8fb8c6d5c57f0732338c65,Sabrina Ionescu,,,New York Liberty @ Las Vegas Aces,,player_threes,threes,2.5,-110.5,-121.0,,,2,sportsbook,2026-07-31T02:10:00Z,Las Vegas Aces,New York Liberty,the-odds-api,2026-07-29T15:28:24.558924+00:00
2026-07-29,86a42225bc8fb8c6d5c57f0732338c65,Jackie Young,,,New York Liberty @ Las Vegas Aces,,player_threes,threes,1.5,-181.0,133.5,,,2,sportsbook,2026-07-31T02:10:00Z,Las Vegas Aces,New York Liberty,the-odds-api,2026-07-29T15:28:24.558924+00:00
2026-07-29,86a42225bc8fb8c6d5c57f0732338c65,Jonquel Jones,,,New York Liberty @ Las Vegas Aces,,player_threes,threes,1.5,-139.0,103.0,,,2,sportsbook,2026-07-31T02:10:00Z,Las Vegas Aces,New York Liberty,the-odds-api,2026-07-29T15:28:24.558924+00:00
2026-07-29,86a42225bc8fb8c6d5c57f0732338c65,Chelsea Gray,,,New York Liberty @ Las Vegas Aces,,player_threes,threes,1.5,-129.5,-103.5,,,2,sportsbook,2026-07-31T02:10:00Z,Las Vegas Aces,New York Liberty,the-odds-api,2026-07-29T15:28:24.558924+00:00
2026-07-29,86a42225bc8fb8c6d5c57f0732338c65,Breanna Stewart,,,New York Liberty @ Las Vegas Aces,,player_threes,threes,1.5,171.0,-236.0,,,1,sportsbook,2026-07-31T02:10:00Z,Las Vegas Aces,New York Liberty,the-odds-api,2026-07-29T15:28:24.558924+00:00
2026-07-29,86a42225bc8fb8c6d5c57f0732338c65,A'ja Wilson,,,New York Liberty @ Las Vegas Aces,,player_threes,threes,0.5,-223.0,162.0,,,2,sportsbook,2026-07-31T02:10:00Z,Las Vegas Aces,New York Liberty,the-odds-api,2026-07-29T15:28:24.558924+00:00
2026-07-29,86a42225bc8fb8c6d5c57f0732338c65,Jackie Young,,,New York Liberty @ Las Vegas Aces,,player_assists,ast,6.5,-158.0,118.0,,,1,sportsbook,2026-07-31T02:10:00Z,Las Vegas Aces,New York Liberty,the-odds-api,2026-07-29T15:28:24.558924+00:00
2026-07-29,86a42225bc8fb8c6d5c57f0732338c65,Jackie Young,,,New York Liberty @ Las Vegas Aces,,player_points_assists,pa,25.5,-102.0,-130.0,,,1,sportsbook,2026-07-31T02:10:00Z,Las Vegas Aces,New York Liberty,the-odds-api,2026-07-29T15:28:24.558924+00:00
2026-07-29,86a42225bc8fb8c6d5c57f0732338c65,Breanna Stewart,,,New York Liberty @ Las Vegas Aces,,player_points_assists,pa,24.5,-110.0,-120.0,,,1,sportsbook,2026-07-31T02:10:00Z,Las Vegas Aces,New York Liberty,the-odds-api,2026-07-29T15:28:24.558924+00:00
2026-07-29,86a42225bc8fb8c6d5c57f0732338c65,Jackie Young,,,New York Liberty @ Las Vegas Aces,,player_points_rebounds,pr,22.5,-102.0,-130.0,,,1,sportsbook,2026-07-31T02:10:00Z,Las Vegas Aces,New York Liberty,the-odds-api,2026-07-29T15:28:24.558924+00:00
2026-07-29,86a42225bc8fb8c6d5c57f0732338c65,Breanna Stewart,,,New York Liberty @ Las Vegas Aces,,player_points_rebounds,pr,29.5,-108.0,-122.0,,,1,sportsbook,2026-07-31T02:10:00Z,Las Vegas Aces,New York Liberty,the-odds-api,2026-07-29T15:28:24.558924+00:00
2026-07-29,86a42225bc8fb8c6d5c57f0732338c65,A'ja Wilson,,,New York Liberty @ Las Vegas Aces,,player_points_rebounds,pr,36.5,-106.0,-125.0,,,1,sportsbook,2026-07-31T02:10:00Z,Las Vegas Aces,New York Liberty,the-odds-api,2026-07-29T15:28:24.558924+00:00
2026-07-29,86a42225bc8fb8c6d5c57f0732338c65,Chelsea Gray,,,New York Liberty @ Las Vegas Aces,,player_points_rebounds,pr,14.5,-130.0,-102.0,,,1,sportsbook,2026-07-31T02:10:00Z,Las Vegas Aces,New York Liberty,the-odds-api,2026-07-29T15:28:24.558924+00:00
2026-07-29,86a42225bc8fb8c6d5c57f0732338c65,Jonquel Jones,,,New York Liberty @ Las Vegas Aces,,player_points_rebounds_assists,pra,25.5,-106.0,-125.0,,,1,sportsbook,2026-07-31T02:10:00Z,Las Vegas Aces,New York Liberty,the-odds-api,2026-07-29T15:28:24.558924+00:00
2026-07-29,86a42225bc8fb8c6d5c57f0732338c65,Sabrina Ionescu,,,New York Liberty @ Las Vegas Aces,,player_points_rebounds_assists,pra,29.5,-102.0,-130.0,,,1,sportsbook,2026-07-31T02:10:00Z,Las Vegas Aces,New York Liberty,the-odds-api,2026-07-29T15:28:24.558924+00:00
2026-07-29,86a42225bc8fb8c6d5c57f0732338c65,Chelsea Gray,,,New York Liberty @ Las Vegas Aces,,player_rebounds,reb,2.5,-180.0,134.0,,,1,sportsbook,2026-07-31T02:10:00Z,Las Vegas Aces,New York Liberty,the-odds-api,2026-07-29T15:28:24.558924+00:00
2026-07-29,86a42225bc8fb8c6d5c57f0732338c65,Jackie Young,,,New York Liberty @ Las Vegas Aces,,player_rebounds,reb,4.5,120.0,-160.0,,,1,sportsbook,2026-07-31T02:10:00Z,Las Vegas Aces,New York Liberty,the-odds-api,2026-07-29T15:28:24.558924+00:00
2026-07-29,86a42225bc8fb8c6d5c57f0732338c65,A'ja Wilson,,,New York Liberty @ Las Vegas Aces,,player_rebounds,reb,9.5,-146.0,110.0,,,1,sportsbook,2026-07-31T02:10:00Z,Las Vegas Aces,New York Liberty,the-odds-api,2026-07-29T15:28:24.558924+00:00
2026-07-29,86a42225bc8fb8c6d5c57f0732338c65,Breanna Stewart,,,New York Liberty @ Las Vegas Aces,,player_threes,threes,0.5,-260.0,188.0,,,1,sportsbook,2026-07-31T02:10:00Z,Las Vegas Aces,New York Liberty,the-odds-api,2026-07-29T15:28:24.558924+00:00
